id,mpn,Title,price,Product_Type,Custom_label_0,Custom_label_1,Custom_label_2,Custom_label_3,Custom_label_4
gla_185729,2750AL-A,"Handheld Broadcast Seeder Spreader - Seed, Fertilizer & Ice Melt Dispenser | Nature's Seed",89.99 USD,Planting Aids,planting aid,,50-100,Average Margin,
gla_445878,CV-BGEC-10-LB,"Prairie Native Grass Seed Mix - Erosion Control & Reclamation - 10 lb, Covers 20,000 sq ft | Nature's Seed",199.99 USD,Specialty Seeds > Regional Specialty Seed Mix > California Specialty Seed Mix,specialty,,150-200,High Margin,
gla_445877,CV-BGEC-20-LB-KIT,"Prairie Native Grass Seed Mix - Erosion Control & Reclamation - 20 lb, Covers 40,000 sq ft | Nature's Seed",349.99 USD,Specialty Seeds > Regional Specialty Seed Mix > California Specialty Seed Mix,specialty,,>200,High Margin,
gla_445876,CV-BGEC-50-LB-KIT,"Prairie Native Grass Seed Mix - Erosion Control & Reclamation - 50 lb, Covers 100,000 sq ft | Nature's Seed",899.99 USD,Specialty Seeds > Regional Specialty Seed Mix > California Specialty Seed Mix,specialty,,>200,High Margin,
gla_447331,CV-CHM-25-LB-KIT,"California Native Grass Seed Mix - Habitat Restoration Bunchgrass - 25 lb, Covers 50,000 sq ft | Nature's Seed",1455.88 USD,Pasture Seeds > Pasture Seeds Mix > Native California Forage,pasture,California,>200,High Margin,
gla_447332,CV-CHM-50-LB-KIT,"California Native Grass Seed Mix - Habitat Restoration Bunchgrass - 50 lb, Covers 100,000 sq ft | Nature's Seed",2749.99 USD,Pasture Seeds > Pasture Seeds Mix > Native California Forage,pasture,California,>200,High Margin,
gla_447444,CV-CNEC-25-LB-KIT,"California Erosion Control Seed Mix - Native Slope Stabilization - 25 lb,  | Nature's Seed",926.47 USD,Specialty Seeds > Restoration Seed Mix,specialty,,>200,High Margin,
gla_447445,CV-CNEC-5-LB,"California Erosion Control Seed Mix - Native Slope Stabilization - 5 lb,  | Nature's Seed",205.88 USD,Specialty Seeds > Restoration Seed Mix,specialty,,>200,High Margin,
gla_447446,CV-CNEC-50-LB-KIT,"California Erosion Control Seed Mix - Native Slope Stabilization - 50 lb,  | Nature's Seed",1749.99 USD,Specialty Seeds > Restoration Seed Mix,specialty,,>200,High Margin,
gla_451076,CV-CNFW-10-LB-KIT,"California Fire-Wise Seed Mix - Fire-Resistant Native Plants - 10 lb, Covers 20,000 sq ft | Nature's Seed",688.24 USD,Specialty Seeds > Restoration Seed Mix,specialty,California,>200,High Margin,
gla_451077,CV-CNFW-20-LB-KIT,"California Fire-Wise Seed Mix - Fire-Resistant Native Plants - 20 lb, Covers 40,000 sq ft | Nature's Seed",1299.99 USD,Specialty Seeds > Restoration Seed Mix,specialty,California,>200,High Margin,
gla_451078,CV-CNFW-5-LB,"California Fire-Wise Seed Mix - Fire-Resistant Native Plants - 5 lb, Covers 10,000 sq ft | Nature's Seed",382.35 USD,Specialty Seeds > Restoration Seed Mix,specialty,California,>200,High Margin,
gla_447346,CV-NEC-10-LB,"Native Erosion Control Seed Mix - Arid Region Stabilization - 10 lb, Covers 20,000 sq ft | Nature's Seed",99.99 USD,Specialty Seeds > Restoration Seed Mix,specialty,California,50-100,Average Margin,
gla_447347,CV-NEC-20-LB-KIT,"Native Erosion Control Seed Mix - Arid Region Stabilization - 20 lb, Covers 40,000 sq ft | Nature's Seed",179.99 USD,Specialty Seeds > Restoration Seed Mix,specialty,California,150-200,High Margin,
gla_447348,CV-NEC-50-LB-KIT,"Native Erosion Control Seed Mix - Arid Region Stabilization - 50 lb, Covers 100,000 sq ft | Nature's Seed",429.99 USD,Specialty Seeds > Restoration Seed Mix,specialty,California,>200,High Margin,
gla_445910,PB-ALPACA-10-LB,"Alpaca & Llama Pasture Seed Mix - Low-Sugar Forage Blend - 10 lb, Covers 20,000 sq ft | Nature's Seed",29.99 USD,Pasture Seeds > Pasture Seeds Mix > Mix for Alpaca Forage,pasture,,50-100,Low Margin,
gla_445909,PB-ALPACA-20-LB-KIT,"Alpaca & Llama Pasture Seed Mix - Low-Sugar Forage Blend - 20 lb, Covers 40,000 sq ft | Nature's Seed",49.99 USD,Pasture Seeds > Pasture Seeds Mix > Mix for Alpaca Forage,pasture,,150-200,Low Margin,
gla_445260,PB-ALPACA-50-LB-KIT,"Alpaca & Llama Pasture Seed Mix - Low-Sugar Forage Blend - 50 lb, Covers 100,000 sq ft | Nature's Seed",119.99 USD,Pasture Seeds > Pasture Seeds Mix > Mix for Alpaca Forage,pasture,,>200,Average Margin,
gla_459582,PB-BIRD-10-LB,"Upland Game Bird Food Plot Seed - Duck & Quail Attractor - 10 lb, Covers 5,000 sq ft | Nature's Seed",24.99 USD,Food Plot > Food Plot Mix Wildlife Attractor,pasture,,<50,Low Margin,
gla_459583,PB-BIRD-20-LB-KIT,"Upland Game Bird Food Plot Seed - Duck & Quail Attractor - 20 lb, Covers 10,000 sq ft | Nature's Seed",44.98 USD,Food Plot > Food Plot Mix Wildlife Attractor,pasture,,<50,Low Margin,
gla_459584,PB-BIRD-50-LB-KIT,"Upland Game Bird Food Plot Seed - Duck & Quail Attractor - 50 lb, Covers 25,000 sq ft | Nature's Seed",106.21 USD,Food Plot > Food Plot Mix Wildlife Attractor,pasture,,100-150,Average Margin,
gla_459808,PB-CABIN-10-LB-KIT,"Native Cabin Grass Seed Mix - Pasture & Cabin Lawn Blend - 10 lb, Covers 20,000 sq ft | Nature's Seed",79.19 USD,Native Grass Seed,pasture,,50-100,Average Margin,
gla_459809,PB-CABIN-25-LB-KIT,"Native Cabin Grass Seed Mix - Pasture & Cabin Lawn Blend - 25 lb, Covers 50,000 sq ft | Nature's Seed",218.99 USD,Native Grass Seed,pasture,,>200,High Margin,
gla_460753,PB-CABIN-5-LB,"Native Cabin Grass Seed Mix - Pasture & Cabin Lawn Blend - 5 lb, Covers 10,000 sq ft | Nature's Seed",43.99 USD,Native Grass Seed,pasture,,<50,Low Margin,
gla_445557,PB-CHIX-25-LB-KIT,"Chicken & Poultry Forage Seed Mix - Clover & Alfalfa Blend - 25 lb, Covers 50,000 sq ft | Nature's Seed",89.95 USD,Pasture Seeds > Pasture Seeds Mix > Mix for Poultry Forage,pasture,,>200,Average Margin,
gla_445869,PB-CHIX-5-LB,"Chicken & Poultry Forage Seed Mix - Clover & Alfalfa Blend - 5 lb, Covers 10,000 sq ft | Nature's Seed",19.99 USD,Pasture Seeds > Pasture Seeds Mix > Mix for Poultry Forage,pasture,,50-100,Low Margin,
gla_445261,PB-CHIX-50-LB-KIT,"Chicken & Poultry Forage Seed Mix - Clover & Alfalfa Blend - 50 lb, Covers 100,000 sq ft | Nature's Seed",169.91 USD,Pasture Seeds > Pasture Seeds Mix > Mix for Poultry Forage,pasture,,>200,Average Margin,
gla_445838,PB-CHM-5-LB,"California Native Grass Seed Mix - Habitat Restoration Bunchgrass - 5 lb, Covers 20,000 sq ft | Nature's Seed",323.53 USD,Pasture Seeds > Pasture Seeds Mix > Native California Forage,pasture,California,>200,High Margin,
gla_452950,PB-CHSS-0.5-LB,"Chaparral Sage Scrub Seed Mix - California Native Restoration - 0.5 lb, Covers 500 sq ft | Nature's Seed",37.64 USD,Specialty Seeds > Restoration Seed Mix,specialty,California,<50,Low Margin,
gla_452951,PB-CHSS-1-LB-KIT,"Chaparral Sage Scrub Seed Mix - California Native Restoration - 1 lb, Covers 1000 sq ft | Nature's Seed",67.74 USD,Specialty Seeds > Restoration Seed Mix,specialty,California,50-100,Average Margin,
gla_452952,PB-CHSS-2-LB-KIT,"Chaparral Sage Scrub Seed Mix - California Native Restoration - 2 lb, Covers 2000 sq ft | Nature's Seed",127.99 USD,Specialty Seeds > Restoration Seed Mix,specialty,California,100-150,Average Margin,
gla_459565,PB-CLV-10-LB,"Clover Food Plot Seed Mix - Duck & Quail Cover Crop - 10 lb, Covers 10,000 sq ft | Nature's Seed",47.99 USD,Food Plot > Food Plot Mix Wildlife Attractor,clover,,<50,Low Margin,
gla_459567,PB-CLV-20-LB-KIT,"Clover Food Plot Seed Mix - Duck & Quail Cover Crop - 20 lb, Covers 20,000 sq ft | Nature's Seed",86.38 USD,Food Plot > Food Plot Mix Wildlife Attractor,clover,,50-100,Low Margin,
gla_459566,PB-CLV-50-LB-KIT,"Clover Food Plot Seed Mix - Duck & Quail Cover Crop - 50 lb, Covers 50,000 sq ft | Nature's Seed",203.96 USD,Food Plot > Food Plot Mix Wildlife Attractor,clover,,>200,Average Margin,
gla_452928,PB-COSS-0.5-LB,"Coastal Sage Scrub Seed Mix - California Native Wildflower - 0.5 lb, Covers 2,000 sq ft | Nature's Seed",38.82 USD,Pasture Seeds > Pasture Seeds Mix > Native California Forage,pasture,,<50,Low Margin,
gla_452929,PB-COSS-1-LB-KIT,"Coastal Sage Scrub Seed Mix - California Native Wildflower - 1 lb, Covers 1000 sq ft | Nature's Seed",69.86 USD,Pasture Seeds > Pasture Seeds Mix > Native California Forage,pasture,California,<50,Average Margin,
gla_452930,PB-COSS-2-LB-KIT,"Coastal Sage Scrub Seed Mix - California Native Wildflower - 2 lb, Covers 2000 sq ft | Nature's Seed",131.99 USD,Pasture Seeds > Pasture Seeds Mix > Native California Forage,pasture,California,50-100,Average Margin,
gla_440359,PB-COW-NTR-10-LB,"Cattle Pasture Seed Mix - Cold Season Perennial Forage - 10 lb, Covers 20,000 sq ft | Nature's Seed",39.99 USD,Pasture Seeds > Pasture Seeds Mix > Mix for Cow Forage,pasture,,50-100,Low Margin,
gla_446796,PB-COW-NTR-20-LB-KIT,"Cattle Pasture Seed Mix - Cold Season Perennial Forage - 20 lb, Covers 40,000 sq ft | Nature's Seed",69.99 USD,Pasture Seeds > Pasture Seeds Mix > Mix for Cow Forage,pasture,,>200,Low Margin,
gla_446797,PB-COW-NTR-50-LB-KIT,"Cattle Pasture Seed Mix - Cold Season Perennial Forage - 50 lb, Covers 100,000 sq ft | Nature's Seed",159.99 USD,Pasture Seeds > Pasture Seeds Mix > Mix for Cow Forage,pasture,,>200,Average Margin,
gla_445871,PB-COW-SO-10-LB,"Cattle Pasture Seed Mix - Warm Season Southern Forage - 10 lb, Covers 20,000 sq ft | Nature's Seed",39.99 USD,Pasture Seeds > Pasture Seeds Mix > Mix for Cow Forage,pasture,,50-100,Low Margin,
gla_445870,PB-COW-SO-20-LB-KIT,"Cattle Pasture Seed Mix - Warm Season Southern Forage - 20 lb, Covers 40,000 sq ft | Nature's Seed",69.99 USD,Pasture Seeds > Pasture Seeds Mix > Mix for Cow Forage,pasture,,>200,Low Margin,
gla_445262,PB-COW-SO-50-LB-KIT,"Cattle Pasture Seed Mix - Warm Season Southern Forage - 50 lb, Covers 100,000 sq ft | Nature's Seed",159.99 USD,Pasture Seeds > Pasture Seeds Mix > Mix for Cow Forage,pasture,,>200,Average Margin,
gla_459553,PB-DRY-10-LB,"Dryland Pasture Seed Mix - Drought-Tolerant Forage Grass - 10 lb, Covers 5,000 sq ft | Nature's Seed",50.99 USD,Pasture Seeds > Pasture Seeds Mix,pasture,,50-100,Low Margin,
gla_459555,PB-DRY-20-LB-KIT,"Dryland Pasture Seed Mix - Drought-Tolerant Forage Grass - 20 lb, Covers 25,000 sq ft | Nature's Seed",216.71 USD,Pasture Seeds > Pasture Seeds Mix,pasture,,>200,High Margin,
gla_459554,PB-DRY-50-LB-KIT,"Dryland Pasture Seed Mix - Drought-Tolerant Forage Grass - 50 lb,  | Nature's Seed",91.78 USD,Pasture Seeds > Pasture Seeds Mix,pasture,,100-150,Low Margin,
gla_455517,PB-FULL-10-LB,"Deer Food Plot Seed Mix (Full Potential) - Wildlife Forage Blend - 10 lb, Covers 1,000 sq ft | Nature's Seed",111.99 USD,Food Plot > Food Plot Mix Wildlife Attractor,pasture,,100-150,Average Margin,
gla_455518,PB-FULL-20-LB-KIT,"Deer Food Plot Seed Mix (Full Potential) - Wildlife Forage Blend - 20 lb, Covers 2,000 sq ft | Nature's Seed",201.59 USD,Food Plot > Food Plot Mix Wildlife Attractor,pasture,,>200,High Margin,
gla_455519,PB-FULL-50-LB-KIT,"Deer Food Plot Seed Mix (Full Potential) - Wildlife Forage Blend - 50 lb, Covers 5,000 sq ft | Nature's Seed",475.99 USD,Food Plot > Food Plot Mix Wildlife Attractor,pasture,,>200,High Margin,
gla_445868,PB-GAME-10-LB,"Big Game Food Plot Seed Mix - High-Protein Deer & Livestock - 10 lb, Covers 20,000 sq ft | Nature's Seed",29.99 USD,Pasture Seeds > Pasture Seeds Mix > Mix for Game Food Plot,pasture,,50-100,Low Margin,
gla_445867,PB-GAME-20-LB-KIT,"Big Game Food Plot Seed Mix - High-Protein Deer & Livestock - 20 lb, Covers 40,000 sq ft | Nature's Seed",49.99 USD,Pasture Seeds > Pasture Seeds Mix > Mix for Game Food Plot,pasture,,150-200,Low Margin,
gla_445264,PB-GAME-50-LB-KIT,"Big Game Food Plot Seed Mix - High-Protein Deer & Livestock - 50 lb, Covers 100,000 sq ft | Nature's Seed",119.99 USD,Pasture Seeds > Pasture Seeds Mix > Mix for Game Food Plot,pasture,,>200,Average Margin,
gla_445857,PB-GOAT-TR-10-LB,"Goat Pasture & Forage Mix - 10 lb, Covers 20,000 sq ft | Nature's Seed",49.99 USD,Pasture Seeds > Pasture Seeds Mix > Mix for Goat Forage,pasture,,50-100,Low Margin,
gla_445856,PB-GOAT-TR-20-LB-KIT,"Goat Pasture & Forage Mix - 20 lb, Covers 40,000 sq ft | Nature's Seed",79.99 USD,Pasture Seeds > Pasture Seeds Mix > Mix for Goat Forage,pasture,,150-200,Low Margin,
gla_445278,PB-GOAT-TR-50-LB-KIT,"Goat Pasture & Forage Mix - 50 lb, Covers 100,000 sq ft | Nature's Seed",209.99 USD,Pasture Seeds > Pasture Seeds Mix > Mix for Goat Forage,pasture,,>200,High Margin,
gla_455513,PB-GRSC-10-LB,"Green Screen Food Plot Seed Mix - Deer & Wildlife Cover - 10 lb, Covers 40,000 sq ft | Nature's Seed",35.99 USD,Food Plot > Food Plot Mix Wildlife Attractor,pasture,,<50,Low Margin,
gla_455514,PB-GRSC-20-LB-KIT,"Green Screen Food Plot Seed Mix - Deer & Wildlife Cover - 20 lb, Covers 85,000 sq ft | Nature's Seed",64.79 USD,Food Plot > Food Plot Mix Wildlife Attractor,pasture,,50-100,Average Margin,
gla_455515,PB-GRSC-50-LB-KIT,"Green Screen Food Plot Seed Mix - Deer & Wildlife Cover - 50 lb, Covers 215,000 sq ft | Nature's Seed",152.99 USD,Food Plot > Food Plot Mix Wildlife Attractor,pasture,,150-200,High Margin,
gla_445858,PB-HONEY-25-LB-KIT,"Honey Bee Pollinator Seed Mix - Cover Crop & Forage Habitat - 25 lb, Covers 50,000 sq ft | Nature's Seed",259.99 USD,Pasture Seeds > Pasture Seeds Mix > Mix for Honey Bee Forage,pasture,,>200,High Margin,
gla_445859,PB-HONEY-5-LB,"Honey Bee Pollinator Seed Mix - Cover Crop & Forage Habitat - 5 lb, Covers 10,000 sq ft | Nature's Seed",59.99 USD,Pasture Seeds > Pasture Seeds Mix > Mix for Honey Bee Forage,pasture,,50-100,Low Margin,
gla_445279,PB-HONEY-50-LB-KIT,"Honey Bee Pollinator Seed Mix - Cover Crop & Forage Habitat - 50 lb, Covers 100,000 sq ft | Nature's Seed",499.99 USD,Pasture Seeds > Pasture Seeds Mix > Mix for Honey Bee Forage,pasture,,>200,High Margin,
gla_445861,PB-HRSE-N-10-LB,"Horse Pasture Seed Mix - Cold Season Northern Forage - 10 lb, Covers 20,000 sq ft | Nature's Seed",29.99 USD,Pasture Seeds > Pasture Seeds Mix > Mix for Horse Forage,pasture,,50-100,Low Margin,
gla_445860,PB-HRSE-N-20-LB-KIT,"Horse Pasture Seed Mix - Cold Season Northern Forage - 20 lb, Covers 40,000 sq ft | Nature's Seed",49.99 USD,Pasture Seeds > Pasture Seeds Mix > Mix for Horse Forage,pasture,,150-200,Low Margin,
gla_445280,PB-HRSE-N-50-LB-KIT,"Horse Pasture Seed Mix - Cold Season Northern Forage - 50 lb, Covers 100,000 sq ft | Nature's Seed",119.99 USD,Pasture Seeds > Pasture Seeds Mix > Mix for Horse Forage,pasture,,>200,Average Margin,
gla_445281,PB-HRSE-SO-10-LB,"Horse Pasture Seed Mix - Cool-Adapted, No-Filler Forage - 10 lb, Covers 10,000 sq ft | Nature's Seed",39.99 USD,Pasture Seeds > Pasture Seeds Mix > Mix for Horse Forage,pasture,,50-100,Low Margin,
gla_445850,PB-HRSE-SO-20-LB-KIT,"Horse Pasture Seed Mix - Cool-Adapted, No-Filler Forage - 20 lb, Covers 20,000 sq ft | Nature's Seed",69.99 USD,Pasture Seeds > Pasture Seeds Mix > Mix for Horse Forage,pasture,,150-200,Average Margin,
gla_445849,PB-HRSE-SO-50-LB-KIT,"Horse Pasture Seed Mix - Cool-Adapted, No-Filler Forage - 50 lb, Covers 50,000 sq ft | Nature's Seed",159.99 USD,Pasture Seeds > Pasture Seeds Mix > Mix for Horse Forage,pasture,,>200,Average Margin,
gla_445559,PB-HRSE-TR-10-LB,"Horse Pasture Seed Mix - Transitional Zone Forage (Zones 3-7) - 10 lb, Covers 20,000 sq ft | Nature's Seed",49.99 USD,Pasture Seeds > Pasture Seeds Mix > Mix for Horse Forage,pasture,,50-100,Low Margin,
gla_445282,PB-HRSE-TR-20-LB-KIT,"Horse Pasture Seed Mix - Transitional Zone Forage (Zones 3-7) - 20 lb, Covers 40,000 sq ft | Nature's Seed",89.99 USD,Pasture Seeds > Pasture Seeds Mix > Mix for Horse Forage,pasture,,150-200,Average Margin,
gla_445851,PB-HRSE-TR-50-LB-KIT,"Horse Pasture Seed Mix - Transitional Zone Forage (Zones 3-7) - 50 lb, Covers 100,000 sq ft | Nature's Seed",209.99 USD,Pasture Seeds > Pasture Seeds Mix > Mix for Horse Forage,pasture,,>200,High Margin,
gla_459570,PB-IR-10-LB,"Irrigated Pasture Seed Mix - Premium High-Yield Forage - 10 lb, Covers 5,000 sq ft | Nature's Seed",39.99 USD,Pasture Seed > Individual Species Seeds,pasture,,<50,Low Margin,
gla_459571,PB-IR-20-LB-KIT,"Irrigated Pasture Seed Mix - Premium High-Yield Forage - 20 lb, Covers 10,000 sq ft | Nature's Seed",71.98 USD,Pasture Seeds > Pasture Seeds Mix,pasture,,50-100,Average Margin,
gla_459572,PB-IR-50-LB-KIT,"Irrigated Pasture Seed Mix - Premium High-Yield Forage - 50 lb, Covers 25,000 sq ft | Nature's Seed",169.96 USD,Pasture Seeds > Pasture Seeds Mix,pasture,,150-200,Average Margin,
gla_455524,PB-KRMU-10-LB,"Deer Food Plot Seed Mix (Krunch & Munch) - Wildlife Forage - 10 lb, Covers 1,000 sq ft | Nature's Seed",29.99 USD,Food Plot > Food Plot Mix Wildlife Attractor,pasture,,<50,Low Margin,
gla_455525,PB-KRMU-20-LB-KIT,"Deer Food Plot Seed Mix (Krunch & Munch) - Wildlife Forage - 20 lb, Covers 2,000 sq ft | Nature's Seed",53.99 USD,Food Plot > Food Plot Mix Wildlife Attractor,pasture,,50-100,Average Margin,
gla_455526,PB-KRMU-50-LB-KIT,"Deer Food Plot Seed Mix (Krunch & Munch) - Wildlife Forage - 50 lb, Covers 5,000 sq ft | Nature's Seed",127.49 USD,Food Plot > Food Plot Mix Wildlife Attractor,pasture,,100-150,Average Margin,
gla_459560,PB-MUST-10-LB,"Mustard Biofumigant Cover Crop Seed Mix - Soil Health Blend - 10 lb, Covers 5,000 sq ft | Nature's Seed",46.99 USD,Pasture Seed > Individual Species Seeds,pasture,,<50,Low Margin,
gla_459562,PB-MUST-20-LB-KIT,"Mustard Biofumigant Cover Crop Seed Mix - Soil Health Blend - 20 lb, Covers 25,000 sq ft | Nature's Seed",199.71 USD,Pasture Seed > Individual Species Seeds,pasture,,150-200,High Margin,
gla_459561,PB-MUST-50-LB-KIT,"Mustard Biofumigant Cover Crop Seed Mix - Soil Health Blend - 50 lb, Covers 10,000 sq ft | Nature's Seed",169.75 USD,Pasture Seed > Individual Species Seeds,pasture,,>200,Average Margin,
gla_445283,PB-PIG-10-LB,"Pig Pasture & Forage Seed Mix - High-Protein, Multi-Region - 10 lb,  | Nature's Seed",49.99 USD,Pasture Seeds > Pasture Seeds Mix > Mix for Pig Forage,pasture,,50-100,Low Margin,
gla_445831,PB-PIG-20-LB-KIT,"Pig Pasture & Forage Seed Mix - High-Protein, Multi-Region - 20 lb, Covers 40,000 sq ft | Nature's Seed",79.99 USD,Pasture Seeds > Pasture Seeds Mix > Mix for Pig Forage,pasture,,150-200,Low Margin,
gla_445832,PB-PIG-50-LB-KIT,"Pig Pasture & Forage Seed Mix - High-Protein, Multi-Region - 50 lb, Covers 100,000 sq ft | Nature's Seed",209.99 USD,Pasture Seeds > Pasture Seeds Mix > Mix for Pig Forage,pasture,,>200,Average Margin,
gla_455451,PB-PLPR-16-LBS,"Plains Prairie Seed Mix - Native Wildflower & Grass for Pollinators - 16 lb, Covers 3,000 sq ft | Nature's Seed",1104.99 USD,Food Plot > Food Plot Mix Wildlife Attractor,pasture,,>200,High Margin,
gla_455452,PB-PLPR-4-LBS,"Plains Prairie Seed Mix - Native Wildflower & Grass for Pollinators - 4 lb, Covers 800 sq ft | Nature's Seed",259.99 USD,Food Plot > Food Plot Mix Wildlife Attractor,pasture,,>200,High Margin,
gla_455450,PB-PLPR-8-LBS,"Plains Prairie Seed Mix - Native Wildflower & Grass for Pollinators - 8 lb, Covers 1,000 sq ft | Nature's Seed",467.99 USD,Food Plot > Food Plot Mix Wildlife Attractor,pasture,,>200,High Margin,
gla_455945,PB-SGPR-10-LB-KIT,"Shortgrass Prairie Seed Mix - Native Grass & Wildflower Blend - 10 lb, Covers 50,000 sq ft | Nature's Seed",149.99 USD,Food Plot > Food Plot Mix Wildlife Attractor,pasture,,150-200,High Margin,
gla_455946,PB-SGPR-20-LB-KIT,"Shortgrass Prairie Seed Mix - Native Grass & Wildflower Blend - 20 lb, Covers 100,000 sq ft | Nature's Seed",288.98 USD,Food Plot > Food Plot Mix Wildlife Attractor,pasture,,>200,High Margin,
gla_455947,PB-SGPR-5-LB,"Shortgrass Prairie Seed Mix - Native Grass & Wildflower Blend - 5 lb, Covers 25,000 sq ft | Nature's Seed",84.99 USD,Food Plot > Food Plot Mix Wildlife Attractor,pasture,,50-100,Average Margin,
gla_455528,PB-SHADE-10-LB,"Shade Food Plot Seed Mix - Deer & Wildlife Forage Blend - 10 lb, Covers 2,000 sq ft | Nature's Seed",113.99 USD,Food Plot > Food Plot Mix Wildlife Attractor,pasture,,100-150,Average Margin,
gla_455529,PB-SHADE-20-LB-KIT,"Shade Food Plot Seed Mix - Deer & Wildlife Forage Blend - 20 lb, Covers 4,000 sq ft | Nature's Seed",205.19 USD,Food Plot > Food Plot Mix Wildlife Attractor,pasture,,>200,High Margin,
gla_455530,PB-SHADE-50-LB-KIT,"Shade Food Plot Seed Mix - Deer & Wildlife Forage Blend - 50 lb, Covers 10,000 sq ft | Nature's Seed",484.49 USD,Food Plot > Food Plot Mix Wildlife Attractor,pasture,,>200,High Margin,
gla_445284,PB-SHEP-N-10-LB,"Sheep Pasture Seed Mix - Cold Season, High-Protein Legume - 10 lb, Covers 20,000 sq ft | Nature's Seed",49.99 USD,Pasture Seeds > Pasture Seeds Mix > Mix for Sheep Forage,pasture,,50-100,Low Margin,
gla_445844,PB-SHEP-N-20-LB-KIT,"Sheep Pasture Seed Mix - Cold Season, High-Protein Legume - 20 lb, Covers 40,000 sq ft | Nature's Seed",79.99 USD,Pasture Seeds > Pasture Seeds Mix > Mix for Sheep Forage,pasture,,150-200,Average Margin,
gla_445843,PB-SHEP-N-50-LB-KIT,"Sheep Pasture Seed Mix - Cold Season, High-Protein Legume - 50 lb, Covers 100,000 sq ft | Nature's Seed",209.99 USD,Pasture Seeds > Pasture Seeds Mix > Mix for Sheep Forage,pasture,,>200,High Margin,
gla_445285,PB-SHEP-SO-10-LB,"Sheep Pasture Seed Mix - Transitional Zone, Drought-Tolerant - 10 lb, Covers 20,000 sq ft | Nature's Seed",69.99 USD,Pasture Seeds > Pasture Seeds Mix > Mix for Sheep Forage,pasture,,50-100,Average Margin,
gla_445846,PB-SHEP-SO-20-LB-KIT,"Sheep Pasture Seed Mix - Transitional Zone, Drought-Tolerant - 20 lb, Covers 40,000 sq ft | Nature's Seed",119.99 USD,Pasture Seeds > Pasture Seeds Mix > Mix for Sheep Forage,pasture,,150-200,Average Margin,
gla_445845,PB-SHEP-SO-50-LB-KIT,"Sheep Pasture Seed Mix - Transitional Zone, Drought-Tolerant - 50 lb, Covers 100,000 sq ft | Nature's Seed",289.99 USD,Pasture Seeds > Pasture Seeds Mix > Mix for Sheep Forage,pasture,,>200,High Margin,
gla_445286,PB-SHEP-TR-10-LB,"Sheep & Goat Pasture Seed Mix - High-Protein Transitional - 10 lb, Covers 10,000 sq ft | Nature's Seed",39.99 USD,Pasture Seeds > Pasture Seeds Mix > Mix for Sheep Forage,pasture,,50-100,Low Margin,
gla_445848,PB-SHEP-TR-20-LB-KIT,"Sheep & Goat Pasture Seed Mix - High-Protein Transitional - 20 lb, Covers 20,000 sq ft | Nature's Seed",69.99 USD,Pasture Seeds > Pasture Seeds Mix > Mix for Sheep Forage,pasture,,150-200,Average Margin,
gla_445847,PB-SHEP-TR-50-LB-KIT,"Sheep & Goat Pasture Seed Mix - High-Protein Transitional - 50 lb, Covers 50,000 sq ft | Nature's Seed",159.99 USD,Pasture Seeds > Pasture Seeds Mix > Mix for Sheep Forage,pasture,,>200,Average Margin,
gla_455934,PB-SHPR-10-LB-KIT,"Short Prairie Pasture Seed Mix - Fast-Growing Forage Blend - 10 lb, Covers 50,000 sq ft | Nature's Seed",159.99 USD,Food Plot > Food Plot Mix Wildlife Attractor,pasture,,150-200,Average Margin,
gla_455935,PB-SHPR-20-LB-KIT,"Short Prairie Pasture Seed Mix - Fast-Growing Forage Blend - 20 lb, Covers 100,000 sq ft | Nature's Seed",304.99 USD,Food Plot > Food Plot Mix Wildlife Attractor,pasture,,>200,High Margin,
gla_455933,PB-SHPR-5-LB,"Short Prairie Pasture Seed Mix - Fast-Growing Forage Blend - 5 lb, Covers 25,000 sq ft | Nature's Seed",89.99 USD,Food Plot > Food Plot Mix Wildlife Attractor,pasture,,50-100,Average Margin,
gla_446817,PB-TORT-10-LB-KIT,"Tortoise Forage & Habitat Seed Mix - 8-Species Drought-Tolerant - 10 lb, Covers 10,000 sq ft | Nature's Seed",190.39 USD,"Pasture Seeds > Pasture Seeds Mix > Mix for Tortoise Forage
",pasture,,100-150,Average Margin,
gla_446818,PB-TORT-2-LB,"Tortoise Forage & Habitat Seed Mix - 8-Species Drought-Tolerant - 2 lb, Covers 2,000 sq ft | Nature's Seed",44.99 USD,Pasture Seeds > Pasture Seeds Mix > Mix for Toirtoise Forage,pasture,,<50,Low Margin,
gla_446819,PB-TORT-4-LB-KIT,"Tortoise Forage & Habitat Seed Mix - 8-Species Drought-Tolerant - 4 lb, Covers 4,000 sq ft | Nature's Seed",80.99 USD,Pasture Seeds > Pasture Seeds Mix > Mix for Toirtoise Forage,pasture,,50-100,Average Margin,
gla_446803,PG-BOGR-25-LB-KIT,"Blue Grama Grass Seed - Native Drought-Tolerant Pasture - 25 lb, Covers 50,000 sq ft | Nature's Seed",949.99 USD,Pasture Seeds > Single Species Pasture Seeds,pasture,California,>200,High Margin,
gla_444937,PG-BOGR-5-LB,"Blue Grama Grass Seed - Native Drought-Tolerant Pasture - 5 lb, Covers 10,000 sq ft | Nature's Seed",325.87 USD,Pasture Seeds > Single Species Pasture Seeds,pasture,California,150-200,High Margin,
gla_446804,PG-BOGR-50-LB-KIT,"Blue Grama Grass Seed - Native Drought-Tolerant Pasture - 50 lb, Covers 100,000 sq ft | Nature's Seed",2769.99 USD,Pasture Seeds > Single Species Pasture Seeds,pasture,California,>200,High Margin,
gla_446807,PG-BUCK-25-LB-KIT,"Buckwheat Seed (Fagopyrum) - Cover Crop & Pollinator Forage - 25 lb, Covers 50,000 sq ft | Nature's Seed",179.99 USD,Pasture Seeds > Single Species Pasture Seeds,pasture,,150-200,High Margin,
gla_445514,PG-BUCK-5-LB,"Buckwheat Seed (Fagopyrum) - Cover Crop & Pollinator Forage - 5 lb, Covers 10,000 sq ft | Nature's Seed",39.99 USD,Pasture Seeds > Single Species Pasture Seeds,pasture,,<50,Low Margin,
gla_446808,PG-BUCK-50-LB-KIT,"Buckwheat Seed (Fagopyrum) - Cover Crop & Pollinator Forage - 50 lb, Covers 100,000 sq ft | Nature's Seed",349.99 USD,Pasture Seeds > Single Species Pasture Seeds,pasture,,>200,High Margin,
gla_446613,PG-BUDA-25-LB-KIT,"Buffalograss Pasture Seed - Native Drought-Tolerant Grass - 25 lb, Covers 50,000 sq ft | Nature's Seed",1449.99 USD,Pasture Seeds > Single Species Pasture Seeds,pasture,,>200,High Margin,
gla_445486,PG-BUDA-5-LB,"Buffalograss Pasture Seed - Native Drought-Tolerant Grass - 5 lb, Covers 10,000 sq ft | Nature's Seed",299.99 USD,Pasture Seeds > Single Species Pasture Seeds,pasture,,>200,High Margin,
gla_446614,PG-BUDA-50-LB-KIT,"Buffalograss Pasture Seed - Native Drought-Tolerant Grass - 50 lb, Covers 100,000 sq ft | Nature's Seed",2899.99 USD,Pasture Seeds > Single Species Pasture Seeds,pasture,,>200,High Margin,
gla_446798,PG-CYDA-25-LB-KIT,"Bermudagrass Pasture Seed - Fast-Growing Warm-Season Forage - 25 lb, Covers 50,000 sq ft | Nature's Seed",139.99 USD,Pasture Seeds > Single Species Pasture Seeds,pasture,,150-200,Low Margin,
gla_446799,PG-CYDA-5-LB,"Bermudagrass Pasture Seed - Fast-Growing Warm-Season Forage - 5 lb, Covers 10,000 sq ft | Nature's Seed",84.99 USD,Pasture Seeds > Single Species Pasture Seeds,pasture,,50-100,Average Margin,
gla_446800,PG-CYDA-50-LB-KIT,"Bermudagrass Pasture Seed - Fast-Growing Warm-Season Forage - 50 lb, Covers 100,000 sq ft | Nature's Seed",399.99 USD,Pasture Seeds > Single Species Pasture Seeds,pasture,,>200,High Margin,
gla_446809,PG-DAGL-25-LB-KIT,"Orchardgrass Pasture Seed - High-Yield Cool-Season Forage - 25 lb, Covers 50,000 sq ft | Nature's Seed",159.99 USD,Pasture Seeds > Single Species Pasture Seeds,pasture,,150-200,High Margin,
gla_445463,PG-DAGL-5-LB,"Orchardgrass Pasture Seed - High-Yield Cool-Season Forage - 5 lb, Covers 5,000 sq ft | Nature's Seed",34.99 USD,Pasture Seeds > Single Species Pasture Seeds,pasture,,<50,Low Margin,
gla_446810,PG-DAGL-50-LB-KIT,"Orchardgrass Pasture Seed - High-Yield Cool-Season Forage - 50 lb, Covers 100,000 sq ft | Nature's Seed",299.99 USD,Pasture Seeds > Single Species Pasture Seeds,pasture,,>200,High Margin,
gla_446820,PG-FEAR2-25-LB-KIT,"Tall Fescue Pasture Seed - Deep-Rooted Forage Grass - 25 lb, Covers 25,000 sq ft | Nature's Seed",164.99 USD,Pasture Seeds > Single Species Pasture Seeds,pasture,,150-200,High Margin,
gla_445458,PG-FEAR2-5-LB,"Tall Fescue Pasture Seed - Deep-Rooted Forage Grass - 5 lb, Covers 5,000 sq ft | Nature's Seed",34.99 USD,Pasture Seeds > Single Species Pasture Seeds,pasture,,<50,Low Margin,
gla_446821,PG-FEAR2-50-LB-KIT,"Tall Fescue Pasture Seed - Deep-Rooted Forage Grass - 50 lb, Covers 50,000 sq ft | Nature's Seed",309.99 USD,Pasture Seeds > Single Species Pasture Seeds,pasture,,>200,High Margin,
gla_446610,PG-LOPE-25-LB-KIT,"Perennial Ryegrass Pasture Seed - Quick-Growing Forage - 25 lb, Covers 25,000 sq ft | Nature's Seed",134.99 USD,Pasture Seeds > Single Species Pasture Seeds,pasture,,150-200,High Margin,
gla_444234,PG-LOPE-5-LB,"Perennial Ryegrass Pasture Seed - Quick-Growing Forage - 5 lb, Covers 5,000 sq ft | Nature's Seed",34.99 USD,Pasture Seeds > Single Species Pasture Seeds,pasture,,<50,Low Margin,
gla_446612,PG-LOPE-50-LB-KIT,"Perennial Ryegrass Pasture Seed - Quick-Growing Forage - 50 lb, Covers 50,000 sq ft | Nature's Seed",329.99 USD,Pasture Seeds > Single Species Pasture Seeds,pasture,,>200,High Margin,
gla_444944,PG-MESA-25-LB-KIT,"Alfalfa Pasture Seed - Premium Forage & Soil-Improving Legume - 25 lb, Covers 25,000 sq ft | Nature's Seed",179.99 USD,Pasture Seeds > Single Species Pasture Seeds,pasture,,150-200,High Margin,
gla_444236,PG-MESA-5-LB,"Alfalfa Pasture Seed - Premium Forage & Soil-Improving Legume - 5 lb, Covers 5,000 sq ft | Nature's Seed",39.99 USD,Pasture Seeds > Single Species Pasture Seeds,pasture,,<50,Low Margin,
gla_444949,PG-MESA-50-LB-KIT,"Alfalfa Pasture Seed - Premium Forage & Soil-Improving Legume - 50 lb, Covers 50,000 sq ft | Nature's Seed",339.99 USD,Pasture Seeds > Single Species Pasture Seeds,pasture,,>200,High Margin,
gla_445829,PG-PANO-25-LB-KIT,"Bahia Grass Pasture Seed - Heat-Resistant Southern Forage - 25 lb, Covers 25,000 sq ft | Nature's Seed",444.99 USD,Pasture Seeds > Single Species Pasture Seeds,pasture,,>200,High Margin,
gla_444230,PG-PANO-5-LB,"Bahia Grass Pasture Seed - Heat-Resistant Southern Forage - 5 lb, Covers 5,000 sq ft | Nature's Seed",99.99 USD,Pasture Seeds > Single Species Pasture Seeds,pasture,,50-100,Average Margin,
gla_445830,PG-PANO-50-LB-KIT,"Bahia Grass Pasture Seed - Heat-Resistant Southern Forage - 50 lb, Covers 50,000 sq ft | Nature's Seed",849.99 USD,Pasture Seeds > Single Species Pasture Seeds,pasture,,>200,High Margin,
gla_445499,PG-PAVI-25-LB-KIT,"Switchgrass Seed - Perennial Pasture & Habitat Grass - 25 lb,  | Nature's Seed",399.99 USD,Pasture Seeds > Single Species Pasture Seeds,pasture,,>200,High Margin,
gla_446805,PG-PAVI-5-LB,"Switchgrass Seed - Perennial Pasture & Habitat Grass - 5 lb,  | Nature's Seed",84.99 USD,Pasture Seeds > Single Species Pasture Seeds,pasture,,50-100,Average Margin,
gla_446806,PG-PAVI-50-LB-KIT,"Switchgrass Seed - Perennial Pasture & Habitat Grass - 50 lb,  | Nature's Seed",799.99 USD,Pasture Seeds > Single Species Pasture Seeds,pasture,,>200,High Margin,
gla_446601,PG-PHPR-25-LB-KIT,"Timothy Grass Seed - High-Fiber Hay & Pasture Forage - 25 lb, Covers 25,000 sq ft | Nature's Seed",159.99 USD,Pasture Seeds > Single Species Pasture Seeds,pasture,,150-200,High Margin,
"gla_446599
",PG-PHPR-5-LB,"Timothy Grass Seed - High-Fiber Hay & Pasture Forage - 5 lb, Covers 5,000 sq ft | Nature's Seed",34.99 USD,Pasture Seeds > Single Species Pasture Seeds,pasture,,<50,Low Margin,
gla_446600,PG-PHPR-50-LB-KIT,"Timothy Grass Seed - High-Fiber Hay & Pasture Forage - 50 lb, Covers 50,000 sq ft | Nature's Seed",299.99 USD,Pasture Seeds > Single Species Pasture Seeds,pasture,,>200,High Margin,
gla_446607,PG-POPR-25-LB-KIT,"Kentucky Bluegrass Pasture Seed - Fine-Textured Forage Grass - 25 lb, Covers 25,000 sq ft | Nature's Seed",149.99 USD,Pasture Seeds > Single Species Pasture Seeds,pasture,,150-200,High Margin,
gla_446608,PG-POPR-5-LB,"Kentucky Bluegrass Pasture Seed - Fine-Textured Forage Grass - 5 lb, Covers 5,000 sq ft | Nature's Seed",39.99 USD,Pasture Seeds > Single Species Pasture Seeds,pasture,,<50,Low Margin,
gla_446609,PG-POPR-50-LB-KIT,"Kentucky Bluegrass Pasture Seed - Fine-Textured Forage Grass - 50 lb, Covers 50,000 sq ft | Nature's Seed",349.99 USD,Pasture Seeds > Single Species Pasture Seeds,pasture,,>200,High Margin,
gla_445894,PG-SECE-25-LB-KIT,"Cereal Rye Cover Crop Seed - Winter-Hardy Soil Builder - 25 lb, Covers 25,000 sq ft | Nature's Seed",117.99 USD,Pasture Seeds > Single Species Pasture Seeds,pasture,,100-150,High Margin,
gla_445895,PG-SECE-5-LB,"Cereal Rye Cover Crop Seed - Winter-Hardy Soil Builder - 5 lb, Covers 5,000 sq ft | Nature's Seed",24.99 USD,Pasture Seeds > Single Species Pasture Seeds,pasture,,<50,Low Margin,
gla_445893,PG-SECE-50-LB-KIT,"Cereal Rye Cover Crop Seed - Winter-Hardy Soil Builder - 50 lb, Covers 50,000 sq ft | Nature's Seed",210.99 USD,Pasture Seeds > Single Species Pasture Seeds,pasture,,>200,High Margin,
gla_461578,PG-TRHY-10-LB-KIT,"Alsike Clover Seed - Wet Soil & Acidic Soil Clover for Pasture & Honey - 10 lb, Covers 20,000 sq ft | Nature's Seed",45.89 USD,Specialty Seeds > Clover Seeds,clover,,50-100,Average Margin,
gla_461579,PG-TRHY-25-LB-KIT,"Alsike Clover Seed - Wet Soil & Acidic Soil Clover for Pasture & Honey - 25 lb, Covers 50,000 sq ft | Nature's Seed",108.79 USD,Specialty Seeds > Clover Seeds,clover,,100-150,High Margin,
gla_461577,PG-TRHY-5-LB,"Alsike Clover Seed - Wet Soil & Acidic Soil Clover for Pasture & Honey - 5 lb, Covers 10,000 sq ft | Nature's Seed",25.99 USD,Specialty Seeds > Clover Seeds,clover,,<50,High Margin,
gla_461572,PG-TRIN-10-LB-KIT,"Crimson Clover Cover Crop Seed - Winter Annual Cover Crop & Pollinator Forage - 10 lb, Covers 20,000 sq ft | Nature's Seed",16.19 USD,Specialty Seeds > Clover Seeds,clover,,<50,High Margin,
gla_461573,PG-TRIN-25-LB-KIT,"Crimson Clover Cover Crop Seed - Winter Annual Cover Crop & Pollinator Forage - 25 lb, Covers 50,000 sq ft | Nature's Seed",37.39 USD,Specialty Seeds > Clover Seeds,clover,,<50,High Margin,
gla_461571,PG-TRIN-5-LB,"Crimson Clover Cover Crop Seed - Winter Annual Cover Crop & Pollinator Forage - 5 lb, Covers 10,000 sq ft | Nature's Seed",8.99 USD,Specialty Seeds > Clover Seeds,clover,,<50,High Margin,
gla_461575,PG-TRPR-10-LB-KIT,"Red Clover Seed - Cover Crop, High-Protein Forage & Bumble Bee Plant - 10 lb, Covers 20,000 sq ft | Nature's Seed",38.69 USD,Specialty Seeds > Clover Seeds,clover,,<50,High Margin,
gla_461576,PG-TRPR-25-LB-KIT,"Red Clover Seed - Cover Crop, High-Protein Forage & Bumble Bee Plant - 25 lb, Covers 50,000 sq ft | Nature's Seed",90.94 USD,Specialty Seeds > Clover Seeds,clover,,100-150,High Margin,
gla_461574,PG-TRPR-5-LB,"Red Clover Seed - Cover Crop, High-Protein Forage & Bumble Bee Plant - 5 lb, Covers 10,000 sq ft | Nature's Seed",21.99 USD,Specialty Seeds > Clover Seeds,clover,,<50,High Margin,
gla_452370,PG-TRRE-10-LB-KIT,"White Clover Seed - Perennial Groundcover & Nitrogen Fixer - 10 lb, Covers 20,000 sq ft | Nature's Seed",62.99 USD,Specialty Seeds > Clover Seeds,clover,,50-100,Low Margin,
gla_452371,PG-TRRE-5-LB,"White Clover Seed - Perennial Groundcover & Nitrogen Fixer - 5 lb, Covers 10,000 sq ft | Nature's Seed",34.99 USD,Specialty Seeds > Clover Seeds,clover,,<50,Low Margin,
gla_452372,PG-TRRE-50-LB-KIT,"White Clover Seed - Perennial Groundcover & Nitrogen Fixer - 50 lb, Covers 100,000 sq ft | Nature's Seed",296.99 USD,Specialty Seeds > Clover Seeds,clover,,>200,High Margin,
gla_447270,S-AGPA8-1-LB,"California Bentgrass Seed - Low-Water Native Lawn Alternative - 1 lb, Covers 2,000 sq ft | Nature's Seed",107.05 USD,Specialty Seeds > Lawn Alternative/Enhancer,planting aid,California,150-200,Average Margin,
gla_447271,S-AGPA8-10-LB-KIT,"California Bentgrass Seed - Low-Water Native Lawn Alternative - 10 lb, Covers 20,000 sq ft | Nature's Seed",909.99 USD,Specialty Seeds > Lawn Alternative/Enhancer,planting aid,,>200,High Margin,
gla_447272,S-AGPA8-2-LB-KIT,"California Bentgrass Seed - Low-Water Native Lawn Alternative - 2 lb, Covers 4,000 sq ft | Nature's Seed",192.68 USD,Specialty Seeds > Lawn Alternative/Enhancer,planting aid,California,>200,High Margin,
gla_447280,S-DUTCH-10-LB-KIT,"White Dutch Clover Seed - Low-Mow Lawn Alternative & Pasture - 10 lb, Covers 20,000 sq ft | Nature's Seed",79.98 USD,Specialty Seeds > Lawn and Pasture Support > Ground Covers > White Dutch Clover,clover,,50-100,Low Margin,
gla_447281,S-DUTCH-25-LB-KIT,"White Dutch Clover Seed - Low-Mow Lawn Alternative & Pasture - 25 lb, Covers 50,000 sq ft | Nature's Seed",199.99 USD,Specialty Seeds > Lawn and Pasture Support > Ground Covers > White Dutch Clover,clover,,150-200,Average Margin,
gla_447282,S-DUTCH-5-LB,"White Dutch Clover Seed - Low-Mow Lawn Alternative & Pasture - 5 lb, Covers 10,000 sq ft | Nature's Seed",44.99 USD,Specialty Seeds > Lawn and Pasture Support > Ground Covers > White Dutch Clover,clover,,<50,Low Margin,
gla_446822,S-FEOV-10-LB-KIT,"Sheep Fescue Grass Seed - Hardy Lawn for Poor Soils - 10 lb, Covers 10,000 sq ft | Nature's Seed",69.99 USD,Specialty Seeds > Lawn Alternative/Enhancer,planting aid,,50-100,Average Margin,
gla_446823,S-FEOV-25-LB-KIT,"Sheep Fescue Grass Seed - Hardy Lawn for Poor Soils - 25 lb, Covers 25 sq ft | Nature's Seed",149.99 USD,Specialty Seeds > Lawn Alternative/Enhancer,planting aid,,>200,Average Margin,
gla_446824,S-FEOV-5-LB,"Sheep Fescue Grass Seed - Hardy Lawn for Poor Soils - 5 lb, Covers 1,000 sq ft | Nature's Seed",39.99 USD,Specialty Seeds > Lawn Alternative/Enhancer,planting aid,,<50,Low Margin,
gla_445520,S-INNOC-5-LB,Mycorrhizal Inoculant AM 120 - 5 lb Root Enhancer for Lawns & Gardens | Nature's Seed,74.99 USD,Specialty Seeds > Lawn Alternative/Enhancer,planting aid,,50-100,Average Margin,
gla_451060,S-MICRO-1-LB,"Microclover Lawn Seed - Self-Fertilizing Lawn Alternative - 1 lb, Covers 1,000 sq ft | Nature's Seed",44.99 USD,Specialty Seeds > Clover Seeds,clover,,<50,Low Margin,
gla_451061,S-MICRO-2-LB-KIT,"Microclover Lawn Seed - Self-Fertilizing Lawn Alternative - 2 lb, Covers 2,000 sq ft | Nature's Seed",79.99 USD,Specialty Seeds > Clover Seeds,clover,,50-100,Average Margin,
gla_451062,S-MICRO-5-LB-KIT,"Microclover Lawn Seed - Self-Fertilizing Lawn Alternative - 5 lb, Covers 5,000 sq ft | Nature's Seed",189.99 USD,Specialty Seeds > Clover Seeds,clover,,150-200,High Margin,
gla_450360,S-RICE-10-LB-KIT,"Organic Rice Hulls Soil Amendment - 10 lb Seed Carrier & Conditioner - Covers 2,000 sq ft | Nature's Seed",32.99 USD,Planting Aids > Soil Amendments & Conditioners,planting aid,,<50,Low Margin,
gla_450362,S-RICE-45-LB,Organic Rice Hulls Soil Amendment - 45 lb Seed Carrier & Conditioner | Nature's Seed,104.99 USD,Planting Aids > Soil Amendments & Conditioners,planting aid,,100-150,Average Margin,
gla_450363,S-RICE-5-LB,"Organic Rice Hulls Soil Amendment - 5 lb Seed Carrier & Conditioner - Covers 1,000 sq ft | Nature's Seed",17.99 USD,Planting Aids > Soil Amendments & Conditioners,planting aid,,<50,Low Margin,
gla_445519,S-TACKI-50-LB,M-Binder Hydroseeding Tackifier - 50 lb Professional Tack Agent | Nature's Seed,119.99 USD,Planting Aids,planting aid,,100-150,Average Margin,
gla_445123,SUSTANE-18-1-8+FE,Organic Lawn Fertilizer 18-1-8+Fe - 25 lb Maintenance Blend | Nature's Seed,154.99 USD,Planting Aids,planting aid,,150-200,Average Margin,
gla_445122,SUSTANE-4-6-4,Organic Seed Starter Fertilizer 4-6-4 - 50 lb Root Growth Booster | Nature's Seed,119.99 USD,Planting Aids,planting aid,,100-150,Average Margin,
gla_445854,TURF-BERM-10-LB-KIT,"Bermudagrass Lawn Seed - Heat-Tolerant, Fast-Growing - 10 lb, Covers 2,000 sq ft | Nature's Seed",225.99 USD,Lawn / Turf Seeds > Home Lawn/Yard Grass Seed,grass-seed,,>200,High Margin,
gla_445433,TURF-BERM-25-LB-KIT,"Bermudagrass Lawn Seed - Heat-Tolerant, Fast-Growing - 25 lb, Covers 5,000 sq ft | Nature's Seed",499.99 USD,Lawn / Turf Seeds > Home Lawn/Yard Grass Seed,grass-seed,,>200,High Margin,
gla_445855,TURF-BERM-5-LB,"Bermudagrass Lawn Seed - Heat-Tolerant, Fast-Growing - 5 lb, Covers 1,000 sq ft | Nature's Seed",119.99 USD,Lawn / Turf Seeds > Home Lawn/Yard Grass Seed,grass-seed,,100-150,Average Margin,
gla_457050,TURF-BUDA-15-LB-KIT,"Sundancer Buffalograss Lawn Seed - Drought-Tolerant, Warm Season - 15 lb, Covers 5,000 sq ft | Nature's Seed",496.99 USD,Lawn / Turf Seeds > Home Lawn/Yard Grass Seed,grass-seed,,>200,High Margin,
gla_457051,TURF-BUDA-3-LB-KIT,"Sundancer Buffalograss Lawn Seed - Drought-Tolerant, Warm Season - 3 lb, Covers 1,000 sq ft | Nature's Seed",116.99 USD,Lawn / Turf Seeds > Home Lawn/Yard Grass Seed,grass-seed,,100-150,Average Margin,
gla_457052,TURF-BUDA-6-LB-KIT,"Sundancer Buffalograss Lawn Seed - Drought-Tolerant, Warm Season - 6 lb, Covers 2,000 sq ft | Nature's Seed",209.99 USD,Lawn / Turf Seeds > Home Lawn/Yard Grass Seed,grass-seed,,>200,High Margin,
gla_458445,TURF-CLV-10-LB-KIT,"Clover Lawn Seed Mix - Low-Maintenance Ground Cover Alternative - 10 lb, Covers 2,000 sq ft | Nature's Seed",32.39 USD,Lawn / Turf Seeds > Home Lawn/Yard Grass Seed,clover,,<50,Low Margin,
gla_458446,TURF-CLV-25-LB-KIT,"Clover Lawn Seed Mix - Low-Maintenance Ground Cover Alternative - 25 lb, Covers 5,000 sq ft | Nature's Seed",89.99 USD,Lawn / Turf Seeds > Home Lawn/Yard Grass Seed,clover,,50-100,Average Margin,
gla_458447,TURF-CLV-5-LB,"Clover Lawn Seed Mix - Low-Maintenance Ground Cover Alternative - 5 lb, Covers 1,000 sq ft | Nature's Seed",17.99 USD,Lawn / Turf Seeds > Home Lawn/Yard Grass Seed,clover,,<50,Low Margin,
gla_445905,TURF-FINE-10-LB-KIT,"Fine Fescue Lawn Seed Mix - Low-Maintenance, Sun & Shade - 10 lb, Covers 2,000 sq ft | Nature's Seed",69.99 USD,Lawn / Turf Seeds > Home Lawn/Yard Grass Seed,grass-seed,,50-100,Average Margin,
gla_445904,TURF-FINE-25-LB-KIT,"Fine Fescue Lawn Seed Mix - Low-Maintenance, Sun & Shade - 25 lb, Covers 5,000 sq ft | Nature's Seed",149.99 USD,Lawn / Turf Seeds > Home Lawn/Yard Grass Seed,grass-seed,,150-200,Average Margin,
gla_445905,TURF-FINE-5-LB,"Fine Fescue Lawn Seed Mix - Low-Maintenance, Sun & Shade - 5 lb, Covers 1,000 sq ft | Nature's Seed",39.99 USD,Lawn / Turf Seeds > Home Lawn/Yard Grass Seed,grass-seed,,<50,Low Margin,
gla_458049,TURF-HLB-10-LB-KIT,"Hardy Lawn Grass Seed Mix - Durable Turf for Repair & Overseeding - 10 lb, Covers 2,000 sq ft | Nature's Seed",79.99 USD,Lawn / Turf Seeds > Home Lawn/Yard Grass Seed,grass-seed,,50-100,Average Margin,
gla_458050,TURF-HLB-25-LB-KIT,"Hardy Lawn Grass Seed Mix - Durable Turf for Repair & Overseeding - 25 lb, Covers 5,000 sq ft | Nature's Seed",199.79 USD,Lawn / Turf Seeds > Home Lawn/Yard Grass Seed,grass-seed,,>200,High Margin,
gla_458051,TURF-HLB-5-LB,"Hardy Lawn Grass Seed Mix - Durable Turf for Repair & Overseeding - 5 lb, Covers 1,000 sq ft | Nature's Seed",44.99 USD,Lawn / Turf Seeds > Home Lawn/Yard Grass Seed,grass-seed,,<50,Low Margin,
gla_445881,TURF-JBR-10-LB-KIT,"Premium Lawn Seed Mix (Jimmy's Blue Ribbon) - High-Traffic, Sun & Shade - 10 lb, Covers 2,000 sq ft | Nature's Seed",170.99 USD,Lawn / Turf Seeds > Home Lawn/Yard Grass Seed,grass-seed,,150-200,High Margin,
gla_445880,TURF-JBR-25-LB-KIT,"Premium Lawn Seed Mix (Jimmy's Blue Ribbon) - High-Traffic, Sun & Shade - 25 lb, Covers 5,000 sq ft | Nature's Seed",382.99 USD,Lawn / Turf Seeds > Home Lawn/Yard Grass Seed,grass-seed,,>200,High Margin,
gla_445882,TURF-JBR-5-LB,"Premium Lawn Seed Mix (Jimmy's Blue Ribbon) - High-Traffic, Sun & Shade - 5 lb, Covers 1,000 sq ft | Nature's Seed",89.99 USD,Lawn / Turf Seeds > Home Lawn/Yard Grass Seed,grass-seed,,50-100,Average Margin,
gla_458430,TURF-MLB-10-LB-KIT,"Meadow Lawn Grass Seed Blend - Sun & Partial Shade Turf - 10 lb, Covers 2,000 sq ft | Nature's Seed",51.29 USD,Lawn / Turf Seeds > Home Lawn/Yard Grass Seed,grass-seed,,50-100,Low Margin,
gla_458431,TURF-MLB-25-LB-KIT,"Meadow Lawn Grass Seed Blend - Sun & Partial Shade Turf - 25 lb, Covers 5,000 sq ft | Nature's Seed",127.79 USD,Lawn / Turf Seeds > Home Lawn/Yard Grass Seed,grass-seed,,100-150,Average Margin,
gla_458432,TURF-MLB-5-LB,"Meadow Lawn Grass Seed Blend - Sun & Partial Shade Turf - 5 lb, Covers 1,000 sq ft | Nature's Seed",28.99 USD,Lawn / Turf Seeds > Home Lawn/Yard Grass Seed,grass-seed,,<50,Low Margin,
gla_447323,TURF-NFF-25-LB-KIT,"California Native Fine Fescue Lawn Seed - No-Mow, Low-Water - 25 lb,  | Nature's Seed",1037.59 USD,Lawn / Turf Seeds > Home Lawn/Yard Grass Seed,grass-seed,California,>200,High Margin,
gla_445540,TURF-NFF-5-LB,"California Native Fine Fescue Lawn Seed - No-Mow, Low-Water - 5 lb,  | Nature's Seed",230.58 USD,Lawn / Turf Seeds > Home Lawn/Yard Grass Seed,grass-seed,California,>200,High Margin,
gla_447324,TURF-NFF-50-LB-KIT,"California Native Fine Fescue Lawn Seed - No-Mow, Low-Water - 50 lb,  | Nature's Seed",1959.99 USD,Lawn / Turf Seeds > Home Lawn/Yard Grass Seed,grass-seed,California,>200,High Margin,
gla_445900,TURF-W-BLUE-10-LB-KIT,"Drought-Tolerant Bluegrass Lawn Seed - Pet & Kid Friendly - 10 lb, Covers 2,000 sq ft | Nature's Seed",149.99 USD,Lawn / Turf Seeds > Home Lawn/Yard Grass Seed,grass-seed,,150-200,High Margin,
gla_445238,TURF-W-BLUE-25-LB-KIT,"Drought-Tolerant Bluegrass Lawn Seed - Pet & Kid Friendly - 25 lb, Covers 5,000 sq ft | Nature's Seed",359.99 USD,Lawn / Turf Seeds > Home Lawn/Yard Grass Seed,grass-seed,,>200,High Margin,
gla_445901,TURF-W-BLUE-5-LB,"Drought-Tolerant Bluegrass Lawn Seed - Pet & Kid Friendly - 5 lb, Covers 1,000 sq ft | Nature's Seed",84.99 USD,Lawn / Turf Seeds > Home Lawn/Yard Grass Seed,grass-seed,,50-100,Average Margin,
gla_452707,TURF-W-BLUE-BUNDLE-10-LB-KIT,"Pet & Kid Safe Bluegrass Lawn Seed Bundle - Low-Maintenance Turf - 10 lb, Covers 2,000 sq ft | Nature's Seed",269.99 USD,Lawn / Turf Seeds > Home Lawn/Yard Grass Seed,grass-seed,,150-200,High Margin,
gla_452708,TURF-W-BLUE-BUNDLE-25-LB-KIT,"Pet & Kid Safe Bluegrass Lawn Seed Bundle - Low-Maintenance Turf - 25 lb, Covers 5,000 sq ft | Nature's Seed",509.99 USD,Lawn / Turf Seeds > Home Lawn/Yard Grass Seed,grass-seed,,>200,High Margin,
gla_452709,TURF-W-BLUE-BUNDLE-5-LB,"Pet & Kid Safe Bluegrass Lawn Seed Bundle - Low-Maintenance Turf - 5 lb, Covers 1,000 sq ft | Nature's Seed",199.99 USD,Lawn / Turf Seeds > Home Lawn/Yard Grass Seed,grass-seed,,50-100,Low Margin,
gla_449901,TURF-W-BR-10-LB-KIT,"Kentucky Bluegrass Lawn Seed (Blue Ribbon) - High-Traffic Turf - 10 lb, Covers 2,000 sq ft | Nature's Seed",69.99 USD,Lawn / Turf Seeds > Home Lawn/Yard Grass Seed,grass-seed,,50-100,Average Margin,
gla_449902,TURF-W-BR-25-LB-KIT,"Kentucky Bluegrass Lawn Seed (Blue Ribbon) - High-Traffic Turf - 25 lb, Covers 5,000 sq ft | Nature's Seed",169.99 USD,Lawn / Turf Seeds > Home Lawn/Yard Grass Seed,grass-seed,,150-200,High Margin,
gla_445413,TURF-W-BR-5-LB,"Kentucky Bluegrass Lawn Seed (Blue Ribbon) - High-Traffic Turf - 5 lb, Covers 1,000 sq ft | Nature's Seed",39.99 USD,Lawn / Turf Seeds > Home Lawn/Yard Grass Seed,grass-seed,,<50,Low Margin,
gla_445902,TURF-W-RYE-10-LB-KIT,"Perennial Ryegrass Lawn Seed - Quick-Growing, Cool-Season Turf - 10 lb, Covers 2,000 sq ft | Nature's Seed",89.99 USD,Lawn / Turf Seeds > Home Lawn/Yard Grass Seed,grass-seed,,50-100,Average Margin,
gla_445171,TURF-W-RYE-25-LB-KIT,"Perennial Ryegrass Lawn Seed - Quick-Growing, Cool-Season Turf - 25 lb, Covers 5,000 sq ft | Nature's Seed",199.99 USD,Lawn / Turf Seeds > Home Lawn/Yard Grass Seed,grass-seed,,>200,High Margin,
gla_445903,TURF-W-RYE-5-LB,"Perennial Ryegrass Lawn Seed - Quick-Growing, Cool-Season Turf - 5 lb, Covers 1,000 sq ft | Nature's Seed",49.99 USD,Lawn / Turf Seeds > Home Lawn/Yard Grass Seed,grass-seed,,<50,Average Margin,
gla_447118,TURF-W-SS-10-LB-KIT,"Sun & Shade Lawn Seed Mix - Drought-Tolerant, Low-Water Turf - 10 lb, Covers 2,000 sq ft | Nature's Seed",69.99 USD,Lawn / Turf Seeds > Home Lawn/Yard Grass Seed,grass-seed,,50-100,Average Margin,
gla_447117,TURF-W-SS-25-LB-KIT,"Sun & Shade Lawn Seed Mix - Drought-Tolerant, Low-Water Turf - 25 lb, Covers 5,000 sq ft | Nature's Seed",149.99 USD,Lawn / Turf Seeds > Home Lawn/Yard Grass Seed,grass-seed,,150-200,Average Margin,
gla_447116,TURF-W-SS-5-LB,"Sun & Shade Lawn Seed Mix - Drought-Tolerant, Low-Water Turf - 5 lb, Covers 1,000 sq ft | Nature's Seed",39.99 USD,Lawn / Turf Seeds > Home Lawn/Yard Grass Seed,grass-seed,,<50,Low Margin,
gla_445907,TURF-W-TALL-10-LB-KIT,"Tall Fescue Lawn Seed (Triblade Elite) - Drought-Tolerant, Deep-Green - 10 lb, Covers 2,000 sq ft | Nature's Seed",59.99 USD,Lawn / Turf Seeds > Home Lawn/Yard Grass Seed,grass-seed,,50-100,Average Margin,
gla_445906,TURF-W-TALL-25-LB-KIT,"Tall Fescue Lawn Seed (Triblade Elite) - Drought-Tolerant, Deep-Green - 25 lb, Covers 5,000 sq ft | Nature's Seed",139.99 USD,Lawn / Turf Seeds > Home Lawn/Yard Grass Seed,grass-seed,,150-200,High Margin,
gla_445170,TURF-W-TALL-5-LB,"Tall Fescue Lawn Seed (Triblade Elite) - Drought-Tolerant, Deep-Green - 5 lb, Covers 1,000 sq ft | Nature's Seed",39.99 USD,Lawn / Turf Seeds > Home Lawn/Yard Grass Seed,grass-seed,,<50,Low Margin,
gla_452650,TURF-W-TALL-BUNDLE-10-LB-KIT,"Fescue Lawn Seed Bundle - Pet & Kid Safe, Drought-Resistant - 10 lb, Covers 2,000 sq ft | Nature's Seed",189.99 USD,Lawn / Turf Seeds > Home Lawn/Yard Grass Seed,grass-seed,,150-200,High Margin,
gla_452651,TURF-W-TALL-BUNDLE-25-LB-KIT,"Fescue Lawn Seed Bundle - Pet & Kid Safe, Drought-Resistant - 25 lb, Covers 5,000 sq ft | Nature's Seed",309.99 USD,Lawn / Turf Seeds > Home Lawn/Yard Grass Seed,grass-seed,,>200,High Margin,
gla_452652,TURF-W-TALL-BUNDLE-5-LB-KIT,"Fescue Lawn Seed Bundle - Pet & Kid Safe, Drought-Resistant - 5 lb, Covers 1,000 sq ft | Nature's Seed",159.99 USD,Lawn / Turf Seeds > Home Lawn/Yard Grass Seed,grass-seed,,150-200,High Margin,
gla_451768,TURF-WSHD-10-LB-KIT,"Full Shade Lawn Seed Mix - Fine Fescue, Low-Water - 10 lb, Covers 2,000 sq ft | Nature's Seed",69.99 USD,Lawn / Turf Seeds > Home Lawn/Yard Grass Seed,grass-seed,,50-100,Average Margin,
gla_451769,TURF-WSHD-25-LB-KIT,"Full Shade Lawn Seed Mix - Fine Fescue, Low-Water - 25 lb, Covers 5,000 sq ft | Nature's Seed",169.99 USD,Lawn / Turf Seeds > Home Lawn/Yard Grass Seed,grass-seed,,150-200,High Margin,
gla_451767,TURF-WSHD-5-LB,"Full Shade Lawn Seed Mix - Fine Fescue, Low-Water - 5 lb, Covers 1,000 sq ft | Nature's Seed",39.99 USD,Lawn / Turf Seeds > Home Lawn/Yard Grass Seed,grass-seed,,<50,Low Margin,
gla_452753,W-ACLA-0.25-LB,"Western Yarrow Wildflower Seed (Achillea) - Native Perennial - 0.25 lb, Covers 500 sq ft | Nature's Seed",17.64 USD,Wildflower Seeds > Single Species Wildflower,wildflower,California,<50,Low Margin,
gla_452754,W-ACLA-0.5-LB-KIT,"Western Yarrow Wildflower Seed (Achillea) - Native Perennial - 0.5 lb, Covers 1000 sq ft | Nature's Seed",31.74 USD,Wildflower Seeds > Single Species Wildflower,wildflower,California,<50,Low Margin,
gla_452755,W-ACLA-1-LB-KIT,"Western Yarrow Wildflower Seed (Achillea) - Native Perennial - 1 lb, Covers 2000 sq ft | Nature's Seed",59.99 USD,Wildflower Seeds > Single Species Wildflower,wildflower,California,<50,Average Margin,
gla_447437,W-ASFA-0.25-LB,"Narrowleaf Milkweed Seed - Native Pollinator Wildflower - 0.25 lb, Covers 10,000 sq ft | Nature's Seed",100.99 USD,Wildflower Seeds > Single Species Wildflower,wildflower,,100-150,Average Margin,
gla_447438,W-ASFA-1-LB-KIT,"Narrowleaf Milkweed Seed - Native Pollinator Wildflower - 1 lb, Covers 40,000 sq ft | Nature's Seed",315.89 USD,Wildflower Seeds > Single Species Wildflower,wildflower,California,>200,High Margin,
gla_452653,W-DIAUA-0.25-LB,"Bush Monkeyflower Seed - California Native Hummingbird Plant - 0.25 lb, Covers 500 sq ft | Nature's Seed",19.99 USD,Wildflower Seeds > Single Species Wildflower,wildflower,California,<50,Low Margin,
gla_452654,W-DIAUA-0.5-LB-KIT,"Bush Monkeyflower Seed - California Native Hummingbird Plant - 0.5 lb, Covers 1000 sq ft | Nature's Seed",35.98 USD,Wildflower Seeds > Single Species Wildflower,wildflower,California,<50,Low Margin,
gla_452655,W-DIAUA-1-LB-KIT,"Bush Monkeyflower Seed - California Native Hummingbird Plant - 1 lb, Covers 2000 sq ft | Nature's Seed",67.99 USD,Wildflower Seeds > Single Species Wildflower,wildflower,California,<50,Average Margin,
gla_452908,W-ENCA-0.25-LB,"California Bush Sunflower Seed - Native Drought-Tolerant Shrub - 0.25 lb, Covers 500 sq ft | Nature's Seed",21.16 USD,Wildflower Seeds > Single Species Wildflower,wildflower,California,<50,Low Margin,
gla_452909,W-ENCA-0.5-LB-KIT,"California Bush Sunflower Seed - Native Drought-Tolerant Shrub - 0.5 lb, Covers 1000 sq ft | Nature's Seed",38.1 USD,Wildflower Seeds > Single Species Wildflower,wildflower,California,<50,Low Margin,
gla_452910,W-ENCA-1-LB-KIT,"California Bush Sunflower Seed - Native Drought-Tolerant Shrub - 1 lb, Covers 2000 sq ft | Nature's Seed",71.99 USD,Wildflower Seeds > Single Species Wildflower,wildflower,California,<50,Low Margin,
gla_452686,W-ENFA-0.25-LB,"Brittlebush Seed - Native Desert Shrub for Xeriscape - 0.25 lb, Covers 500 sq ft | Nature's Seed",10.58 USD,Wildflower Seeds > Single Species Wildflower,wildflower,California,<50,Low Margin,
gla_452687,W-ENFA-0.5-LB-KIT,"Brittlebush Seed - Native Desert Shrub for Xeriscape - 0.5 lb, Covers 1000 sq ft | Nature's Seed",19.04 USD,Wildflower Seeds > Single Species Wildflower,wildflower,California,<50,Low Margin,
gla_452688,W-ENFA-1-LB-KIT,"Brittlebush Seed - Native Desert Shrub for Xeriscape - 1 lb, Covers 2000 sq ft | Nature's Seed",35.99 USD,Wildflower Seeds > Single Species Wildflower,wildflower,California,<50,Low Margin,
gla_452805,W-ERCO-0.25-LB,"Golden Yarrow Wildflower Seed - California Native Perennial - 0.25 lb, Covers 500 sq ft | Nature's Seed",54.11 USD,Wildflower Seeds > Single Species Wildflower,wildflower,California,<50,Average Margin,
gla_452806,W-ERCO-0.5-LB-KIT,"Golden Yarrow Wildflower Seed - California Native Perennial - 0.5 lb, Covers 1000 sq ft | Nature's Seed",97.39 USD,Wildflower Seeds > Single Species Wildflower,wildflower,California,<50,Average Margin,
gla_452807,W-ERCO-1-LB-KIT,"Golden Yarrow Wildflower Seed - California Native Perennial - 1 lb, Covers 2000 sq ft | Nature's Seed",183.99 USD,Wildflower Seeds > Single Species Wildflower,wildflower,California,50-100,High Margin,
gla_447375,W-ESCA-1-LB-KIT,"California Poppy Seed - Golden Orange Native Wildflower - 1 lb, Covers 8,000 sq ft | Nature's Seed",27.89 USD,Wildflower Seeds > Single Species Wildflower,specialty,California,<50,Low Margin,
gla_452618,W-LUBI-0.25-LB,"Miniature Lupine Wildflower Seed - Native Blue Annual - 0.25 lb, Covers 1,000 sq ft | Nature's Seed",18.81 USD,Wildflower Seeds > Single Species Wildflower,wildflower,,<50,Low Margin,
gla_452618,W-LUBI-0.5-LB-KIT,"Miniature Lupine Wildflower Seed - Native Blue Annual - 0.5 lb, Covers 500 sq ft | Nature's Seed",33.86 USD,Wildflower Seeds > Single Species Wildflower,wildflower,California,<50,Low Margin,
gla_452617,W-LUBI-1-LB-KIT,"Miniature Lupine Wildflower Seed - Native Blue Annual - 1 lb, Covers 2000 sq ft | Nature's Seed",63.99 USD,Wildflower Seeds > Single Species Wildflower,wildflower,California,<50,Average Margin,
gla_452773,W-LUMI-0.25-LB,"Yellow Lupine Wildflower Seed - Native Golden Annual - 0.25 lb, Covers 500 sq ft | Nature's Seed",29.41 USD,Wildflower Seeds > Single Species Wildflower,wildflower,California,<50,Low Margin,
gla_452774,W-LUMI-0.5-LB-KIT,"Yellow Lupine Wildflower Seed - Native Golden Annual - 0.5 lb, Covers 1000 sq ft | Nature's Seed",52.94 USD,Wildflower Seeds > Single Species Wildflower,wildflower,California,<50,Low Margin,
gla_452775,W-LUMI-1-LB-KIT,"Yellow Lupine Wildflower Seed - Native Golden Annual - 1 lb, Covers 2000 sq ft | Nature's Seed",99.99 USD,Wildflower Seeds > Single Species Wildflower,wildflower,California,50-100,Average Margin,
gla_452813,W-LUSU-0.25-LB,"Arroyo Lupine Wildflower Seed - Native Purple-Blue Annual - 0.25 lb, Covers 500 sq ft | Nature's Seed",15.28 USD,Wildflower Seeds > Single Species Wildflower,wildflower,California,<50,Low Margin,
gla_452814,W-LUSU-0.5-LB-KIT,"Arroyo Lupine Wildflower Seed - Native Purple-Blue Annual - 0.5 lb, Covers 1000 sq ft | Nature's Seed",27.51 USD,Wildflower Seeds > Single Species Wildflower,wildflower,California,<50,Low Margin,
gla_452815,W-LUSU-1-LB-KIT,"Arroyo Lupine Wildflower Seed - Native Purple-Blue Annual - 1 lb, Covers 2000 sq ft | Nature's Seed",51.99 USD,Wildflower Seeds > Single Species Wildflower,wildflower,California,<50,Average Margin,
gla_452879,W-NAPU-0.25-LB,"Purple Needlegrass Seed - California Native Bunchgrass - 0.25 lb, Covers 500 sq ft | Nature's Seed",19.99 USD,Wildflower Seeds > Single Species Wildflower,wildflower,California,<50,Low Margin,
gla_452880,W-NAPU-0.5-LB-KIT,"Purple Needlegrass Seed - California Native Bunchgrass - 0.5 lb, Covers 1000 sq ft | Nature's Seed",35.98 USD,Wildflower Seeds > Single Species Wildflower,wildflower,California,<50,Low Margin,
gla_452881,W-NAPU-1-LB-KIT,"Purple Needlegrass Seed - California Native Bunchgrass - 1 lb, Covers 2000 sq ft | Nature's Seed",67.99 USD,Wildflower Seeds > Single Species Wildflower,wildflower,California,<50,Average Margin,
gla_452901,W-SAAP-0.25-LB,"White Sage Seed (Salvia apiana) - Native Drought-Tolerant Shrub - 0.25 lb, Covers 500 sq ft | Nature's Seed",32.93 USD,Wildflower Seeds > Single Species Wildflower,wildflower,California,<50,Low Margin,
gla_452902,W-SAAP-0.5-LB-KIT,"White Sage Seed (Salvia apiana) - Native Drought-Tolerant Shrub - 0.5 lb, Covers 1000 sq ft | Nature's Seed",59.27 USD,Wildflower Seeds > Single Species Wildflower,wildflower,California,<50,Average Margin,
gla_452903,W-SAAP-1-LB-KIT,"White Sage Seed (Salvia apiana) - Native Drought-Tolerant Shrub - 1 lb, Covers 2000 sq ft | Nature's Seed",111.99 USD,Wildflower Seeds > Single Species Wildflower,wildflower,California,50-100,Average Margin,
gla_452636,W-SIBE-0.25-LB,"Blue-Eyed Grass Seed - Native Perennial Meadow Wildflower - 0.25 lb, Covers 500 sq ft | Nature's Seed",50.58 USD,Wildflower Seeds > Single Species Wildflower,wildflower,California,<50,Average Margin,
gla_452637,W-SIBE-0.5-LB-KIT,"Blue-Eyed Grass Seed - Native Perennial Meadow Wildflower - 0.5 lb, Covers 1000 sq ft | Nature's Seed",91.04 USD,Wildflower Seeds > Single Species Wildflower,wildflower,California,<50,Average Margin,
gla_452638,W-SIBE-1-LB-KIT,"Blue-Eyed Grass Seed - Native Perennial Meadow Wildflower - 1 lb, Covers 2000 sq ft | Nature's Seed",171.99 USD,Wildflower Seeds > Single Species Wildflower,wildflower,California,<50,High Margin,
gla_446830,WB-AN-0.5-LB,"Annual Wildflower Seed Mix - Easy-Grow, Non-GMO Garden Blooms - 0.5 lb, Covers 1,000 sq ft | Nature's Seed",29.99 USD,Wildflower Seeds > Regional Wildflower Mixes > Wildflower Mix,wildflower,,<50,Low Margin,
gla_446831,WB-AN-1-LB-KIT,"Annual Wildflower Seed Mix - Easy-Grow, Non-GMO Garden Blooms - 1 lb, Covers 2,000 sq ft | Nature's Seed",49.99 USD,Wildflower Seeds > Regional Wildflower Mixes > Wildflower Mix,wildflower,,50-100,Average Margin,
gla_446832,WB-AN-5-LB-KIT,"Annual Wildflower Seed Mix - Easy-Grow, Non-GMO Garden Blooms - 5 lb, Covers 10,000 sq ft | Nature's Seed",129.99 USD,Wildflower Seeds > Regional Wildflower Mixes > Wildflower Mix,wildflower,,100-150,Average Margin,
gla_446577,WB-CALN-0.5-LB,"California Wildflower Seed Mix - Native Regional Blend - 0.5 lb, Covers 10,000 sq ft | Nature's Seed",41.16 USD,Wildflower Seeds > Regional Wildflower Mixes > California Wildflower Mix,wildflower,California,<50,Low Margin,
gla_446576,WB-CALN-1-LB-KIT,"California Wildflower Seed Mix - Native Regional Blend - 1 lb, Covers 2,000 sq ft | Nature's Seed",74.1 USD,Wildflower Seeds > Regional Wildflower Mixes > California Wildflower Mix,wildflower,California,50-100,Average Margin,
gla_446575,WB-CALN-5-LB-KIT,"California Wildflower Seed Mix - Native Regional Blend - 5 lb, Covers 10,000 sq ft | Nature's Seed",349.99 USD,Wildflower Seeds > Regional Wildflower Mixes > California Wildflower Mix,wildflower,California,>200,High Margin,
gla_445242,WB-CCN-0.5-LB,"California Coastal Wildflower Seed Mix - Drought-Tolerant Pollinator - 0.5 lb, Covers 1,000 sq ft | Nature's Seed",37.63 USD,Wildflower Seeds > Wildflower Mixes > Erosion Control Wildflower Mix,wildflower,California,<50,Low Margin,
gla_446580,WB-CCN-1-LB-KIT,"California Coastal Wildflower Seed Mix - Drought-Tolerant Pollinator - 1 lb, Covers 2,000 sq ft | Nature's Seed",67.74 USD,Wildflower Seeds > Wildflower Mixes > Erosion Control Wildflower Mix,wildflower,California,50-100,Average Margin,
gla_446579,WB-CCN-5-LB-KIT,"California Coastal Wildflower Seed Mix - Drought-Tolerant Pollinator - 5 lb, Covers 10,000 sq ft | Nature's Seed",319.99 USD,Wildflower Seeds > Wildflower Mixes > Erosion Control Wildflower Mix,wildflower,California,>200,High Margin,
gla_446826,WB-DR-0.5-LB,"Deer-Resistant Wildflower Seed Mix - Pollinator-Friendly Blooms - 0.5 lb,  | Nature's Seed",29.99 USD,Wildflower Seeds > Wildflower Mixes > Deer Resistant Wildflower Mix,wildflower,,<50,Low Margin,
gla_446827,WB-DR-1-LB-KIT,"Deer-Resistant Wildflower Seed Mix - Pollinator-Friendly Blooms - 1 lb, Covers 2,000 sq ft | Nature's Seed",54.99 USD,Wildflower Seeds > Wildflower Mixes > Deer Resistant Wildflower Mix,wildflower,,50-100,Average Margin,
gla_446828,WB-DR-5-LB-KIT,"Deer-Resistant Wildflower Seed Mix - Pollinator-Friendly Blooms - 5 lb, Covers 10,000 sq ft | Nature's Seed",139.99 USD,Wildflower Seeds > Wildflower Mixes > Deer Resistant Wildflower Mix,wildflower,,100-150,Average Margin,
gla_445190,WB-RM-0.5-LB,"Rocky Mountain Wildflower Seed Mix - Native Colorado & Western - 0.5 lb, Covers 1,000 sq ft | Nature's Seed",29.99 USD,Wildflower Seeds > Regional Wildflower Mixes > Rocky Mountains Wildflower Mix,wildflower,,<50,Low Margin,
gla_445438,WB-RM-1-LB-KIT,"Rocky Mountain Wildflower Seed Mix - Native Colorado & Western - 1 lb, Covers 2,000 sq ft | Nature's Seed",49.99 USD,Wildflower Seeds > Regional Wildflower Mixes > Rocky Mountains Wildflower Mix,wildflower,,50-100,Low Margin,
gla_446837,WB-RM-5-LB-KIT,"Rocky Mountain Wildflower Seed Mix - Native Colorado & Western - 5 lb, Covers 10,000 sq ft | Nature's Seed",129.99 USD,Wildflower Seeds > Regional Wildflower Mixes > Rocky Mountains Wildflower Mix,wildflower,,100-150,Average Margin,
gla_460203,WB-SD-0.5-LB,"Sonoran Desert Wildflower Seed Mix - Drought-Tolerant Native - 0.5 lb, Covers 1,000 sq ft | Nature's Seed",24.99 USD,Wildflower Seeds > Regional Wildflower Mixes > Desert Wildflower Mix,wildflower,,<50,Low Margin,
gla_459581,WB-SD-5-LB-KIT,"Sonoran Desert Wildflower Seed Mix - Drought-Tolerant Native - 5 lb, Covers 10,000 sq ft | Nature's Seed",186.91 USD,Wildflower Seeds > Regional Wildflower Mixes > Desert Wildflower Mix,wildflower,,150-200,Average Margin,
gla_452794,WB-XCVP-0.5-LB,"Xerces Pollinator Wildflower Seed Mix - Central Valley Native - 0.5 lb, Covers 500 sq ft | Nature's Seed",58.82 USD,Wildflower Seeds > Regional Wildflower Mixes > California Wildflower Mix,wildflower,California,50-100,Average Margin,
gla_452795,WB-XCVP-1-LB-KIT,"Xerces Pollinator Wildflower Seed Mix - Central Valley Native - 1 lb, Covers 1000 sq ft | Nature's Seed",105.88 USD,Wildflower Seeds > Regional Wildflower Mixes > California Wildflower Mix,wildflower,California,100-150,Average Margin,
gla_452796,WB-XCVP-2-LB-KIT,"Xerces Pollinator Wildflower Seed Mix - Central Valley Native - 2 lb, Covers 2000 sq ft | Nature's Seed",199.99 USD,Wildflower Seeds > Regional Wildflower Mixes > California Wildflower Mix,wildflower,California,150-200,High Margin,
