sku,product_name,published_status,current_availability,fishbowl_qty,match_type,matched_sku,new_qty
CV-BGEC-10-LB,"Prairie Native Drought-Tolerant & Erosion Control Mix - 10 Lbs - 20,000 Sq Ft",STAGE,In_stock,60,direct,CV-BGEC-10-LB,60
CV-BGEC-20-LB-KIT,"Prairie Native Drought-Tolerant & Erosion Control Mix - 20 Lbs - 40,000",STAGE,In_stock,60,kit_base,CV-BGEC-10-LB,60
CV-BGEC-50-LB-KIT,"Prairie Native Drought-Tolerant & Erosion Control Mix - 50 Lbs - 100,000",STAGE,In_stock,60,kit_base,CV-BGEC-10-LB,60
CV-CHM-25-LB-KIT,"California Habitat Mix - 25 lb - Covers 50,000 Sq Ft",STAGE,In_stock,25,kit_base,CV-CHM-5-LB,25
CV-CHM-50-LB-KIT,"California Habitat Mix - 50 lb - Covers 100,000 Sq Ft",STAGE,In_stock,25,kit_base,CV-CHM-5-LB,25
CV-CNEC-25-LB-KIT,"California Native Erosion Control Mix - 25 Lbs - 40,000 Sq Ft",SYSTEM_PROBLEM,In_stock,32,kit_base,CV-CNEC-5-LB,32
CV-CNFW-20-LB-KIT,"California Native Fire-Resistant Seed Mix - 20 lb - Covers 40,000 Sq Ft",UNPUBLISHED,In_stock,46,kit_base,CV-CNFW-5-LB,46
CV-NEC-10-LB,"Dryland Revegetation & Erosion Control Seed Mix - 10 lb - Covers 20,000 Sq Ft",STAGE,In_stock,9,direct,CV-NEC-10-LB,9
CV-NEC-20-LB-KIT,"Dryland Revegetation & Erosion Control Seed Mix - 20 lb - Covers 40,000 Sq Ft",STAGE,In_stock,9,kit_base,CV-NEC-10-LB,9
CV-NEC-50-LB-KIT,"Dryland Revegetation & Erosion Control Seed Mix - 50 lb - Covers 100,000 Sq Ft",STAGE,In_stock,9,kit_base,CV-NEC-10-LB,9
PB-ALPACA-20-LB-KIT,"Llama & Alpaca Pasture Seed Mix - 20 lb - Covers 40,000 Sq Ft",PUBLISHED,In_stock,176,kit_base,PB-ALPACA-10-LB,176
PB-ALPACA-50-LB-KIT,"Llama & Alpaca Pasture Seed Mix - 50 lb - Covers 100,000 Sq Ft",PUBLISHED,In_stock,176,kit_base,PB-ALPACA-10-LB,176
PB-BIRD-10-LB,"Upland Game Mix - 10 Lbs - 5,000 Sq Ft",PUBLISHED,In_stock,21,direct,PB-BIRD-10-LB,21
PB-BIRD-20-LB-KIT,"Upland Game Mix - 20 Lbs - 10,000 Sq Ft",PUBLISHED,In_stock,21,kit_base,PB-BIRD-10-LB,21
PB-BIRD-50-LB-KIT,"Upland Game Mix - 50 Lbs - 25,000 Sq Ft",PUBLISHED,In_stock,21,kit_base,PB-BIRD-10-LB,21
PB-CABIN-25-LB-KIT,"Native Cabin Grass Seed Mix - 25 Lbs - 50,000 Sq Ft",STAGE,In_stock,145,kit_base,PB-CABIN-5-LB,145
PB-CHIX-25-LB-KIT,"Chicken Forage Seed Mix - 25 lb - Covers 50,000 Sq Ft",PUBLISHED,In_stock,366,kit_base,PB-CHIX-5-LB,366
PB-CHIX-50-LB-KIT,"Chicken Forage Seed Mix - 50 lb - Covers 100,000 Sq Ft",STAGE,In_stock,366,kit_base,PB-CHIX-5-LB,366
PB-CHSS-0.5-LB,"Chaparral Sage Scrub Mix - 0.5 lb - Covers 1,000 Sq Ft",STAGE,In_stock,39,direct,PB-CHSS-0.5-LB,39
PB-CHSS-1-LB-KIT,"Chaparral Sage Scrub Mix - 1 lb - Covers 2,000 Sq Ft",PUBLISHED,In_stock,0,kit_direct,PB-CHSS-1-LB,0
PB-CHSS-2-LB-KIT,"Chaparral Sage Scrub Mix - 2 lb - Covers 4,000 Sq Ft",PUBLISHED,In_stock,39,kit_base,PB-CHSS-0.5-LB,39
PB-COSS-0.5-LB,"Coastal California Sage Scrub Mix - 0.5 lb - Covers 2,000 Sq Ft",STAGE,In_stock,15,direct,PB-COSS-0.5-LB,15
PB-COSS-1-LB-KIT,"Coastal California Sage Scrub Mix - 1 lb - Covers 4,000 Sq Ft",STAGE,In_stock,0,kit_direct,PB-COSS-1-LB,0
PB-COW-NTR-10-LB,"Cool Season Cattle Pasture Seed Mix - 10 lb - Covers 20,000 Sq Ft",STAGE,In_stock,51,direct,PB-COW-NTR-10-LB,51
PB-COW-NTR-20-LB-KIT,"Cool Season Cattle Pasture Seed Mix - 20 lb - Covers 40,000 Sq Ft",PUBLISHED,In_stock,0,kit_direct,PB-COW-NTR-20-LB,0
PB-COW-SO-10-LB,"Warm Season Cattle Pasture Seed Mix - 10 lb - Covers 20,000 Sq Ft",PUBLISHED,In_stock,84,direct,PB-COW-SO-10-LB,84
PB-COW-SO-50-LB-KIT,"Warm Season Cattle Pasture Seed Mix - 50 lb - Covers 100,000 Sq Ft",PUBLISHED,In_stock,84,kit_base,PB-COW-SO-10-LB,84
PB-DRY-10-LB,"Dryland Pasture Mix - 10 Lbs - 5,000 Sq Ft",PUBLISHED,In_stock,44,direct,PB-DRY-10-LB,44
PB-DRY-20-LB-KIT,"Dryland Pasture Mix - 50 Lbs - 25,000 Sq Ft",PUBLISHED,In_stock,44,kit_base,PB-DRY-10-LB,44
PB-DRY-50-LB-KIT,"Dryland Pasture Mix - 20 Lbs - 10,000 Sq Ft",PUBLISHED,In_stock,44,kit_base,PB-DRY-10-LB,44
PB-FULL-10-LB,"Full Potential Food Plot Mix - 10 lb - Covers 1,000 Sq Ft",PUBLISHED,In_stock,32,direct,PB-FULL-10-LB,32
PB-FULL-50-LB-KIT,"Full Potential Food Plot Mix - 50 lb - Covers 5,000 Sq Ft",STAGE,In_stock,32,kit_base,PB-FULL-10-LB,32
PB-GAME-10-LB,"Big Game Food Plot & Forage Mix - 10 lb - Covers 20,000 Sq Ft",PUBLISHED,In_stock,151,direct,PB-GAME-10-LB,151
PB-GAME-20-LB-KIT,"Big Game Food Plot & Forage Mix - 20 lb - Covers 40,000 Sq Ft",PUBLISHED,In_stock,151,kit_base,PB-GAME-10-LB,151
PB-GAME-50-LB-KIT,"Big Game Food Plot & Forage Mix - 50 lb - Covers 100,000 Sq Ft",PUBLISHED,In_stock,151,kit_base,PB-GAME-10-LB,151
PB-GOAT-N-10-LB,"Warm Season Goat Pasture & Forage Mix - 10 lb - Covers 20,000 Sq Ft",STAGE,Out_of_stock,0,direct,PB-GOAT-N-10-LB,0
PB-GOAT-N-20-LB-KIT,"Warm Season Goat Pasture & Forage Mix - 20 lb - Covers 40,000 Sq Ft",STAGE,Out_of_stock,0,no_match,,0
PB-GOAT-SO-20-LB-KIT,"Cool Season Goat Pasture & Forage Mix - 20 lb - Covers 40,000 Sq Ft",PUBLISHED,Out_of_stock,0,no_match,,0
PB-GOAT-SO-50-LB-KIT,"Cool Season Goat Pasture & Forage Mix - 50 lb - Covers 100,000 Sq Ft",PUBLISHED,Out_of_stock,0,no_match,,0
PB-GOAT-TR-20-LB-KIT,"Transitional Zone Goat Pasture & Forage Mix - 20 lb - Covers 40,000 Sq Ft",PUBLISHED,Out_of_stock,0,no_match,,0
PB-GRSC-10-LB,"Green Screen Food Plot Mix - 10 lb - Covers 40,000 Sq Ft",PUBLISHED,In_stock,84,direct,PB-GRSC-10-LB,84
PB-GRSC-20-LB-KIT,"Green Screen Food Plot Mix - 20 lb - Covers 85,000 Sq Ft",PUBLISHED,In_stock,84,kit_base,PB-GRSC-10-LB,84
PB-GRSC-50-LB-KIT,"Green Screen Food Plot Mix - 50 lb - Covers 215,000 Sq Ft",PUBLISHED,In_stock,84,kit_base,PB-GRSC-10-LB,84
PB-HONEY-25-LB-KIT,"Honey Bee Cover Crop & Pasture Mix - 25 lb - Covers 50,000 Sq Ft",PUBLISHED,In_stock,460,kit_base,PB-HONEY-5-LB,460
PB-HONEY-5-LB,"Honey Bee Cover Crop & Pasture Mix - 5 lb - Covers 20,000 Sq Ft",PUBLISHED,In_stock,460,direct,PB-HONEY-5-LB,460
PB-HONEY-50-LB-KIT,"Honey Bee Cover Crop & Pasture Mix - 50 lb - Covers 100,000 Sq Ft",STAGE,In_stock,0,kit_direct,PB-HONEY-50-LB,0
PB-HRSE-N-10-LB,"Cool Season Horse Pasture Mix - 10 lb - Covers 20,000 Sq Ft",PUBLISHED,In_stock,29,direct,PB-HRSE-N-10-LB,29
PB-HRSE-N-20-LB-KIT,"Cool Season Horse Pasture Mix - 20 lb - Covers 40,000 Sq Ft",PUBLISHED,In_stock,29,kit_base,PB-HRSE-N-10-LB,29
PB-HRSE-N-50-LB-KIT,"Cool Season Horse Pasture Mix - 50 lb - Covers 100,000 Sq Ft",STAGE,In_stock,29,kit_base,PB-HRSE-N-10-LB,29
PB-HRSE-SO-20-LB-KIT,"Warm Season Horse Pasture Mix - 20 lb - Covers 40,000 Sq Ft",PUBLISHED,In_stock,60,kit_base,PB-HRSE-SO-10-LB,60
PB-HRSE-SO-50-LB-KIT,"Warm Season Horse Pasture Mix - 50 lb - Covers 100,000 Sq Ft",PUBLISHED,In_stock,0,kit_direct,PB-HRSE-SO-50-LB,0
PB-HRSE-TR-10-LB,"Transitional Zone Horse Pasture Mix - 10 lb - Covers 20,000 Sq Ft",PUBLISHED,In_stock,14,direct,PB-HRSE-TR-10-LB,14
PB-HRSE-TR-20-LB-KIT,"Transitional Zone Horse Pasture Mix - 20 lb - Covers 40,000 Sq Ft",PUBLISHED,In_stock,14,kit_base,PB-HRSE-TR-10-LB,14
PB-IR-10-LB,"Premium Irrigated Pasture Mix - 10 Lbs - 5,000 Sq Ft",PUBLISHED,In_stock,50,direct,PB-IR-10-LB,50
PB-IR-20-LB-KIT,"Premium Irrigated Pasture Mix - 20 Lbs - 10,000 Sq Ft",PUBLISHED,In_stock,50,kit_base,PB-IR-10-LB,50
PB-IR-50-LB-KIT,"Premium Irrigated Pasture Mix - 50 Lbs - 25,000 Sq Ft",STAGE,In_stock,50,kit_base,PB-IR-10-LB,50
PB-KRMU-10-LB,"Krunch N Munch Food Plot Mix - 10 lb - Covers 1,000 Sq Ft",PUBLISHED,In_stock,54,direct,PB-KRMU-10-LB,54
PB-KRMU-20-LB-KIT,"Krunch N Munch Food Plot Mix - 20 lb - Covers 2,000 Sq Ft",SYSTEM_PROBLEM,In_stock,54,kit_base,PB-KRMU-10-LB,54
PB-MUST-10-LB,"Mustard Biofumigant Blend Cover Crop Seed Mix - 10 Lbs - 5,000 Sq Ft",PUBLISHED,In_stock,49,direct,PB-MUST-10-LB,49
PB-MUST-20-LB-KIT,"Mustard Biofumigant Blend Cover Crop Seed Mix - 50 Lbs - 25,000 Sq Ft",PUBLISHED,In_stock,49,kit_base,PB-MUST-10-LB,49
PB-MUST-50-LB-KIT,"Mustard Biofumigant Blend Cover Crop Seed Mix - 20 Lbs - 10,000 Sq Ft",STAGE,In_stock,49,kit_base,PB-MUST-10-LB,49
PB-PIG-20-LB-KIT,"Pig Pasture & Forage Mix - 20 lb - Covers 40,000 Sq Ft",PUBLISHED,In_stock,17,kit_base,PB-PIG-10-LB,17
PB-PIG-50-LB-KIT,"Pig Pasture & Forage Mix - 50 lb - Covers 100,000 Sq Ft",STAGE,In_stock,17,kit_base,PB-PIG-10-LB,17
PB-PLPR-16-LBS,"Plains Prairie Mix - 16 lb - Covers 3,000 Sq Ft",UNPUBLISHED,In_stock,0,no_match,,0
PB-PLPR-4-LBS,Plains Prairie Mix - 4 lb - Covers 800 Sq Ft,PUBLISHED,In_stock,0,no_match,,0
PB-PLPR-8-LBS,"Plains Prairie Mix - 8 lb - Covers 1,000 Sq Ft",PUBLISHED,In_stock,0,no_match,,0
PB-SGPR-5-LB,"Shortgrass Prairie Seed Mix - 5 lb - Covers 25,000 Sq Ft",PUBLISHED,In_stock,9,base_prefix,PB-SGPR-10-LB,9
PB-SHADE-10-LB,"Shade Tolerant Food Plot Mix - 10 lb - Covers 2,000 Sq Ft",PUBLISHED,In_stock,19,direct,PB-SHADE-10-LB,19
PB-SHADE-20-LB-KIT,"Shade Tolerant Food Plot Mix - 20 lb - Covers 4,000 Sq Ft",PUBLISHED,In_stock,19,kit_base,PB-SHADE-10-LB,19
PB-SHADE-50-LB-KIT,"Shade Tolerant Food Plot Mix - 50 lb - Covers 10,000 Sq Ft",PUBLISHED,In_stock,19,kit_base,PB-SHADE-10-LB,19
PB-SHEP-N-10-LB,"Cool Season Sheep Pasture Mix - 10 lb - Covers 20,000 Sq Ft",STAGE,In_stock,3,direct,PB-SHEP-N-10-LB,3
PB-SHEP-N-20-LB-KIT,"Cool Season Sheep Pasture Mix - 20 lb - Covers 40,000 Sq Ft",STAGE,In_stock,0,kit_direct,PB-SHEP-N-20-LB,0
PB-SHEP-N-50-LB-KIT,"Cool Season Sheep Pasture Mix - 50 lb - Covers 100,000 Sq Ft",STAGE,In_stock,0,kit_direct,PB-SHEP-N-50-LB,0
PB-SHEP-SO-10-LB,"Warm Season Sheep Pasture Mix - 10 lb - Covers 20,000 Sq Ft",PUBLISHED,In_stock,0,direct,PB-SHEP-SO-10-LB,0
PB-SHEP-SO-20-LB-KIT,"Warm Season Sheep Pasture Mix - 20 lb - Covers 40,000 Sq Ft",PUBLISHED,In_stock,0,kit_direct,PB-SHEP-SO-20-LB,0
PB-SHEP-SO-50-LB-KIT,"Warm Season Sheep Pasture Mix - 50 lb - Covers 100,000 Sq Ft",PUBLISHED,In_stock,0,kit_direct,PB-SHEP-SO-50-LB,0
PB-SHEP-TR-10-LB,"Transitional Zone Sheep Pasture Mix - 10 lb - Covers 20,000 Sq Ft",STAGE,In_stock,0,direct,PB-SHEP-TR-10-LB,0
PB-SHEP-TR-20-LB-KIT,"Transitional Zone Sheep Pasture Mix - 20 lb - Covers 40,000 Sq Ft",PUBLISHED,In_stock,0,no_match,,0
PB-SHEP-TR-50-LB-KIT,"Transitional Zone Sheep Pasture Mix - 50 lb - Covers 100,000 Sq Ft",PUBLISHED,In_stock,0,no_match,,0
PB-SHPR-10-LB-KIT,"Sandhills Prairie Mix - 10 lb - Covers 50,000 Sq Ft",PUBLISHED,In_stock,0,kit_direct,PB-SHPR-10-LB,0
PB-SHPR-5-LB,"Sandhills Prairie Mix - 5 lb - Covers 25,000 Sq Ft",PUBLISHED,In_stock,0,no_match,,0
PB-TORT-10-LB-KIT,"Tortoise Forage & Habitat Mix - 10 lb - Covers 20,000 Sq Ft",STAGE,In_stock,2,kit_base,PB-TORT-2-LB,2
PB-TORT-4-LB-KIT,"Tortoise Forage & Habitat Mix - 4 lb - Covers 8,000 Sq Ft",STAGE,In_stock,2,kit_base,PB-TORT-2-LB,2
PG-BOGR-25-LB-KIT,"Blue Grama Seed - 25 lb - Covers 50,000 Sq Ft",UNPUBLISHED,In_stock,74,kit_base,PG-BOGR-5-LB,74
PG-BOGR-5-LB,"Blue Grama Seed - 5 lb - Covers 10,000 Sq Ft",PUBLISHED,In_stock,74,direct,PG-BOGR-5-LB,74
PG-BUCK-25-LB-KIT,"Buckwheat Seed - 25 lb - Covers 50,000 Sq Ft",STAGE,In_stock,0,kit_direct,PG-BUCK-25-LB,0
PG-BUCK-50-LB-KIT,"Buckwheat Seed - 50 lb - Covers 100,000 Sq Ft",PUBLISHED,In_stock,0,kit_direct,PG-BUCK-50-LB,0
PG-BUDA-25-LB-KIT,"Buffalograss Seed - 25 lb - Covers 50,000 Sq Ft",STAGE,In_stock,0,kit_direct,PG-BUDA-25-LB,0
PG-BUDA-5-LB,"Buffalograss Seed - 5 lb - Covers 20,000 Sq Ft",STAGE,In_stock,37,direct,PG-BUDA-5-LB,37
PG-CYDA-25-LB-KIT,"Bermudagrass - 25 lb - Covers 50,000 Sq Ft",PUBLISHED,In_stock,0,kit_direct,PG-CYDA-25-LB,0
PG-DAGL-25-LB-KIT,"Orchardgrass Seed - 25 lb - Covers 50,000 Sq Ft",STAGE,In_stock,0,kit_direct,PG-DAGL-25-LB,0
PG-DAGL-5-LB,"Orchardgrass Seed - 5 lb - Covers 10,000 Sq Ft",PUBLISHED,In_stock,443,direct,PG-DAGL-5-LB,443
PG-DAGL-50-LB-KIT,"Orchardgrass Seed - 50 lb - Covers 100,000 Sq Ft",PUBLISHED,In_stock,0,kit_direct,PG-DAGL-50-LB,0
PG-FEAR2-25-LB-KIT,"Tall Fescue Grass Seed - 25 lb - Covers 50,000 Sq Ft",PUBLISHED,In_stock,0,kit_direct,PG-FEAR2-25-LB,0
PG-FEAR2-5-LB,"Tall Fescue Grass Seed - 5 lb - Covers 10,000 Sq Ft",PUBLISHED,In_stock,266,direct,PG-FEAR2-5-LB,266
PG-FEAR2-50-LB-KIT,"Tall Fescue Grass Seed - 50 lb - Covers 100,000 Sq Ft",STAGE,In_stock,0,kit_direct,PG-FEAR2-50-LB,0
PG-LOPE-5-LB,"Perennial Ryegrass - 5 lb - Covers 20,000 Sq Ft",STAGE,In_stock,11,direct,PG-LOPE-5-LB,11
PG-LOPE-50-LB-KIT,"Perennial Ryegrass - 50 lb - Covers 100,000 Sq Ft",STAGE,In_stock,0,kit_direct,PG-LOPE-50-LB,0
PG-MESA-50-LB-KIT,"Alfalfa Seed - 50 lb - Covers 100,000 Sq Ft",STAGE,In_stock,0,kit_direct,PG-MESA-50-LB,0
PG-PANO-5-LB,"Bahia Grass Seed - 5 lb - Covers 20,000 Sq Ft",PUBLISHED,In_stock,22,direct,PG-PANO-5-LB,22
PG-PANO-50-LB-KIT,"Bahia Grass Seed - 50 lb - Covers 100,000 Sq Ft",UNPUBLISHED,In_stock,0,kit_direct,PG-PANO-50-LB,0
PG-PAVI-25-LB-KIT,"Switchgrass (Panicum Virgatum) Seed - 25 lb - Covers 50,000 Sq Ft",STAGE,In_stock,0,kit_direct,PG-PAVI-25-LB,0
PG-PAVI-50-LB-KIT,"Switchgrass (Panicum Virgatum) Seed - 50 lb - Covers 100,000 Sq Ft",UNPUBLISHED,In_stock,0,kit_direct,PG-PAVI-50-LB,0
PG-PHPR-50-LB-KIT,"Timothy Grass Hay Seed - 50 lb - Covers 100,000 Sq Ft",STAGE,In_stock,0,kit_direct,PG-PHPR-50-LB,0
PG-POPR-25-LB-KIT,"Kentucky Bluegrass - 25 lb - Covers 50,000 Sq Ft",STAGE,In_stock,0,kit_direct,PG-POPR-25-LB,0
PG-POPR-50-LB-KIT,"Kentucky Bluegrass - 50 lb - Covers 100,000 Sq Ft",PUBLISHED,In_stock,0,kit_direct,PG-POPR-50-LB,0
PG-SECE-25-LB-KIT,"Winter (Cereal) Rye Seed - 25 lb - Covers 50,000 Sq Ft",PUBLISHED,In_stock,0,kit_direct,PG-SECE-25-LB,0
PG-SECE-5-LB,"Winter (Cereal) Rye Seed - 5 lb - Covers 20,000 Sq Ft",STAGE,In_stock,372,direct,PG-SECE-5-LB,372
PG-TRRE-5-LB,"White Clover Seed - 5 lb - Covers 10,000 Sq Ft",PUBLISHED,In_stock,209,direct,PG-TRRE-5-LB,209
PG-TRRE-50-LB-KIT,"White Clover Seed - 50 lb - Covers 100,000 Sq Ft",PUBLISHED,In_stock,0,kit_direct,PG-TRRE-50-LB,0
S-AGPA8-1-LB,Thingrass (California Bentgrass) - 1 lb - Covers 200 Sq Ft,STAGE,In_stock,10,direct,S-AGPA8-1-LB,10
S-AGPA8-10-LB-KIT,"Thingrass (California Bentgrass) - 10 lb - Covers 2,000 Sq Ft",STAGE,In_stock,0,kit_direct,S-AGPA8-10-LB,0
S-DUTCH-10-LB-KIT,"White Dutch Clover Seed - 10 lb - Covers 20,000 Sq Ft",PUBLISHED,In_stock,0,kit_direct,S-DUTCH-10-LB,0
S-FEOV-10-LB-KIT,"Sheep Fescue Grass Seed - 10 lb - Covers 2,000 Sq Ft",STAGE,In_stock,0,kit_direct,S-FEOV-10-LB,0
S-FEOV-5-LB,"Sheep Fescue Grass Seed - 5 lb - Covers 1,000 Sq Ft",STAGE,In_stock,486,direct,S-FEOV-5-LB,486
S-MICRO-2-LB-KIT,"Micro Clover Seed (Mini Clover) - 2 lb - Covers 2,000 Sq Ft",PUBLISHED,In_stock,784,kit_base,S-MICRO-1-LB,784
S-RICE-10-LB-KIT,"Rice Hulls - 10 Lbs - 4,000 Sq Ft",PUBLISHED,In_stock,0,kit_direct,S-RICE-10-LB,0
S-RICE-25-LB-ADDON,"Rice Hulls: Improve Seed Contact, Germination & Hold Moisture",PUBLISHED,In_stock,0,no_match,,0
S-RICE-45-LB,"Rice Hulls - 45 Lbs - 18,000 Sq Ft",PUBLISHED,In_stock,96,direct,S-RICE-45-LB,96
S-RICE-5-LB,"Rice Hulls - 5 Lbs - 2,000 Sq Ft",SYSTEM_PROBLEM,In_stock,367,direct,S-RICE-5-LB,367
S-TACKI-50-LB,M-Binder Tackifier-Soil Stabilizer - 50 Lbs,SYSTEM_PROBLEM,In_stock,60,direct,S-TACKI-50-LB,60
TURF-BERM-10-LB-KIT,"Bermuda Grass Seed Mix for Lawns - 10 lb - Covers 2,000 Sq Ft",STAGE,In_stock,196,kit_base,TURF-BERM-5-LB,196
TURF-BERM-5-LB,"Bermuda Grass Seed Mix for Lawns - 5 lb - Covers 1,000 Sq Ft",STAGE,In_stock,196,direct,TURF-BERM-5-LB,196
TURF-CLV-10-LB-KIT,"Lawn Alternative Clover Mix - 10 Lbs - 2,000 Sq Ft",PUBLISHED,In_stock,333,kit_base,TURF-CLV-5-LB,333
TURF-CLV-25-LB-KIT,"Lawn Alternative Clover Mix - 25 Lbs - 5,000 Sq Ft",PUBLISHED,In_stock,333,kit_base,TURF-CLV-5-LB,333
TURF-CLV-5-LB,"Lawn Alternative Clover Mix - 5 Lbs - 1,000 Sq Ft",STAGE,In_stock,333,direct,TURF-CLV-5-LB,333
TURF-FINE-10-LB-KIT,"Fine Fescue Grass Seed Mix - 10 lb - Covers 2,000 Sq Ft",PUBLISHED,In_stock,263,kit_base,TURF-FINE-5-LB,263
TURF-FINE-25-LB-KIT,"Fine Fescue Grass Seed Mix - 25 lb - Covers 5,000 Sq Ft",PUBLISHED,In_stock,263,kit_base,TURF-FINE-5-LB,263
TURF-HLB-25-LB-KIT,"Hardy Grass Seed Mix for High Traffic Lawns - 25 Lbs - 5,000 Sq Ft",PUBLISHED,In_stock,34,kit_base,TURF-HLB-5-LB,34
TURF-HLB-5-LB,"Hardy Grass Seed Mix for High Traffic Lawns - 5 Lbs - 1,000 Sq Ft",PUBLISHED,In_stock,34,direct,TURF-HLB-5-LB,34
TURF-JBR-10-LB-KIT,"Jimmy's Blue Ribbon Lawn Seed Mix - 10 lb - Covers 2,000 Sq Ft",STAGE,In_stock,86,kit_base,TURF-JBR-5-LB,86
TURF-JBR-25-LB-KIT,"Jimmy's Blue Ribbon Lawn Seed Mix - 25 lb - Covers 5,000 Sq Ft",STAGE,In_stock,86,kit_base,TURF-JBR-5-LB,86
TURF-JBR-5-LB,"Jimmy's Blue Ribbon Lawn Seed Mix - 5 lb - Covers 1,000 Sq Ft",STAGE,In_stock,86,direct,TURF-JBR-5-LB,86
TURF-MLB-10-LB-KIT,"Meadow Lawn Blend - 10 Lbs - 2,000 Sq Ft",STAGE,In_stock,83,kit_base,TURF-MLB-5-LB,83
TURF-MLB-25-LB-KIT,"Meadow Lawn Blend - 25 Lbs - 5,000 Sq Ft",STAGE,In_stock,83,kit_base,TURF-MLB-5-LB,83
TURF-MLB-5-LB,"Meadow Lawn Blend - 5 Lbs - 1,000 Sq Ft",PUBLISHED,In_stock,83,direct,TURF-MLB-5-LB,83
TURF-NFF-5-LB,"California Native Grass Seed Mix - 5 lb - Covers 2,000 Sq Ft",PUBLISHED,In_stock,37,direct,TURF-NFF-5-LB,37
TURF-NFF-50-LB-KIT,"California Native Grass Seed Mix - 50 lb - Covers 25,000 Sq Ft",UNPUBLISHED,In_stock,37,kit_base,TURF-NFF-5-LB,37
TURF-W-BLUE-25-LB-KIT,"Kentucky Bluegrass Seed Mix - 25 lb - Covers 5,000 Sq Ft",PUBLISHED,In_stock,19,kit_base,TURF-W-BLUE-5-LB,19
TURF-W-BLUE-5-LB,"Kentucky Bluegrass Seed Mix - 5 lb - Covers 1,000 Sq Ft",PUBLISHED,In_stock,19,direct,TURF-W-BLUE-5-LB,19
TURF-W-BLUE-BUNDLE,Premium Pet & Kid Friendly Bluegrass Bundle,PUBLISHED,In_stock,0,no_match,,0
TURF-W-BLUE-BUNDLE-10-LB-KIT,"Premium Pet & Kid Friendly Bluegrass Bundle - 10 lb - Covers 2,000 Sq Ft",SYSTEM_PROBLEM,In_stock,0,no_match,,0
TURF-W-BLUE-BUNDLE-25-LB-KIT,"Premium Pet & Kid Friendly Bluegrass Bundle - 25 lb - Covers 5,000 Sq Ft",UNPUBLISHED,In_stock,0,no_match,,0
TURF-W-BR-25-LB-KIT,"Kentucky Bluegrass and Perennial Ryegrass Mix - 25 lb - Covers 5,000 Sq Ft",PUBLISHED,In_stock,698,kit_base,TURF-W-BR-5-LB,698
TURF-W-BR-5-LB,"Kentucky Bluegrass and Perennial Ryegrass Mix - 5 lb - Covers 1,000 Sq Ft",PUBLISHED,In_stock,698,direct,TURF-W-BR-5-LB,698
TURF-W-RYE-25-LB-KIT,"Perennial Ryegrass Seed Mix - 25 lb - Covers 5,000 Sq Ft",PUBLISHED,In_stock,48,kit_base,TURF-W-RYE-5-LB,48
TURF-W-SS-10-LB-KIT,"Sun and Shade Grass Seed Mix - 10 lb - Covers 2,000 Sq Ft",STAGE,In_stock,354,kit_base,TURF-W-SS-5-LB,354
TURF-W-SS-5-LB,"Sun and Shade Grass Seed Mix - 5 lb - Covers 1,000 Sq Ft",STAGE,In_stock,354,direct,TURF-W-SS-5-LB,354
TURF-W-TALL-10-LB-KIT,"Triblade Elite Tall Fescue Grass Seed Mix - 10 lb - Covers 2,000 Sq Ft",PUBLISHED,In_stock,1409,kit_base,TURF-W-TALL-5-LB,1409
TURF-W-TALL-25-LB-KIT,"Triblade Elite Tall Fescue Grass Seed Mix - 25 lb - Covers 5,000 Sq Ft",STAGE,In_stock,1409,kit_base,TURF-W-TALL-5-LB,1409
TURF-W-TALL-5-LB,"Triblade Elite Tall Fescue Grass Seed Mix - 5 lb - Covers 1,000 Sq Ft",PUBLISHED,In_stock,1409,direct,TURF-W-TALL-5-LB,1409
TURF-WSHD-10-LB-KIT,"Grass Seed Mix for Shady Areas - 10 lb - Covers 2,000 Sq Ft",PUBLISHED,In_stock,65,kit_base,TURF-WSHD-5-LB,65
TURF-WSHD-25-LB-KIT,"Grass Seed Mix for Shady Areas - 25 lb - Covers 5,000 Sq Ft",PUBLISHED,In_stock,65,kit_base,TURF-WSHD-5-LB,65
TURF-WSHD-5-LB,"Grass Seed Mix for Shady Areas - 5 lb - Covers 1,000 Sq Ft",STAGE,In_stock,65,direct,TURF-WSHD-5-LB,65
W-ACLA-1-LB-KIT,"Western Yarrow Seed - 1 lb - Covers 4,000 Sq Ft",PUBLISHED,In_stock,0,kit_direct,W-ACLA-1-LB,0
W-ASFA-0.25-LB,"Narrowleaf Milkweed Seed - 0.25 lb - Covers 10,000 Sq Ft",PUBLISHED,In_stock,190,direct,W-ASFA-0.25-LB,190
W-ASFA-1-LB-KIT,"Narrowleaf Milkweed Seed - 1 lb - Covers 40,000 Sq Ft",PUBLISHED,In_stock,0,kit_direct,W-ASFA-1-LB,0
W-ENCA-0.25-LB,California Bush Sunflower Seed - 0.25 lb - Covers 500 Sq Ft,PUBLISHED,In_stock,1,direct,W-ENCA-0.25-LB,1
W-ENCA-0.5-LB-KIT,"California Bush Sunflower Seed - 0.5 lb - Covers 1,000 Sq Ft",PUBLISHED,In_stock,0,kit_direct,W-ENCA-0.5-LB,0
W-ENCA-1-LB-KIT,"California Bush Sunflower Seed - 1 lb - Covers 2,000 Sq Ft",STAGE,In_stock,0,kit_direct,W-ENCA-1-LB,0
W-ENFA-0.25-LB,"Brittlebrush Seed - 0.25 lb - Covers 1,000 Sq Ft",PUBLISHED,In_stock,0,direct,W-ENFA-0.25-LB,0
W-ENFA-0.5-LB-KIT,"Brittlebrush Seed - 0.5 lb - Covers 2,000 Sq Ft",PUBLISHED,In_stock,0,kit_direct,W-ENFA-0.5-LB,0
W-LUMI-0.25-LB,"Yellow Lupine Seed - 0.25 lb - Covers 1,000 Sq Ft",PUBLISHED,In_stock,49,direct,W-LUMI-0.25-LB,49
W-LUMI-0.5-LB-KIT,"Yellow Lupine Seed - 0.5 lb - Covers 2,000 Sq Ft",PUBLISHED,In_stock,49,kit_base,W-LUMI-0.25-LB,49
W-LUMI-1-LB-KIT,"Yellow Lupine Seed - 1 lb - Covers 4,000 Sq Ft",PUBLISHED,In_stock,0,kit_direct,W-LUMI-1-LB,0
W-LUSU-0.5-LB-KIT,"Arroyo Lupine Seed - 0.5 lb - Covers 2,000 Sq Ft",PUBLISHED,In_stock,0,kit_direct,W-LUSU-0.5-LB,0
W-NAPU-0.5-LB-KIT,"Purple Needlegrass Seed - 0.5 lb - Covers 2,000 Sq Ft",PUBLISHED,In_stock,51,kit_base,W-NAPU-0.25-LB,51
W-NAPU-1-LB-KIT,"Purple Needlegrass Seed - 1 lb - Covers 4,000 Sq Ft",PUBLISHED,In_stock,51,kit_base,W-NAPU-0.25-LB,51
WB-AN-1-LB-KIT,"Annual Wildflower Seed Mix - 1 lb - Covers 2,000 Sq Ft",STAGE,In_stock,104,kit_base,WB-AN-0.5-LB,104
WB-CALN-0.5-LB,"California Native Wildflower Mix - 0.5 lb - Covers 1,000 Sq Ft",STAGE,In_stock,41,direct,WB-CALN-0.5-LB,41
WB-CALN-5-LB-KIT,"California Native Wildflower Mix - 5 lb - Covers 10,000 Sq Ft",STAGE,In_stock,41,kit_base,WB-CALN-0.5-LB,41
WB-CCN-0.5-LB,"Coastal California Wildflower Seed Mix - 0.5 lb - Covers 1,000 Sq Ft",STAGE,In_stock,294,direct,WB-CCN-0.5-LB,294
WB-CCN-5-LB-KIT,"Coastal California Wildflower Seed Mix - 5 lb - Covers 10,000 Sq Ft",STAGE,In_stock,294,kit_base,WB-CCN-0.5-LB,294
WB-DR-0.5-LB,"Deer Resistant Wildflower Seed Mix - 0.5 lb - Covers 1,000 Sq Ft",PUBLISHED,In_stock,257,direct,WB-DR-0.5-LB,257
WB-DR-1-LB-KIT,"Deer Resistant Wildflower Seed Mix - 1 lb - Covers 2,000 Sq Ft",PUBLISHED,In_stock,0,kit_direct,WB-DR-1-LB,0
WB-DR-5-LB-KIT,"Deer Resistant Wildflower Seed Mix - 5 lb - Covers 10,000 Sq Ft",STAGE,In_stock,257,kit_base,WB-DR-0.5-LB,257
WB-RM-0.5-LB,"Rocky Mountain Wildflower Seed Mix - 0.5 lb - Covers 1,000 Sq Ft",STAGE,In_stock,30,direct,WB-RM-0.5-LB,30
WB-RM-5-LB-KIT,"Rocky Mountain Wildflower Seed Mix - 5 lb - Covers 10,000 Sq Ft",STAGE,In_stock,30,kit_base,WB-RM-0.5-LB,30
WB-SD-0.5-LB,"Sonoran Desert Wildflower Mix - 0.5 lbs 1,000 Sq Ft",STAGE,In_stock,26,direct,WB-SD-0.5-LB,26
WB-SD-1-LB-KIT,"Sonoran Desert Wildflower Mix - 1 Lbs - 2,000 Sq Ft",STAGE,In_stock,0,kit_direct,WB-SD-1-LB,0
WB-XCVP-0.5-LB,"Central Valley Pollinator Wildflower Mix - 0.5 lb - 2,000 Sq Ft",PUBLISHED,In_stock,101,direct,WB-XCVP-0.5-LB,101
WB-XCVP-2-LB-KIT,"Central Valley Pollinator Wildflower Mix - 2 lb - 10,000 Sq Ft",PUBLISHED,In_stock,101,kit_base,WB-XCVP-0.5-LB,101
