Product Item ID,Product Title,Product Type L1,Product Type L2,Total Spend ($),Total Clicks,Total Conversions,Total Conv Value ($),ROAS
gla_355776,Common Lespedeza,pasture seed,pasture seed by region,1188.51,846,7.34,1052.18,0.89
pb-pnwd-1-a,Pacific Northwest Dryland Pasture Blend - Specialty Seed | Nature's Seed,specialty seed,pacific northwest dryland pasture blend,923.3,1170,7.61,873.84,0.95
gla_355806,Hybrid Forage Brassica,heartland collection,pasture seed by region,817.25,645,2.41,235.74,0.29
gla_192006,Northeast Seed Mix,lawn seed,grass seed by state,754.67,740,5.23,359.41,0.48
gla_406906,Bermuda Grass Seed Mix 500 sq. ft.,lawn seed,grass seed by state,577.13,816,2.11,475.38,0.82
gla_446828,"Nature's Seed Wildflower 5 Lb for 10,000 Sq Ft Mix Deer Resistant",wildflower seeds,wildflower mixes,566.83,344,3.25,198.23,0.35
gla_185713,Micro Clover Seed,lawn seed,clover seeds for lawn (lawn additive),524.85,283,5.99,468.0,0.89
gla_192003,Northwest Seed Mix,lawn seed,grass seed by state,426.44,308,2.7,253.74,0.6
gla_406892,Sun and Shade Grass Seed Mix,lawn seed,grass seed by state,421.9,426,2.2,409.62,0.97
gla_444221,"Nature's Seed Lawn Mix Native to California 5 Lb of Grass Seed for 1,000 Sq Ft | Ideal for Transitional/Northern Regions",lawn seeds,premium turf,421.59,413,5.52,322.29,0.76
pg-fear2-1-lb,Tall Fescue - Pasture Seed | Nature's Seed,pasture seed,tall fescue,418.07,1476,6.24,397.5,0.95
gla_447118,"Low-Maintenance Sun & Shade Grass Seed Mix — Drought-Tolerant, Versatile, and Low-Water Lawn Solution 10 Lb for 2,000 Sq Ft | Nature's Seed",lawn / turf seeds,home lawn/yard grass seed,398.9,841,3.5,356.26,0.89
pg-pano-10-lb,Bahia Grass - Pasture Seed | Nature's Seed,pasture seed,bahia grass,398.55,800,3.46,231.04,0.58
gla_183570,Great Plains Horse Forage Mix,sale,horse pasture seed,376.19,264,2.45,336.59,0.89
gla_183830,South-Atlantic Transitional Goat Forage Mix,pasture seed,goat pasture seed,373.02,356,2.0,341.45,0.92
gla_186380,Native Fine Fescue Grass Seed Mix 5000 sq. ft.,lawn seed,fescue grass seed,344.41,379,1.85,199.93,0.58
gla_445282,"Nature's Seed Transitional Pasture & Forage 20 Lb for 20,000 Sq Ft Mix No Filler, Palatable Seed for Horses",pasture seeds,pasture seeds mix,340.47,161,1.85,94.68,0.28
gla_185389,Hybrid Pearl Millet,pasture seed,individual pasture species,318.06,429,8.93,234.31,0.74
gla_446810,"Nature's Seed Pasture & Forage 50 Lb for 50,000 Sq Ft Orchardgrass Filler-Free Curated Varieties by Seed Experts",pasture seeds,single species pasture seeds,313.52,183,8.59,190.31,0.61
gla_184753,Pacific Northwest Pollinator Seed Mix 5000 sq. ft.,sale,pasture seed by region,310.95,147,3.12,169.02,0.54
pg-poam-10-lb,Big Bluegrass - Pasture Seed | Nature's Seed,pasture seed,big bluegrass,291.24,796,2.0,167.38,0.57
gla_355867,Purple Top Turnips,pasture seed,pasture seed by region,283.18,281,1.5,88.66,0.31
pb-iwh-0.5-a,Intermountain West Horse Forage Blend - Pasture Seed | Nature's Seed,pasture seed,intermountain west horse forage blend,281.2,195,1.0,64.15,0.23
pb-pswhb,Pacific Southwest Honey Bee Pasture Mix Specialty Seed | Nature's Seed,specialty seed,pacific southwest honey bee pasture mix,273.63,85,2.0,100.21,0.37
wb-ccn-500-f,California Coastal Native Wildflower Mix - Wildflower Seed | Nature's Seed,wildflower seed,california coastal native wildflower mix,273.26,321,5.78,257.16,0.94
gla_355812,Japanese Millet,pasture seed,pasture seed by region,271.62,285,1.0,21.96,0.08
gla_355977,Native Tallgrass Mix,specialty seed,specialty seed by region,269.06,189,2.01,225.59,0.84
gla_185381,Annual Sunflower Seed - 1 Pound Bag,pasture seed,individual pasture species,255.31,168,4.0,199.67,0.78
gla_185296,Cereal Rye Seed,pasture seed,individual pasture species,255.06,447,13.53,225.98,0.89
gla_446607,"Kentucky Bluegrass (Poa pratensis) – Fine-Textured, High Traffic Pasture Grass 25 Lb for 25,000 Sq Ft | Nature's Seed",pasture seeds,single species pasture seeds,244.64,290,5.92,214.42,0.88
gla_184678,Blue Grama,pasture seed,individual pasture species,244.53,275,0.34,85.76,0.35
gla_184642,Buffalograss,pasture seed,individual pasture species,238.71,141,0.5,38.1,0.16
pg-sobi-25-lb,Grain Sorghum - Pasture Seed | Nature's Seed,pasture seed,grain sorghum,235.91,621,3.78,87.02,0.37
gla_406903,Buffalograss Seed Blend 2000 sq. ft.,lawn seed,grass seed by state,230.57,189,0.36,25.14,0.11
pb-gph-0.5-a,Great Plains Horse Forage Blend - Pasture Seed | Nature's Seed,pasture seed,great plains horse forage blend,225.37,187,1.3,139.37,0.62
gla_182963,Great Lakes/New England Dryland Pasture Mix,sale,specialty seed by region,220.54,109,0.92,30.45,0.14
gla_445868,"Nature's Seed Any Region Pasture & Forage 10 Lb for 10,000 Sq Ft Mix Tailored Game Blend & No Fillers",pasture seeds,pasture seeds mix,217.21,213,4.41,215.23,0.99
gla_186485,California Buckwheat,specialty seed,,215.55,316,1.4,63.09,0.29
gla_184874,Southwest Desert Erosion Control Mix,specialty seed,erosion control blends,215.43,184,1.24,185.5,0.86
gla_184717,Switchgrass Seed,pasture seed,individual pasture species,215.33,141,0.78,49.84,0.23
gla_183731,Pacific Northwest Dairy Cow Forage Mix,pasture seed,cattle pastures,210.64,420,3.01,117.68,0.56
turf-wt,TWCA Water-Wise Tall Fescue Blend Grass Seed | Nature's Seed,grass seed,twca water-wise tall fescue blend,210.47,371,5.03,148.47,0.71
pg-pano,Bahia Grass Pasture Seed | Nature's Seed,pasture seed,bahia grass,209.9,1019,3.0,173.74,0.83
gla_185880,Red Fescue Grass,lawn seed,fescue grass seed,208.89,237,1.76,56.42,0.27
pg-sece-1-lb,Cereal Rye - Pasture Seed | Nature's Seed,pasture seed,cereal rye,208.69,616,5.42,74.69,0.36
gla_185457,Field Pea,pasture seed,individual pasture species,207.13,235,3.97,193.08,0.93
gla_355771,Collards,heartland collection,pasture seed by region,198.94,138,1.0,15.75,0.08
gla_185590,Pacific Northwest Poultry Forage Mix,pasture seed,poultry pastures,198.65,89,1.0,110.13,0.55
pb-gld-1-a,Great Lakes/New England Dryland Pasture Blend - Specialty Seed | Nature's Seed,specialty seed,great lakes/new england dryland pasture blend,192.09,188,0.17,26.43,0.14
pb-satbc-0.5-a,South-Atlantic Transitional Beef Cattle Forage Blend - Pasture Seed | Nature's Seed,pasture seed,south-atlantic transitional beef cattle forage blend,192.06,243,1.33,145.21,0.76
gla_445514,"Nature's Seed Pasture & Forage 5 Lb for 5,000 Sq Ft Buckwheat Filler-Free Curated Varieties by Seed Experts",pasture seeds,single species pasture seeds,191.87,236,1.09,67.04,0.35
gla_184716,Switchgrass Seed,pasture seed,individual pasture species,190.84,195,1.5,158.75,0.83
pb-nbm-1-lb,Native Bioswale Mix - Specialty Seed | Nature's Seed,specialty seed,native bioswale mix,189.99,269,1.85,67.27,0.35
gla_182828,Sonoran Desert Wildflower Mix,wildflower seed,regional wildflower mixes,189.47,252,5.19,125.62,0.66
gla_185891,Chewings Fescue Grass,lawn seed,fescue grass seed,185.01,203,1.01,52.03,0.28
wb-olgn-2000-f,Ornamental Low Growing Native Mix - Wildflower Seed | Nature's Seed,wildflower seed,ornamental low growing native mix,183.73,290,3.07,101.91,0.55
pb-ssh-0.5-a,Southern Subtropics Horse Forage Blend - Pasture Seed | Nature's Seed,pasture seed,southern subtropics horse forage blend,183.15,142,1.89,84.06,0.46
gla_355914,Sugar Beets,heartland collection,pasture seed by region,182.49,116,1.0,22.46,0.12
gla_438226,Intermountain West Sheep Forage Mix,pasture seed,sheep pastures,181.25,85,1.0,108.09,0.6
8084088278991581608,California Native Grass Seed Mix,,,180.64,180,3.0,3.0,0.02
pg-muri2-1-lb,Deergrass - Pasture Seed | Nature's Seed,pasture seed,deergrass,180.39,239,0.5,81.47,0.45
pg-kocr-n-1-lb,Junegrass - Pasture Seed | Nature's Seed,pasture seed,junegrass,180.37,274,0.58,41.35,0.23
gla_184924,Southern Subtropics Erosion Control Mix,specialty seed,erosion control blends,179.69,100,2.0,165.3,0.92
gla_185488,Great Plains Poultry Forage Mix,sale,poultry pastures,179.39,229,2.51,125.81,0.7
gla_185900,Common Flax,sale,individual pasture species,176.35,187,1.0,50.96,0.29
turf-cyda-2000-f,Bermudagrass Seed Blend - Grass Seed | Nature's Seed,grass seed,bermudagrass seed blend,173.79,457,3.0,146.67,0.84
gla_184372,Southern Subtropics Honey Bee Pasture Mix,specialty seed,honey bee blends,172.92,187,1.86,105.36,0.61
pg-pano-25-lb,Bahia Grass - Pasture Seed | Nature's Seed,pasture seed,bahia grass,172.15,293,1.98,146.83,0.85
gla_446798,"Nature's Seed Pasture & Forage 25 Lb for 25,000 Sq Ft for 5,000 Sq Ft Bermudagrass Filler-Free Curated Varieties by Seed Experts",pasture seeds,single species pasture seeds,170.14,134,2.0,2.0,0.01
pg-pano-50-lb,Bahia Grass - Pasture Seed | Nature's Seed,pasture seed,bahia grass,169.27,348,0.08,7.7,0.05
gla_440372,"Nature’s Seed Northern Horse Pasture Mix – 10 lb Cool‐Climate Blend (Timothy, Orchardgrass, Ryegrass & Fescue)",pasture seed,horse pasture seed,168.76,122,1.12,136.65,0.81
gla_182914,Intermountain West Dryland Pasture Mix,sale,specialty seed by region,165.8,120,0.53,121.58,0.73
gla_445893,"Cereal Rye Grain – Extreme Cold Hardy Winter Cover Crop for Soil Health 50 Lb for 50,000 Sq Ft | Nature's Seed",pasture seeds,single species pasture seeds,164.11,199,4.0,147.37,0.9
pb-gph-1-a,Great Plains Horse Forage Blend - Pasture Seed | Nature's Seed,pasture seed,great plains horse forage blend,163.37,136,1.0,40.34,0.25
gla_186587,Small Fescue,sale,individual pasture species,162.79,159,1.0,53.1,0.33
pb-glbc-0.5-a,Great Lakes/New England Beef Cattle Forage Blend - Pasture Seed | Nature's Seed,pasture seed,great lakes/new england beef cattle forage blend,154.54,231,0.33,56.79,0.37
pb-swth-1-a,Southwest Transitional Horse Forage Blend - Pasture Seed | Nature's Seed,pasture seed,southwest transitional horse forage blend,153.97,95,0.08,4.83,0.03
gla_452709,"Pet and Children Bluegrass Blend – Sustainable Turf, Low Maintenance Lawn Seed 5 Lb for 1,000 Sq Ft | Nature's Seed",lawn / turf seeds,home lawn/yard grass seed,152.19,81,0.33,10.13,0.07
pg-poam-50-lb,Big Bluegrass - Pasture Seed | Nature's Seed,pasture seed,big bluegrass,151.87,376,1.0,3.24,0.02
gla_184542,Perennial Ryegrass,pasture seed,individual pasture species,149.04,318,4.18,90.79,0.61
pb-satbc-2.5-a,South-Atlantic Transitional Beef Cattle Forage Blend - Pasture Seed | Nature's Seed,pasture seed,south-atlantic transitional beef cattle forage blend,148.34,203,0.49,3.86,0.03
gla_406895,Sun and Shade Grass Seed Mix,lawn seed,grass seed by state,148.06,68,0.39,54.1,0.37
gla_355787,Cowpeas,pasture seed,individual pasture species,147.76,205,1.0,101.5,0.69
pb-pnwpb-1-a,Pacific Northwest Poultry Forage Blend - Pasture Seed | Nature's Seed,pasture seed,pacific northwest poultry forage blend,147.68,228,6.02,142.57,0.97
pg-sece-10-lb,Cereal Rye - Pasture Seed | Nature's Seed,pasture seed,cereal rye,147.54,340,3.38,80.55,0.55
pg-trre-25-lb,White Clover - Pasture Seed | Nature's Seed,pasture seed,white clover,146.81,187,3.33,11.41,0.08
gla_185475,Great Lakes/New England Poultry Forage Mix,pasture seed,poultry pastures,145.5,163,1.0,52.35,0.36
pb-gld-0.5-a,Great Lakes/New England Dryland Pasture Blend - Specialty Seed | Nature's Seed,specialty seed,great lakes/new england dryland pasture blend,145.36,133,0.09,37.44,0.26
gla_186821,Pacific Northwest Pig Forage Mix,sale,pig pastures,143.59,111,0.99,107.27,0.75
gla_182956,Great Plains Dryland Pasture Mix,specialty seed,specialty seed by region,140.53,85,0.5,93.94,0.67
gla_445458,"Nature's Seed Pasture & Forage 5 Lb for 5,000 Sq Ft Tall Fescue Filler-Free Curated Varieties by Seed Experts",pasture seeds,single species pasture seeds,140.14,197,0.54,86.24,0.62
pg-trpr-50-lb,Red Clover - Pasture Seed | Nature's Seed,pasture seed,red clover,139.25,186,4.54,97.37,0.7
gla_184806,Intermountain West Pollinator Mix,specialty seed,specialty seed by region,139.13,84,1.53,97.01,0.7
gla_185354,White Sweet Clover,pasture seed,individual pasture species,138.13,195,2.53,120.47,0.87
gla_186419,Creek Clover,specialty seed,native reclamation seed,136.96,103,3.0,66.93,0.49
pb-glec-0.5-a,Great Lakes/New England Erosion Control Blend - Specialty Seed | Nature's Seed,specialty seed,great lakes/new england erosion control blend,134.81,194,2.22,53.73,0.4
pb-gpd,Great Plains Dryland Pasture Mix Specialty Seed | Nature's Seed,specialty seed,great plains dryland pasture mix,133.46,211,0.58,23.93,0.18
pg-trar-50-lb,Wheat - Pasture Seed | Nature's Seed,pasture seed,wheat,131.77,363,2.5,37.98,0.29
gla_185340,Barley,specialty seed,annual winter forages,129.55,121,1.97,90.11,0.7
pb-fth-0.5-a,Florida Tropics Horse Forage Blend - Pasture Seed | Nature's Seed,pasture seed,florida tropics horse forage blend,129.52,132,0.03,3.62,0.03
gla_406886,Kentucky Bluegrass Seed: Blue Ribbon Mix,lawn seed,grass seed by state,128.49,77,0.67,108.33,0.84
gla_183654,Great Plains Beef Cattle Forage Mix,sale,cattle pastures,128.06,137,0.01,2.31,0.02
gla_186151,Ornamental Low Growing Native Mix,wildflower seeds,regional wildflower mixes,127.1,129,0.99,70.35,0.55
gla_183766,Southern Subtropics Dairy Cow Forage Mix,pasture seed,cattle pastures,125.13,65,0.34,57.56,0.46
gla_452901,White Sage Seed (Salvia apiana) Native Drought-Proof Aromatic Shrub 0.25 Lb for 500 Sq Ft | Nature's Seed,wildflower seeds,single species wildflower,123.98,172,1.0,44.25,0.36
gla_406910,Bermuda Grass Turf Seed Mix,sale,grass seed by state,123.74,91,0.13,89.67,0.72
pg-poam-25-lb,Big Bluegrass - Pasture Seed | Nature's Seed,pasture seed,big bluegrass,123.15,340,2.01,95.06,0.77
turf-sst-5000-f,Southern Sports Turf Mix - Grass Seed | Nature's Seed,grass seed,southern sports turf mix,121.76,153,0.33,50.76,0.42
turf-cyda-0.25-a,Bermudagrass Seed Blend - Grass Seed | Nature's Seed,grass seed,bermudagrass seed blend,121.26,390,1.08,57.05,0.47
pb-ssg,Southern Subtropics Goat Forage Mix Pasture Seed | Nature's Seed,pasture seed,southern subtropics goat forage mix,121.09,222,1.53,81.24,0.67
gla_187113,TWCA Water-Wise Northwest Mix,lawn seed,,120.55,98,0.01,0.78,0.01
gla_187086,Native Bioswale Mix,specialty seed,bioswale mixes,119.37,96,0.15,26.98,0.23
pb-fth-2.5-a,Florida Tropics Horse Forage Blend - Pasture Seed | Nature's Seed,pasture seed,florida tropics horse forage blend,118.82,73,0.33,12.33,0.1
gla_455514,"Nature's Seed Green Screen Food Plot Seed Mix 20 lb Bag - Covers 85,000 Sq Ft - Deer & Wildlife Forage Blend",food plot,food plot mix wildlife attractor,118.14,190,1.0,76.79,0.65
gla_445832,"Nature's Seed Any Region Pasture & Forage 50 Lb for 50,000 Sq Ft Mix Clean, High-Energy Blend for Pigs",pasture seeds,pasture seeds mix,117.57,63,3.6,61.4,0.52
gla_455946,"Nature's Seed Shortgrass Prairie Food Plot Seed Mix 20 lb Bag - Covers 100,000 Sq Ft - Native Grass Blend",food plot,food plot mix wildlife attractor,116.22,92,1.0,84.99,0.73
gla_185338,Barley,specialty seed,annual winter forages,115.4,179,2.5,78.38,0.68
gla_184726,Little Bluestem,lawn seed,ornamental grasses,113.74,51,1.0,107.09,0.94
gla_182990,Florida Tropics Dryland Pasture Mix,specialty seed,dryland pasture blends,113.1,76,0.33,7.7,0.07
gs1_000008,"Nature's Seed Forage 5 Lb of Pasture Grass Seed for 5,000 Sq Ft Kentucky Bluegrass Filler-Free Curated Varieties by Seed Experts",pasture seeds,single species pasture seeds,112.59,195,2.07,58.14,0.52
gla_406883,Kentucky Bluegrass Seed: Blue Ribbon Mix,lawn seed,grass seed by state,112.54,103,1.0,92.0,0.82
gla_445898,"Nature's Seed Lawn Mix Water-Wise 5 Lb of Grass Seed for 1,000 Sq Ft | TWCA Certified Ideal for Transitional/Northern Regions",lawn / turf seeds,home lawn/yard grass seed,112.5,273,1.0,1.0,0.01
gla_459572,"Nature's Seed Premium Irrigated Pasture Seed Mix 50 lb Bag Covers 25,000 sq ft",pasture seeds,pasture seeds mix,111.51,70,0.57,69.03,0.62
gla_184895,Great Plains Erosion Control Mix,specialty seed,specialty seed by region,111.32,101,0.96,104.94,0.94
gla_184643,Buffalograss,pasture seed,individual pasture species,111.08,79,1.33,81.92,0.74
pg-hean-10-lb,Annual Sunflower - Pasture Seed | Nature's Seed,pasture seed,annual sunflower,110.95,144,1.5,39.96,0.36
gla_446827,"Nature's Seed Wildflower 1 Lb for 2,000 Sq Ft Mix Deer Resistant",wildflower seeds,wildflower mixes,110.78,90,1.0,1.0,0.01
pb-sats-2.5-a,South-Atlantic Transitional Sheep Forage Blend - Pasture Seed | Nature's Seed,pasture seed,south-atlantic transitional sheep forage blend,109.68,102,0.78,79.86,0.73
turf-lope-1500-f,Perennial Ryegrass Seed Blend - Grass Seed | Nature's Seed,grass seed,perennial ryegrass seed blend,108.46,289,1.8,75.33,0.69
gla_185154,Great Lakes/New England Upland Game Food Plot Mix,sale,pasture seed by region,107.64,222,1.0,26.1,0.24
wb-olgn-1000-f,Ornamental Low Growing Native Mix - Wildflower Seed | Nature's Seed,wildflower seed,ornamental low growing native mix,106.66,207,3.07,84.11,0.79
gla_184803,Intermountain West Pollinator Mix,pasture seed,pasture seed by region,106.59,88,1.0,54.0,0.51
gla_185169,Pacific Northwest Big Game Food Plot Mix,specialty seed,specialty seed by region,106.33,89,0.04,14.77,0.14
gla_355717,Okra,heartland collection,pasture seed by region,105.99,84,1.0,17.19,0.16
pg-popr-50-lb,Kentucky Bluegrass - Pasture Seed | Nature's Seed,pasture seed,kentucky bluegrass,105.87,168,4.04,43.66,0.41
gla_185527,Pacific Southwest Poultry Forage Mix,sale,poultry pastures,105.61,84,0.99,35.76,0.34
gla_452929,Coastal Sage Scrub Mix Native California Drought-Tolerant Wildflower Seed 1 Lb for 1000 Sq Ft | Nature's Seed,pasture seeds,pasture seeds mix,104.58,77,0.01,2.73,0.03
gla_185664,Arizona Fescue Seed Mix - 1 Pound Bag,sale,individual pasture species,103.94,162,1.69,66.18,0.64
turf-nff-1500-f,Native Fine Fescue Mix - Grass Seed | Nature's Seed,grass seed,native fine fescue mix,103.82,181,1.45,103.29,0.99
pb-iwbc-0.5-a,Intermountain West Beef Cattle Forage Blend - Pasture Seed | Nature's Seed,pasture seed,intermountain west beef cattle forage blend,103.73,158,0.06,7.86,0.08
gla_187029,Western Native Pollinator Wildflower Mix,wildflower seeds,regional wildflower mixes,103.27,65,0.23,29.43,0.28
gla_184305,Southwest Desert Honey Bee Pasture Mix,specialty seed,honey bee blends,103.07,33,0.58,48.68,0.47
pb-glb-2.5-a,Great Lakes/New England Bison Forage Blend - Pasture Seed | Nature's Seed,pasture seed,great lakes/new england bison forage blend,102.08,154,0.5,27.25,0.27
pb-nbm-10-lb,Native Bioswale Mix - Specialty Seed | Nature's Seed,specialty seed,native bioswale mix,101.84,130,1.16,27.01,0.27
pg-cyda-50-lb,Common Bermudagrass - Pasture Seed | Nature's Seed,pasture seed,common bermudagrass,101.56,236,1.0,0.01,0.0
gla_185846,Lacy Phacelia,great plains planting region,,101.45,75,1.03,20.2,0.2
gla_355786,Cowpeas,pasture seed,individual pasture species,100.77,182,1.0,16.03,0.16
gla_182882,Organic Seed Starter Fertilizer 4-6-4,planting aid,all planting aids,100.42,45,0.04,33.8,0.34
gla_185931,Grain Sorghum,pasture seed,individual pasture species,100.17,264,3.0,85.82,0.86
gla_185500,Intermountain West Poultry Forage Mix,pasture seed,poultry pastures,97.6,86,0.34,27.41,0.28
pg-cyda-1-lb,Common Bermudagrass - Pasture Seed | Nature's Seed,pasture seed,common bermudagrass,95.52,246,2.33,69.28,0.73
pg-avsa-10-lb,Oats - Pasture Seed | Nature's Seed,pasture seed,oats,95.23,230,5.04,39.71,0.42
pb-swth,Southwest Transitional Horse Forage Mix Pasture Seed | Nature's Seed,pasture seed,southwest transitional horse forage mix,93.82,87,0.2,21.7,0.23
gla_184408,Florida Tropics Honey Bee Pasture Mix,pasture seed,pasture seed by region,93.11,138,1.83,87.51,0.94
pb-satbc-1-a,South-Atlantic Transitional Beef Cattle Forage Blend - Pasture Seed | Nature's Seed,pasture seed,south-atlantic transitional beef cattle forage blend,92.96,146,0.33,60.71,0.65
pb-pnwdc,Pacific Northwest Dairy Cow Forage Mix Pasture Seed | Nature's Seed,pasture seed,pacific northwest dairy cow forage mix,92.85,157,0.63,69.49,0.75
gla_446806,"Nature's Seed Pasture & Forage 50 Lb for 50,000 Sq Ft Switchgrass Filler-Free Curated Varieties by Seed Experts",pasture seeds,single species pasture seeds,92.8,47,1.09,82.65,0.89
turf-buda-2000-f,Buffalograss Seed Blend - Grass Seed | Nature's Seed,grass seed,buffalograss seed blend,92.51,243,0.67,66.35,0.72
gla_440376,Transitional Horse Pasture Mix,southwest transitional planting region,,91.84,53,0.12,15.84,0.17
gla_355872,Rapeseed,heartland collection,pasture seed by region,91.21,93,1.62,21.56,0.24
gla_406893,Sun and Shade Grass Seed Mix,lawn seed,grass seed by state,91.02,70,1.0,42.6,0.47
pb-pnws-1-a,Pacific Northwest Sheep Forage Blend - Pasture Seed | Nature's Seed,pasture seed,pacific northwest sheep forage blend,90.41,88,0.03,3.57,0.04
pg-bogr-1-lb,Blue Grama - Grass Seed | Nature's Seed,grass seed,blue grama,89.89,136,0.25,4.37,0.05
gla_185476,Great Lakes/New England Poultry Forage Mix,pasture seed,poultry pastures,89.76,101,0.5,50.92,0.57
pg-hean,Annual Sunflower Pasture Seed | Nature's Seed,pasture seed,annual sunflower,89.53,228,2.0,83.23,0.93
gla_355778,Common Lespedeza,heartland collection,pasture seed by region,88.69,81,0.25,19.82,0.22
pg-agel-10-lb,Tall Wheatgrass - Pasture Seed | Nature's Seed,pasture seed,tall wheatgrass,87.4,214,0.08,4.71,0.05
pb-cec-10-lb,California Erosion Control Mix - Specialty Seed | Nature's Seed,specialty seed,california erosion control mix,86.42,137,1.07,42.47,0.49
pg-erfa,California Buckwheat Specialty Seed | Nature's Seed,specialty seed,california buckwheat,86.15,140,4.13,21.73,0.25
pb-swtd,Southwest Transitional Dryland Pasture Mix Specialty Seed | Nature's Seed,specialty seed,southwest transitional dryland pasture mix,86.02,151,0.19,46.72,0.54
gla_185210,Intermountain West Big Game Food Plot Mix,specialty seed,specialty seed by region,84.12,56,0.01,1.82,0.02
gla_185000,Pacific Northwest Bison Forage Mix,sale,bison pastures,83.99,54,0.5,26.38,0.31
gla_452930,Coastal Sage Scrub Mix Native California Drought-Tolerant Wildflower Seed 2 Lb for 2000 Sq Ft | Nature's Seed,pasture seeds,pasture seeds mix,83.88,50,0.33,43.99,0.52
w-peea-1-lb,Firecracker Penstemon - Wildflower Seed | Nature's Seed,wildflower seed,firecracker penstemon,83.34,174,0.49,34.8,0.42
pb-pnwpb-2000-f,Pacific Northwest Poultry Forage Blend - Pasture Seed | Nature's Seed,pasture seed,pacific northwest poultry forage blend,82.72,147,1.03,11.91,0.14
w-spco,Scarlet Globemallow Wildflower Seed | Nature's Seed,wildflower seed,scarlet globemallow,82.34,426,4.42,33.4,0.41
gla_186670,Zorro Fescue,sale,individual pasture species,81.81,80,0.01,2.55,0.03
turf-amity,Amity Tall Fescue Grass Seed | Nature's Seed,grass seed,amity tall fescue,81.71,149,0.47,46.53,0.57
gla_441153,California Native Erosion Control Mix,specialty seed,,81.36,59,1.0,72.31,0.89
gla_184334,South-Atlantic Transitional Honey Bee Pasture Mix,specialty seed,honey bee blends,80.5,96,4.0,73.8,0.92
pg-lope-10-lb,Perennial Ryegrass - Pasture Seed | Nature's Seed,pasture seed,perennial ryegrass,80.13,236,0.91,51.06,0.64
pb-gppg,Great Plains Pig Forage Mix Pasture Seed | Nature's Seed,pasture seed,great plains pig forage mix,79.85,109,2.83,33.71,0.42
wb-fm-1000-f,Flowering Meadow Mix - Wildflower Seed | Nature's Seed,wildflower seed,flowering meadow mix,78.67,87,1.0,11.86,0.15
gla_185523,Pacific Southwest Poultry Forage Mix,pasture seed,poultry pastures,77.48,87,1.0,28.62,0.37
gla_355766,Chickling Vetch,heartland collection,pasture seed by region,77.43,54,0.33,22.17,0.29
gla_185511,Mid-West/Mid-Atlantic Poultry Forage Mix,sale,poultry pastures,77.18,62,0.66,15.31,0.2
gla_451060,"Microclover Seed (Trifolium) | Self-Fertilizing Lawn Alter Native | 1 Lb for 1,000 Sq Ft | Nature's Seed",specialty seeds,clover seeds,77.11,55,0.5,50.24,0.65
gla_452370,"White Clover Seed (Trifolium repens) —Perennial Nitrogen-Fixing Groundcover & Forage 10 Lb for 20,000 Sq Ft | Nature's Seed",specialty seeds,clover seeds,76.27,47,1.0,36.97,0.48
gla_185601,Southwest Desert Poultry Forage Mix,pasture seed,poultry pastures,75.74,49,0.01,5.18,0.07
s-trre-0.25-a,White Dutch Clover - Grass Seed | Nature's Seed,grass seed,white dutch clover,75.47,136,3.37,42.4,0.56
gla_184742,Crested Wheatgrass,pasture seed,individual pasture species,74.44,130,0.7,21.29,0.29
pb-swdg-1-a,Southwest Desert Goat Forage Blend - Pasture Seed | Nature's Seed,pasture seed,southwest desert goat forage blend,74.09,97,0.04,4.22,0.06
gla_185306,Hairy Vetch,pasture seed,individual pasture species,73.78,64,0.88,46.02,0.62
gla_184807,Intermountain West Pollinator Mix,specialty seed,specialty seed by region,73.78,37,0.11,32.42,0.44
pb-gps-1-a,Great Plains Sheep Forage Blend - Pasture Seed | Nature's Seed,pasture seed,great plains sheep forage blend,73.59,122,0.21,45.51,0.62
s-trre-1000-f,White Dutch Clover - Grass Seed | Nature's Seed,grass seed,white dutch clover,72.35,143,3.62,65.18,0.9
pg-hovu-1-lb,Barley - Pasture Seed | Nature's Seed,pasture seed,barley,72.25,166,2.48,25.13,0.35
pb-ssg-2.5-a,Southern Subtropics Goat Forage Blend - Pasture Seed | Nature's Seed,pasture seed,southern subtropics goat forage blend,72.23,128,0.04,5.15,0.07
gla_184552,White Clover Seeds,pasture seed,individual pasture species,71.81,56,0.2,7.52,0.1
gla_355761,Canada Wildrye,heartland collection,pasture seed by region,70.17,43,0.64,59.36,0.85
gla_184734,Bahia Grass,pasture seed,individual pasture species,69.63,85,0.21,50.58,0.73
pg-seit-25-lb,Foxtail Millet - Pasture Seed | Nature's Seed,pasture seed,foxtail millet,69.21,227,3.83,8.66,0.13
gla_185908,White Proso Millet,sale,individual pasture species,68.91,121,1.0,47.87,0.69
gla_186696,Purple Needle Grass Seed,pasture seed,individual pasture species,67.81,90,0.02,2.64,0.04
pb-ftec-1-a,Florida Tropics Erosion Control Blend - Specialty Seed | Nature's Seed,specialty seed,florida tropics erosion control blend,67.61,99,0.04,10.62,0.16
gla_185977,Desert Sand Verbena,great plains planting region,,67.57,53,3.05,53.61,0.79
turf-wht-1500-f,TWCA Water-Wise Heavy Traffic Mix - Grass Seed | Nature's Seed,grass seed,twca water-wise heavy traffic mix,67.42,104,1.0,5.11,0.08
gla_185188,Pacific Southwest Big Game Food Plot Mix,sale,specialty seed by region,67.4,63,0.25,19.82,0.29
turf-nw-2000-f,Northwest Seed Blend - Grass Seed | Nature's Seed,grass seed,northwest seed blend,67.35,119,1.0,13.71,0.2
pb-swts,Southwest Transitional Sheep Forage Mix Pasture Seed | Nature's Seed,pasture seed,southwest transitional sheep forage mix,67.31,168,0.5,18.8,0.28
turf-ne-5000-f,Northeast Seed Blend - Grass Seed | Nature's Seed,grass seed,northeast seed blend,67.23,132,1.01,54.1,0.8
gla_185098,Mid-West/Mid-Atlantic Upland Game Food Plot Mix,specialty seed,specialty seed by region,66.91,34,0.12,16.55,0.25
gla_184758,Southwest Desert Pollinator Mix,specialty seed,pollinator seed blends,66.62,58,0.27,35.6,0.53
gla_183640,Mid-West/Mid-Atlantic Beef Cattle Forage Mix,pasture seed,cattle pastures,65.81,77,0.01,0.35,0.01
pb-nbm,Native Bioswale Mix Specialty Seed | Nature's Seed,specialty seed,native bioswale mix,65.66,86,0.66,0.66,0.01
gla_406947,Deer Resistant Wildflower Seed Mix,wildflower seeds,wildflower seed by region,65.16,147,0.5,15.14,0.23
pg-seit-50-lb,Foxtail Millet - Pasture Seed | Nature's Seed,pasture seed,foxtail millet,65.01,227,2.33,28.54,0.44
pb-dss-1-lb,Desert Sage Scrub Mix - Specialty Seed | Nature's Seed,specialty seed,desert sage scrub mix,64.72,148,2.16,46.12,0.71
gla_445283,"Nature's Seed Any Region Pasture & Forage 10 Lb for 10,000 Sq Ft Mix Clean, High-Energy Blend for Pigs",pasture seeds,pasture seeds mix,64.58,69,1.01,1.92,0.03
pb-ssd,Southern Subtropics Dryland Pasture Mix Specialty Seed | Nature's Seed,specialty seed,southern subtropics dryland pasture mix,63.54,73,0.33,10.82,0.17
gla_455450,"Nature's Seed Plains Prairie Seed Mix 8 lb Bag - Native Wildflower & Grass Blend, Covers 1,000 Sq Ft",food plot,food plot mix wildlife attractor,63.39,59,1.0,18.77,0.3
gla_185681,Virginia Wildrye,sale,individual pasture species,63.29,91,1.08,56.02,0.89
gla_185477,Great Lakes/New England Poultry Forage Mix,pasture seed,pasture seed by region,63.28,69,1.63,47.67,0.75
gla_452903,White Sage Seed (Salvia apiana) Native Drought-Proof Aromatic Shrub 1 Lb for 2000 Sq Ft | Nature's Seed,wildflower seeds,single species wildflower,62.29,59,1.0,45.48,0.73
gla_185125,Intermountain West Upland Game Food Plot Mix,specialty seed,specialty seed by region,62.28,39,1.0,47.19,0.76
gla_445244,"Nature's Seed Premium Turf Native Fine Fescue Seed Mix 5lbs bag for 1,000 Sq. ft",uncategorized,,59.12,48,1.0,53.44,0.9
gla_185729,"Handheld Broadcast Seeder Spreader - Seed, Fertilizer & Ice Melt Dispenser | Nature's Seed",planting aids,all planting aids,58.43,42,0.53,16.61,0.28
pg-trob-1-lb,Creek Clover - Specialty Seed | Nature's Seed,specialty seed,creek clover,57.29,86,2.24,0.01,0.0
gla_445122,Organic Seed Starter Fertilizer 4-6-4 — Natural Root Growth Boost for New Lawns & Gardens | Nature's Seed,planting aids,,56.97,32,1.0,1.0,0.02
pb-glec,Great Lakes/New England Erosion Control Mix Specialty Seed | Nature's Seed,specialty seed,great lakes/new england erosion control mix,56.96,70,1.0,30.12,0.53
pg-rasa-1-lb,Forage Radish - Pasture Seed | Nature's Seed,pasture seed,forage radish,56.38,114,0.06,1.35,0.02
gs2_000011,"Nature's Seed Any Region specialty 20 Lb for 20,000 Sq Ft Prairie Native Drought-Tolerant & Erosion Control Mix Drought-Tolerant & Erosion",specialty seeds,regional specialty seed mix,54.78,25,0.5,0.5,0.01
pb-fth-1-a,Florida Tropics Horse Forage Blend - Pasture Seed | Nature's Seed,pasture seed,florida tropics horse forage blend,54.74,51,0.01,0.3,0.01
w-neme,Baby Blue Eyes Wildflower Seed | Nature's Seed,wildflower seed,baby blue eyes,54.31,300,2.0,25.89,0.48
w-peea-5-p,Firecracker Penstemon - Wildflower Seed | Nature's Seed,wildflower seed,firecracker penstemon,54.13,219,3.01,13.09,0.24
gla_355832,Mung Beans,pasture seed,individual pasture species,54.08,128,1.0,37.52,0.69
gla_185189,Pacific Southwest Big Game Food Plot Mix,specialty seed,specialty seed by region,53.62,33,0.33,49.28,0.92
gla_186411,San Diego Bentgrass,lawn seed,,53.47,97,0.25,14.75,0.28
gs1_000005,Nature's Seed planting aid 5 LB Sheep Fescue Filler-Free Curated Varieties by Seed Experts,specialty seeds,lawn alternative/enhancer,53.03,88,3.07,3.07,0.06
gla_185674,Tufted Hairgrass,sale,individual pasture species,53.03,67,1.0,28.38,0.54
pb-dss-0.5-lb,Desert Sage Scrub Mix - Specialty Seed | Nature's Seed,specialty seed,desert sage scrub mix,52.9,100,1.02,34.93,0.66
pb-gppb-2000-f,Great Plains Poultry Forage Blend - Pasture Seed | Nature's Seed,pasture seed,great plains poultry forage blend,52.46,95,1.53,47.61,0.91
pg-kocr-n-10-lb,Junegrass - Pasture Seed | Nature's Seed,pasture seed,junegrass,51.08,223,1.01,35.15,0.69
pg-brma-25-lb,Mountain Brome - Pasture Seed | Nature's Seed,pasture seed,mountain brome,50.97,97,0.07,4.15,0.08
gla_185341,Barley,specialty seed,annual winter forages,50.95,40,0.03,1.51,0.03
gla_184483,Alsike Clover Seeds - 25 Pound Bag,pasture seed,individual pasture species,50.68,39,0.06,4.27,0.08
pb-mwpb-2000-f,Mid-West/Mid-Atlantic Poultry Forage Blend - Pasture Seed | Nature's Seed,pasture seed,mid-west/mid-atlantic poultry forage blend,49.47,94,0.5,12.72,0.26
pb-swdbg-1-a,Southwest Desert Big Game Food Plot Blend - Specialty Seed | Nature's Seed,specialty seed,southwest desert big game food plot blend,49.05,99,0.14,21.54,0.44
gla_192028,Midwest Wildflower Mix,wildflower seeds,wildflower seed by region,48.87,118,0.22,23.63,0.48
pb-pnwhb-1-a,Pacific Northwest Honey Bee Pasture Blend - Specialty Seed | Nature's Seed,specialty seed,pacific northwest honey bee pasture blend,48.82,93,1.0,40.54,0.83
pg-sosu-50-lb,Sudangrass - Pasture Seed | Nature's Seed,pasture seed,sudangrass,48.78,162,0.32,16.0,0.33
gla_355924,Teff Grass (Coated),pasture seed,individual pasture species,48.51,110,1.0,36.99,0.76
gla_184559,Intermediate Wheatgrass,pasture seed,pasture seed by region,48.5,58,0.5,33.25,0.69
w-lual-0.25-lb,Mountain Lupine - Wildflower Seed | Nature's Seed,wildflower seed,mountain lupine,48.48,118,1.0,47.91,0.99
pg-vuoc-1-lb,Six Weeks Fescue - Pasture Seed | Nature's Seed,pasture seed,six weeks fescue,48.45,52,0.25,0.0,0.0
pb-ssag,Southwest Semi-Arid Steppe Goat Forage Mix Pasture Seed | Nature's Seed,pasture seed,southwest semi-arid steppe goat forage mix,48.42,88,0.56,45.56,0.94
gla_186399,TWCA Water-Wise Tall Fescue Blend,lawn seed,fescue grass seed,47.4,43,0.25,34.59,0.73
gla_184733,Bahia Grass,pasture seed,individual pasture species,46.08,89,0.02,2.26,0.05
gla_183857,Southwest Transitional Goat Forage Mix,sale,goat pasture seed,46.01,40,0.12,8.55,0.19
pb-pswg-2.5-a,Pacific Southwest Goat Forage Blend - Pasture Seed | Nature's Seed,pasture seed,pacific southwest goat forage blend,45.7,58,0.5,0.0,0.0
gla_184880,Mid-West/Mid-Atlantic Erosion Control Mix,sale,specialty seed by region,45.66,39,0.33,32.43,0.71
pg-kocr,Junegrass Pasture Seed | Nature's Seed,pasture seed,junegrass,45.16,69,0.5,5.82,0.13
pg-feid-n-1-lb,Idaho Fescue - Pasture Seed | Nature's Seed,pasture seed,idaho fescue,45.14,73,0.01,0.35,0.01
pb-iwec-0.5-a,Intermountain West Erosion Control Blend - Specialty Seed | Nature's Seed,specialty seed,intermountain west erosion control blend,44.52,48,0.71,4.89,0.11
turf-nw-500-f,Northwest Seed Blend - Grass Seed | Nature's Seed,grass seed,northwest seed blend,44.43,80,0.59,28.86,0.65
gla_444235,Kentucky Bluegrass,pasture seed,individual pasture species,44.21,45,1.09,1.09,0.02
pb-fthb-0.5-a,Florida Tropics Honey Bee Pasture Blend - Specialty Seed | Nature's Seed,specialty seed,florida tropics honey bee pasture blend,43.95,77,1.2,33.28,0.76
pb-pnwhb-2000-f,Pacific Northwest Honey Bee Pasture Blend - Specialty Seed | Nature's Seed,specialty seed,pacific northwest honey bee pasture blend,43.13,108,1.02,19.96,0.46
15909567289134119346,"Shade-Tolerant Water-Wise Northeast Lawn Mix |TWCA Certified - 25 Lb - 5,000 Sq. Ft",,,42.69,41,4.57,12.97,0.3
gla_444230,"Nature's Seed Pasture & Forage 5 Lb for 5,000 Sq Ft Bahiagrass Filler-Free Curated Varieties by Seed Experts",pasture seeds,single species pasture seeds,42.59,60,1.0,1.0,0.02
pb-ssdc-1-a,Southern Subtropics Dairy Cow Forage Blend - Pasture Seed | Nature's Seed,pasture seed,southern subtropics dairy cow forage blend,41.88,80,0.33,22.96,0.55
pg-buck-10-lb,Common Buckwheat - Pasture Seed | Nature's Seed,pasture seed,common buckwheat,41.51,60,2.0,29.68,0.72
pb-glpb-1-a,Great Lakes/New England Poultry Forage Blend - Pasture Seed | Nature's Seed,pasture seed,great lakes/new england poultry forage blend,41.1,55,1.0,0.01,0.0
wb-bep-500-f,California Native Pollinator Wildflower Mix - Wildflower Seed | Nature's Seed,wildflower seed,california native pollinator wildflower mix,40.72,40,1.0,24.6,0.6
w-hewh-0.25-lb,Chaparral Yucca - Wildflower Seed | Nature's Seed,wildflower seed,chaparral yucca,40.11,606,1.0,36.27,0.9
gla_184115,Garden Cosmos,wildflower seed,wildflower seed by region,39.8,52,1.0,23.37,0.59
gla_184349,Intermountain West Honey Bee Pasture Mix,specialty seed,honey bee blends,38.95,28,0.02,9.71,0.25
pb-pswpb,Pacific Southwest Poultry Forage Mix Pasture Seed | Nature's Seed,pasture seed,pacific southwest poultry forage mix,38.86,56,1.97,1.97,0.05
gla_184623,Bottlebrush Squirreltail,pasture seed,individual pasture species,38.46,36,0.01,0.78,0.02
gla_184492,Red Clover,pasture seed,individual pasture species,38.39,35,1.0,14.5,0.38
pg-trfr-50-lb,Strawberry Clover - Pasture Seed | Nature's Seed,pasture seed,strawberry clover,38.37,59,1.0,0.01,0.0
pb-mwpb-0.5-a,Mid-West/Mid-Atlantic Poultry Forage Blend - Pasture Seed | Nature's Seed,pasture seed,mid-west/mid-atlantic poultry forage blend,37.97,58,3.0,1.01,0.03
pg-hovu-10-lb,Barley - Pasture Seed | Nature's Seed,pasture seed,barley,37.87,82,0.01,0.0,0.0
gla_185851,Thickspike Wheatgrass,sale,individual pasture species,37.35,60,0.49,14.75,0.39
pb-iwpb-5000-f,Intermountain West Poultry Forage Blend - Pasture Seed | Nature's Seed,pasture seed,intermountain west poultry forage blend,36.56,49,0.48,17.81,0.49
s-felo-50-lb,Hard Fescue Grass - Grass Seed | Nature's Seed,grass seed,hard fescue grass,36.29,103,0.08,3.98,0.11
gla_184978,Intermountain West Wildfire Resistant Mix,specialty seed,specialty seed by region,36.25,19,0.15,26.98,0.74
pg-trob-50-lb,Creek Clover - Specialty Seed | Nature's Seed,specialty seed,creek clover,35.93,57,0.04,2.5,0.07
gla_446807,"Nature's Seed Pasture & Forage 25 Lb for 25,000 Sq Ft Buckwheat Filler-Free Curated Varieties by Seed Experts",pasture seeds,single species pasture seeds,35.7,39,1.0,0.0,0.0
gs1_000002,"Nature's Seed Lawn Bluegrass Cold-tolerant & Drought Tolerant 5 Lb for 1,000 Sq Ft | TWCA Certified Ideal for Transitional/Northern Regions",lawn seeds,water-wise lawn seeds (twca certified),35.46,51,0.48,0.48,0.01
pg-lomu,Annual Ryegrass Pasture Seed | Nature's Seed,pasture seed,annual ryegrass,35.23,120,2.0,34.96,0.99
pb-ssd-0.5-a,Southern Subtropics Dryland Pasture Blend - Specialty Seed | Nature's Seed,specialty seed,southern subtropics dryland pasture blend,35.19,31,0.08,4.3,0.12
pg-feid-50-lb,Idaho Fescue - Pasture Seed | Nature's Seed,pasture seed,idaho fescue,34.94,57,0.02,0.61,0.02
gla_406932,Southwest Transitional Dryland Pasture Mix,specialty seed,dryland pasture blends,34.62,24,0.01,2.3,0.07
pb-pnwp-1000-f,Pacific Northwest Pollinator Blend - Specialty Seed | Nature's Seed,specialty seed,pacific northwest pollinator blend,34.22,39,0.15,3.89,0.11
gla_185923,Foxtail Millet,pasture seed,individual pasture species,34.06,76,1.0,15.02,0.44
gla_183493,Firecracker Penstemon,california collection,wildflower seed by region,33.95,47,0.23,29.43,0.87
gla_185859,Pubescent Wheatgrass,sale,individual pasture species,33.66,34,1.0,22.68,0.67
pb-pswd-0.5-a,Pacific Southwest Dryland Pasture Blend - Specialty Seed | Nature's Seed,specialty seed,pacific southwest dryland pasture blend,33.54,43,0.02,1.44,0.04
pb-ftg-1-a,Florida Tropics Goat Forage Blend - Pasture Seed | Nature's Seed,pasture seed,florida tropics goat forage blend,33.03,38,0.5,0.0,0.0
w-peea-1-p,Firecracker Penstemon - Wildflower Seed | Nature's Seed,wildflower seed,firecracker penstemon,33.0,110,4.0,0.03,0.0
gla_406915,Low Growing Wildflower Mix,sale,wildflower seed by region,32.93,53,1.0,24.53,0.74
w-lual-1-lb,Mountain Lupine - Wildflower Seed | Nature's Seed,wildflower seed,mountain lupine,32.82,78,0.29,14.94,0.46
pb-ftpb-1000-f,Florida Tropics Poultry Forage Blend - Pasture Seed | Nature's Seed,pasture seed,florida tropics poultry forage blend,32.67,54,0.92,22.13,0.68
turf-wnw-5000-f,TWCA Water-Wise Northwest Mix - Grass Seed | Nature's Seed,grass seed,twca water-wise northwest mix,32.63,55,0.04,10.78,0.33
pb-swtg-1-a,Southwest Transitional Goat Forage Blend - Pasture Seed | Nature's Seed,pasture seed,southwest transitional goat forage blend,32.34,39,0.38,22.77,0.7
gla_184821,Southern Subtropics Pollinator Mix,specialty seed,pollinator seed blends,32.23,27,0.02,3.97,0.12
gla_406917,Low Growing Wildflower Mix,sale,wildflower seed by region,31.69,32,1.0,22.99,0.73
pg-vuoc-50-lb,Six Weeks Fescue - Pasture Seed | Nature's Seed,pasture seed,six weeks fescue,31.4,26,0.02,11.7,0.37
pg-vivi-1-lb,Hairy Vetch - Pasture Seed | Nature's Seed,pasture seed,hairy vetch,30.97,30,2.36,29.68,0.96
gla_186589,Small Fescue,sale,individual pasture species,30.92,28,0.5,23.77,0.77
pg-brin-25-lb,Smooth Brome - Pasture Seed | Nature's Seed,pasture seed,smooth brome,30.15,107,0.01,0.0,0.0
pg-brhi-1-lb,White Mustard - Pasture Seed | Nature's Seed,pasture seed,white mustard,29.87,50,1.0,12.52,0.42
wb-fm,Flowering Meadow Mix Wildflower Seed | Nature's Seed,wildflower seed,flowering meadow mix,29.82,34,0.02,0.38,0.01
pb-dss,Desert Sage Scrub Mix Specialty Seed | Nature's Seed,specialty seed,desert sage scrub mix,29.7,62,0.26,0.26,0.01
gla_185573,Southwest Transitional Poultry Forage Mix,sale,poultry pastures,29.25,31,0.51,20.53,0.7
wb-dr,Deer Resistant Wildflower Mix | Nature's Seed,wildflower seed,deer resistant wildflower mix,29.18,51,1.0,10.06,0.34
w-asla-1-lb,Smooth Aster - Wildflower Seed | Nature's Seed,wildflower seed,smooth aster,28.48,62,0.07,15.73,0.55
gla_184446,Tall Wheatgrass,sale,individual pasture species,28.42,34,0.25,6.89,0.24
gla_445909,"Nature's Seed Any Region Pasture & Forage 20 Lb for 20,000 Sq Ft Mix Curated Soft‐Leaf Blend for Llamas and Aplacas with No Fillers",pasture seeds,pasture seeds mix,27.81,26,0.2,12.77,0.46
turf-wht,TWCA Water-Wise Heavy Traffic Mix Grass Seed | Nature's Seed,grass seed,twca water-wise heavy traffic mix,27.53,39,0.08,0.18,0.01
pg-pegl2-10-lb,Hybrid Pearl Millet - Pasture Seed | Nature's Seed,pasture seed,hybrid pearl millet,27.38,84,1.0,1.0,0.04
gla_429474,California Poppy Seeds,wildflower seeds,wildflower seed by region,27.33,16,0.63,20.74,0.76
turf-wt-500-f,TWCA Water-Wise Tall Fescue Blend - Grass Seed | Nature's Seed,grass seed,twca water-wise tall fescue blend,27.19,53,0.02,1.33,0.05
gla_185750,Common Milkweed,wildflower seed,wildflower seed by region,27.18,27,1.0,16.98,0.62
pg-trhy-1-lb,Alsike Clover - Pasture Seed | Nature's Seed,pasture seed,alsike clover,27.03,38,0.83,17.42,0.64
pg-agtr-1-lb,Slender Wheatgrass - Pasture Seed | Nature's Seed,pasture seed,slender wheatgrass,26.63,60,0.01,0.0,0.0
gla_459571,"Nature's Seed Premium Irrigated Pasture Seed Mix 20 lb Bag - Covers 10,000 sq ft, Forage Grass Blend",pasture seeds,pasture seeds mix,26.17,26,0.33,23.99,0.92
gla_186947,Purple Clarkia,wildflower seed,,26.09,26,0.12,4.76,0.18
wb-xccp-0.5-lb,Xerces Central Coast Pollinator Mix - Wildflower Seed | Nature's Seed,wildflower seed,xerces central coast pollinator mix,26.07,30,1.0,1.09,0.04
wb-mp-2000-f,Mostly Perennial Wildflower Mix - Wildflower Seed | Nature's Seed,wildflower seed,mostly perennial wildflower mix,26.04,30,1.0,0.01,0.0
w-neme-1-p,Baby Blue Eyes - Wildflower Seed | Nature's Seed,wildflower seed,baby blue eyes,26.02,57,1.0,0.01,0.0
turf-lope-500-f,Perennial Ryegrass Seed Blend - Grass Seed | Nature's Seed,grass seed,perennial ryegrass seed blend,26.02,49,0.02,11.7,0.45
pb-pnwug,Pacific Northwest Upland Game Food Plot Mix Specialty Seed | Nature's Seed,specialty seed,pacific northwest upland game food plot mix,25.99,44,0.33,22.73,0.87
gla_184242,Splitleaf Indian Paintbrush,wildflower seed,wildflower seed by region,25.24,40,1.5,9.87,0.39
gla_185657,Big Bluegrass,pasture seed,pasture seed by region,25.14,34,0.01,4.46,0.18
w-sibe,Blue-Eyed Grass Wildflower Seed | Nature's Seed,wildflower seed,blue-eyed grass,25.12,57,1.0,1.0,0.04
pg-feid-n-25-lb,Idaho Fescue - Pasture Seed | Nature's Seed,pasture seed,idaho fescue,25.08,39,1.34,10.64,0.42
pb-pnwp-1500-f,Pacific Northwest Pollinator Blend - Specialty Seed | Nature's Seed,specialty seed,pacific northwest pollinator blend,24.76,31,1.0,0.01,0.0
pb-pswd-2.5-a,Pacific Southwest Dryland Pasture Blend - Specialty Seed | Nature's Seed,specialty seed,pacific southwest dryland pasture blend,24.42,22,0.87,0.01,0.0
pg-mumi-50-lb,Little Seed Muhly - Pasture Seed | Nature's Seed,pasture seed,little seed muhly,24.24,19,0.01,1.85,0.08
wb-an-2000-f,Annual Wildflower Blend - Wildflower Seed | Nature's Seed,wildflower seed,annual wildflower blend,24.23,48,1.0,0.01,0.0
pb-swdp,Southwest Desert Pollinator Mix Specialty Seed | Nature's Seed,specialty seed,southwest desert pollinator mix,24.18,38,2.01,6.48,0.27
gla_440409,Great Plains Horse Forage Mix,sale,,23.84,10,0.01,2.86,0.12
pb-ftd,Florida Tropics Dryland Pasture Mix Specialty Seed | Nature's Seed,specialty seed,florida tropics dryland pasture mix,23.35,36,0.2,21.7,0.93
pg-trin-1-lb,Crimson Clover - Pasture Seed | Nature's Seed,pasture seed,crimson clover,23.21,28,1.0,0.01,0.0
pg-pler-n-1-lb,Dotseed Plantain - Pasture Seed | Nature's Seed,pasture seed,dotseed plantain,23.18,33,0.6,0.0,0.0
pg-fear-1-lb,Arizona Fescue - Pasture Seed | Nature's Seed,pasture seed,arizona fescue,23.07,63,0.5,0.0,0.0
pg-brmo-10-lb,Blando Brome Grass - Pasture Seed | Nature's Seed,pasture seed,blando brome grass,23.06,43,0.25,16.48,0.71
pg-sosu-25-lb,Sudangrass - Pasture Seed | Nature's Seed,pasture seed,sudangrass,22.84,105,1.0,17.02,0.75
pg-trit-1-lb,Triticale - Pasture Seed | Nature's Seed,pasture seed,triticale,22.27,76,0.68,21.07,0.95
gla_184670,Common Bermudagrass,pasture seed,individual pasture species,21.99,18,0.02,14.5,0.66
wb-ba-2000-f,Bay Area Wildflower Mix - Wildflower Seed | Nature's Seed,wildflower seed,bay area wildflower mix,21.93,32,1.33,6.89,0.31
gla_458430,"Nature's Seed Meadow Lawn Seed Blend 10 lb Bag - Covers 2,000 sq ft - Turf Grass Mix for Sunny & Partial Shade",lawn / turf seeds,home lawn/yard grass seed,21.2,14,0.01,1.04,0.05
wb-bep-1000-f,California Native Pollinator Wildflower Mix - Wildflower Seed | Nature's Seed,wildflower seed,california native pollinator wildflower mix,20.9,27,0.82,17.46,0.84
pg-agtr2,Pubescent Wheatgrass Pasture Seed | Nature's Seed,pasture seed,pubescent wheatgrass,20.2,103,0.5,0.5,0.02
w-asfa-n-0.25-lb,Narrowleaf Milkweed - Wildflower Seed | Nature's Seed,wildflower seed,narrowleaf milkweed,20.03,25,1.52,1.0,0.05
pg-agsi-1-lb,Siberian Wheatgrass - Pasture Seed | Nature's Seed,pasture seed,siberian wheatgrass,19.91,34,0.01,0.72,0.04
w-asno-2-p,New England Aster Wildflower Seed | Nature's Seed,wildflower seed,new england aster,19.9,64,2.0,2.0,0.1
pb-tort-nb-1500-f,Tortoise Forage Mix (No Bermudagrass) - Pasture Seed | Nature's Seed,pasture seed,tortoise forage mix (no bermudagrass),19.72,33,1.09,3.62,0.18
gla_184205,Rocky Mountain Penstemon,sale,wildflower seed by region,19.32,22,1.5,9.87,0.51
pg-vivi-50-lb,Hairy Vetch - Pasture Seed | Nature's Seed,pasture seed,hairy vetch,19.18,29,0.06,1.16,0.06
w-sibe-n-0.25-lb,Blue-Eyed Grass - Wildflower Seed | Nature's Seed,wildflower seed,blue-eyed grass,18.97,36,1.0,0.01,0.0
gla_441415,"Low‐Water TWCA Tall Fescue Blend – Triple‐Play Cultivars, Drought & Wear‐Resistant, Shade‐Adaptable",uncategorized,,18.94,38,0.01,1.09,0.06
w-clpu2-n-1-lb,Purple Clarkia - Wildflower Seed | Nature's Seed,wildflower seed,purple clarkia,18.93,47,0.02,2.25,0.12
pb-cbm,Compact Bioswale Mix Specialty Seed | Nature's Seed,specialty seed,compact bioswale mix,18.82,21,1.33,1.33,0.07
gla_187105,TWCA Water-Wise Northern Sports Mix,specialty seed,twca grass seed,18.16,19,0.25,10.9,0.6
w-aqca,Eastern Red Columbine Wildflower Seed | Nature's Seed,wildflower seed,eastern red columbine,18.1,51,4.0,14.59,0.81
pb-ftpb-1500-f,Florida Tropics Poultry Forage Blend - Pasture Seed | Nature's Seed,pasture seed,florida tropics poultry forage blend,17.89,38,0.05,1.12,0.06
w-disi-5-p,African Daisy - Wildflower Seed | Nature's Seed,wildflower seed,african daisy,17.63,60,1.0,12.98,0.74
pb-iwb-0.5-a,Intermountain West Bison Forage Blend - Pasture Seed | Nature's Seed,pasture seed,intermountain west bison forage blend,17.1,17,0.1,1.58,0.09
w-esme,Mexican Gold Poppy Wildflower Seed | Nature's Seed,wildflower seed,mexican gold poppy,16.99,65,1.5,1.5,0.09
w-kagr-5-p,Arizona Poppy - Wildflower Seed | Nature's Seed,wildflower seed,arizona poppy,16.98,55,1.74,13.71,0.81
1927560446564466257,Micro Clover Seed,,,16.9,47,0.33,0.33,0.02
gla_185411,Annual Ryegrass,specialty seed,annual winter forages,16.74,20,0.01,0.17,0.01
gla_186752,Coastal Sage Scrub Mix,specialty seed,,16.72,26,0.02,2.64,0.16
w-disi,African Daisy Wildflower Seed | Nature's Seed,wildflower seed,african daisy,16.61,77,1.0,1.0,0.06
pb-pnwp,Pacific Northwest Pollinator Mix Specialty Seed | Nature's Seed,specialty seed,pacific northwest pollinator mix,16.45,45,1.0,14.64,0.89
7439118788927984508,Native Dryland & Erosion Control Mix,,,16.43,20,0.67,0.67,0.04
gla_452616,Miniature Lupine Seed (Lupinus bicolor) Low-Growing Native Annual Wildflower 0.5 Lb for 1000 Sq Ft | Nature's Seed,wildflower seeds,single species wildflower,16.28,14,1.0,1.0,0.06
pb-satpb-1000-f,South-Atlantic Transitional Poultry Forage Blend - Pasture Seed | Nature's Seed,pasture seed,south-atlantic transitional poultry forage blend,16.16,15,0.37,11.16,0.69
12974553985789960520,Tortoise Forage & Habitat Mix,,,16.12,22,1.0,1.0,0.06
gla_185269,White Mustard,sale,individual pasture species,16.1,10,0.5,9.0,0.56
w-pest,Rocky Mountain Penstemon Wildflower Seed | Nature's Seed,wildflower seed,rocky mountain penstemon,15.89,74,1.0,1.0,0.06
w-phse-1-p,Silky Phacelia - Wildflower Seed | Nature's Seed,wildflower seed,silky phacelia,15.83,61,1.0,1.0,0.06
w-peem-1-p,Desert Daisy - Wildflower Seed | Nature's Seed,wildflower seed,desert daisy,15.64,46,1.33,7.74,0.49
pg-sami-50-lb,Small Burnet - Pasture Seed | Nature's Seed,pasture seed,small burnet,15.6,46,0.67,9.51,0.61
pg-kopr-1-lb,Forage Kochia - Pasture Seed | Nature's Seed,pasture seed,forage kochia,15.49,108,1.0,0.01,0.0
17411441499501235597,Tall Fescue,,,15.48,37,2.0,2.0,0.13
gla_184072,Arroyo Lupine,sale,wildflower seed by region,15.42,13,0.25,6.32,0.41
w-spco2-0.25-lb,Coulter's Globemallow - Wildflower Seed | Nature's Seed,wildflower seed,coulter's globemallow,15.01,30,0.2,2.61,0.17
pb-pswpb-2.5-a,Pacific Southwest Poultry Forage Blend - Pasture Seed | Nature's Seed,pasture seed,pacific southwest poultry forage blend,14.61,14,0.5,0.0,0.0
pg-spcr-50-lb,Sand Dropseed - Pasture Seed | Nature's Seed,pasture seed,sand dropseed,14.3,57,0.04,1.16,0.08
gla_182836,Southeast Wildflower Mix,wildflower seeds,wildflower seed by region,14.28,11,1.0,13.46,0.94
pb-satb,South-Atlantic Transitional Bison Forage Mix Pasture Seed | Nature's Seed,pasture seed,south-atlantic transitional bison forage mix,14.11,24,0.13,8.72,0.62
w-lual-5-p,Mountain Lupine - Wildflower Seed | Nature's Seed,wildflower seed,mountain lupine,14.08,27,1.5,1.0,0.07
w-lima-50-p,Baby Snapdragon - Wildflower Seed | Nature's Seed,wildflower seed,baby snapdragon,13.8,34,1.0,0.01,0.0
w-laod-0.25-lb,Sweet Pea - Wildflower Seed | Nature's Seed,wildflower seed,sweet pea,13.67,33,0.03,1.95,0.14
pg-vumi-n-1-lb,Small Fescue - Pasture Seed | Nature's Seed,pasture seed,small fescue,13.57,32,0.25,0.0,0.0
w-pepa2-0.25-lb,Parry Penstemon - Wildflower Seed | Nature's Seed,wildflower seed,parry penstemon,13.55,55,3.0,11.13,0.82
w-pepa2-0.5-lb,Parry Penstemon - Wildflower Seed | Nature's Seed,wildflower seed,parry penstemon,13.47,46,0.18,12.34,0.92
w-natr,Nasturtium Wildflower Seed | Nature's Seed,wildflower seed,nasturtium,13.26,64,2.0,5.85,0.44
pb-ssah-0.5-a,Southwest Semi-Arid Steppe Horse Forage Blend - Pasture Seed | Nature's Seed,pasture seed,southwest semi-arid steppe horse forage blend,13.2,17,0.08,4.3,0.33
pb-pswpb-2000-f,Pacific Southwest Poultry Forage Blend - Pasture Seed | Nature's Seed,pasture seed,pacific southwest poultry forage blend,13.08,22,0.51,0.5,0.04
w-abvi-50-p,Desert Sand Verbena - Wildflower Seed | Nature's Seed,wildflower seed,desert sand verbena,13.05,65,1.0,1.0,0.08
w-clwi-n-1-lb,Fort Miller Clarkia - Wildflower Seed | Nature's Seed,wildflower seed,fort miller clarkia,12.98,25,0.02,2.25,0.17
pb-satpb-2000-f,South-Atlantic Transitional Poultry Forage Blend - Pasture Seed | Nature's Seed,pasture seed,south-atlantic transitional poultry forage blend,12.96,11,0.01,0.0,0.0
w-asla-0.5-lb,Smooth Aster - Wildflower Seed | Nature's Seed,wildflower seed,smooth aster,12.74,32,1.0,1.0,0.08
pb-gphb,Great Plains Honey Bee Pasture Mix Specialty Seed | Nature's Seed,specialty seed,great plains honey bee pasture mix,12.69,41,0.5,0.5,0.04
w-clse,Rocky Mountain Beeplant Wildflower Seed | Nature's Seed,wildflower seed,rocky mountain beeplant,12.63,92,0.98,0.98,0.08
w-enca,California Bush Sunflower Wildflower Seed | Nature's Seed,wildflower seed,california bush sunflower,12.52,34,0.46,0.46,0.04
gla_446818,"Nature's Seed Any Region Pasture & Forage 2 Lb for 2,000 Sq Ft Mix Low-Grow, High-Fiber Blend, Turtoise Safe, Filler-Free Forage",pasture seeds,pasture seeds mix,12.45,13,2.0,2.0,0.16
w-sibe-n-1-lb,Blue-Eyed Grass - Wildflower Seed | Nature's Seed,wildflower seed,blue-eyed grass,12.24,24,0.5,6.11,0.5
pg-pler-n-10-lb,Dotseed Plantain - Pasture Seed | Nature's Seed,pasture seed,dotseed plantain,12.17,13,0.01,4.58,0.38
gla_406997,Plains Coreopsis,wildflower seed,wildflower seed by region,12.06,14,0.24,4.94,0.41
w-clgrt-n,Tracy's Clarkia Wildflower Seed | Nature's Seed,wildflower seed,tracy's clarkia,12.06,26,1.17,10.74,0.89
turf-wnw-2000-f,TWCA Water-Wise Northwest Mix - Grass Seed | Nature's Seed,grass seed,twca water-wise northwest mix,11.54,25,0.22,8.0,0.69
pb-mwbg-2.5-a,Mid-West/Mid-Atlantic Big Game Food Plot Blend - Specialty Seed | Nature's Seed,specialty seed,mid-west/mid-atlantic big game food plot blend,11.48,18,0.01,0.69,0.06
w-pesp3-1-p,Showy Penstemon - Wildflower Seed | Nature's Seed,wildflower seed,showy penstemon,11.26,20,0.51,0.5,0.04
pb-sspb-1500-f,Southern Subtropics Poultry Forage Blend - Pasture Seed | Nature's Seed,pasture seed,southern subtropics poultry forage blend,11.24,17,0.49,10.0,0.89
s-feov-25-lb,Sheep Fescue Grass - Grass Seed | Nature's Seed,grass seed,sheep fescue grass,11.14,18,1.02,3.57,0.32
w-asfa-1-lb,Narrowleaf Milkweed - Wildflower Seed | Nature's Seed,wildflower seed,narrowleaf milkweed,11.04,28,0.09,1.84,0.17
w-lual,Mountain Lupine Wildflower Seed | Nature's Seed,wildflower seed,mountain lupine,11.0,62,2.0,2.0,0.18
wb-sw,Southwest Wildflower Seed Mix Wildflower Seed | Nature's Seed,wildflower seed,southwest wildflower mix,10.96,29,1.0,1.0,0.09
pb-swdb-0.5-a,Southwest Desert Bison Forage Blend - Pasture Seed | Nature's Seed,pasture seed,southwest desert bison forage blend,10.72,11,0.5,1.51,0.14
gla_186118,Sky Lupine,wildflower seeds,,10.63,9,0.02,4.64,0.44
pg-atca-1-lb,Four-wing Saltbush - Specialty Seed | Nature's Seed,specialty seed,four-wing saltbush,10.58,38,1.0,1.81,0.17
w-irmi-5-p,Rocky Mountain Iris - Wildflower Seed | Nature's Seed,wildflower seed,rocky mountain iris,9.93,28,0.48,0.52,0.05
w-enca-50-p,California Bush Sunflower - Wildflower Seed | Nature's Seed,wildflower seed,california bush sunflower,9.81,24,0.49,0.0,0.0
pb-gpal-1-a,Great Plains Alpaca/Llama Forage Blend - Pasture Seed | Nature's Seed,pasture seed,great plains alpaca/llama forage blend,9.6,24,0.01,5.28,0.55
pg-same3,Black Sage Specialty Seed | Nature's Seed,specialty seed,black sage,9.42,21,1.0,1.0,0.11
w-irmi-1-lb,Rocky Mountain Iris - Wildflower Seed | Nature's Seed,wildflower seed,rocky mountain iris,9.4,17,0.02,3.89,0.41
pb-pswpb-500-f,Pacific Southwest Poultry Forage Blend - Pasture Seed | Nature's Seed,pasture seed,pacific southwest poultry forage blend,9.32,16,2.0,0.02,0.0
pb-sathb-2.5-a,South-Atlantic Transitional Honey Bee Pasture Blend - Specialty Seed | Nature's Seed,specialty seed,south-atlantic transitional honey bee pasture blend,8.87,12,0.98,0.01,0.0
pg-trwi-10-lb,Tomcat Clover - Specialty Seed | Nature's Seed,specialty seed,tomcat clover,8.72,13,0.09,3.54,0.41
pg-agri-50-lb,Streambank Wheatgrass - Pasture Seed | Nature's Seed,pasture seed,streambank wheatgrass,8.67,29,0.01,1.15,0.13
w-hema2,Maximilian Sunflower Wildflower Seed | Nature's Seed,wildflower seed,maximilian sunflower,8.67,37,1.0,1.0,0.12
pg-sami-25-lb,Small Burnet - Pasture Seed | Nature's Seed,pasture seed,small burnet,8.56,20,0.33,4.75,0.55
w-aqco-1-lb,Colorado Columbine - Wildflower Seed | Nature's Seed,wildflower seed,colorado columbine,8.49,15,0.5,0.0,0.0
pg-lomu-50-lb,Annual Ryegrass - Pasture Seed | Nature's Seed,pasture seed,annual ryegrass,8.22,22,0.45,7.01,0.85
w-sppa,Nelson Globemallow Wildflower Seed | Nature's Seed,wildflower seed,nelson globemallow,7.97,37,1.26,6.5,0.82
w-laca-0.25-lb,California Goldfields - Wildflower Seed | Nature's Seed,wildflower seed,california goldfields,7.86,25,0.05,2.36,0.3
w-asfa-5-p,Narrowleaf Milkweed - Wildflower Seed | Nature's Seed,wildflower seed,narrowleaf milkweed,7.73,17,1.0,0.01,0.0
pg-brmo,Blando Brome Grass Pasture Seed | Nature's Seed,pasture seed,blando brome grass,7.34,25,0.5,0.5,0.07
w-chma,Shasta Daisy Wildflower Seed | Nature's Seed,wildflower seed,shasta daisy,7.31,20,1.0,1.0,0.14
gla_185529,Pacific Southwest Poultry Forage Mix,pasture seed,pasture seed by region,7.15,4,0.16,1.2,0.17
w-gitr,Bird's Eye Gilia Wildflower Seed | Nature's Seed,wildflower seed,bird's eye gilia,6.92,32,0.5,0.5,0.07
pg-napu-1-lb,Purple Needlegrass - Pasture Seed | Nature's Seed,pasture seed,purple needlegrass,6.89,23,0.5,0.0,0.0
pb-sathb-500-f,South-Atlantic Transitional Honey Bee Pasture Blend - Specialty Seed | Nature's Seed,specialty seed,south-atlantic transitional honey bee pasture blend,6.79,9,1.0,1.0,0.15
w-phcr-1-lb,Desert Bluebells - Wildflower Seed | Nature's Seed,wildflower seed,desert bluebells,6.58,15,1.0,0.01,0.0
w-phca2-n,California Phacelia Wildflower Seed | Nature's Seed,wildflower seed,california phacelia,6.39,19,2.0,2.04,0.32
w-lusu-1-lb,Arroyo Lupine - Wildflower Seed | Nature's Seed,wildflower seed,arroyo lupine,6.1,16,1.0,0.01,0.0
wb-ba-1000-f,Bay Area Wildflower Mix - Wildflower Seed | Nature's Seed,wildflower seed,bay area wildflower mix,6.0,10,1.0,1.0,0.17
turf-ws,TWCA Water-Wise Shade Mix Grass Seed | Nature's Seed,grass seed,twca water-wise shade mix,5.79,7,0.08,0.18,0.03
w-vimu,Showy Goldeneye Wildflower Seed | Nature's Seed,wildflower seed,showy goldeneye,5.76,29,1.01,1.01,0.18
w-asfa-1-p,Narrowleaf Milkweed - Wildflower Seed | Nature's Seed,wildflower seed,narrowleaf milkweed,5.75,13,1.98,1.01,0.18
w-esca-0.5-lb,California Poppy - Wildflower Seed | Nature's Seed,wildflower seed,california poppy,5.65,5,1.0,0.01,0.0
w-dipu-50-p,Purple Foxglove - Wildflower Seed | Nature's Seed,wildflower seed,purple foxglove,5.56,7,1.0,0.01,0.0
pb-swdal-1-a,Southwest Desert Alpaca/Llama Forage Blend - Pasture Seed | Nature's Seed,pasture seed,southwest desert alpaca/llama forage blend,5.47,6,0.01,4.23,0.77
w-lupe-50-p,Wild Lupine - Wildflower Seed | Nature's Seed,wildflower seed,wild lupine,5.35,11,0.2,0.0,0.0
w-chal-1-p,Wallflower - Wildflower Seed | Nature's Seed,wildflower seed,wallflower,5.22,14,1.0,0.01,0.0
w-clpu2-n,Purple Clarkia Wildflower Seed | Nature's Seed,wildflower seed,purple clarkia,5.18,7,0.83,0.83,0.16
gla_184196,Tansy Aster,wildflower seed,wildflower seed by region,5.16,8,0.24,4.94,0.96
gla_183285,Baby Blue Eyes,wildflower seeds,wildflower seed by region,5.11,9,0.12,4.76,0.93
pg-sami-1-lb,Small Burnet - Pasture Seed | Nature's Seed,pasture seed,small burnet,5.07,19,0.01,0.45,0.09
wb-cv,Central Valley Wildflower Mix | Nature's Seed,wildflower seed,central valley wildflower mix,5.06,8,1.0,1.0,0.2
w-lubi,Miniature Lupine | Nature's Seed,wildflower seed,miniature lupine,4.61,13,4.0,4.0,0.87
pb-glhb-5000-f,Great Lakes/New England Honey Bee Pasture Blend - Specialty Seed | Nature's Seed,specialty seed,great lakes/new england honey bee pasture blend,4.57,6,0.04,1.09,0.24
pb-coss,Coastal Sage Scrub Mix Specialty Seed | Nature's Seed,specialty seed,coastal sage scrub mix,4.48,19,1.0,1.77,0.4
w-pesp3,Showy Penstemon Wildflower Seed | Nature's Seed,wildflower seed,showy penstemon,4.42,20,1.5,1.5,0.34
w-bamu-0.5-lb,Desert Marigold - Wildflower Seed | Nature's Seed,wildflower seed,desert marigold,4.28,11,1.0,1.0,0.23
w-racor,Red Mexican Hat Wildflower Seed | Nature's Seed,wildflower seed,red mexican hat,4.27,21,0.02,0.02,0.0
w-pepu-5-p,Purple Prairie Clover - Wildflower Seed | Nature's Seed,wildflower seed,purple prairie clover,4.16,14,0.01,0.49,0.12
wb-ba-500-f,Bay Area Wildflower Mix - Wildflower Seed | Nature's Seed,wildflower seed,bay area wildflower mix,3.97,12,1.0,0.01,0.0
w-oeho-1-p,Hooker's Evening Primrose - Wildflower Seed | Nature's Seed,wildflower seed,hooker's evening primrose,3.91,8,1.0,1.0,0.26
gla_183943,Southwest Transitional Sheep Forage Mix,pasture seed,sheep pastures,3.84,2,0.01,0.59,0.15
pb-obm-25-lb,Ornamental Bioswale Mix - Specialty Seed | Nature's Seed,specialty seed,ornamental bioswale mix,3.84,2,1.0,0.01,0.0
17069819940365260987,M-Binder Tackifier-Soil Stabilizer,,,3.76,4,2.0,2.0,0.53
w-enfa-5-p,Brittlebush - Wildflower Seed | Nature's Seed,wildflower seed,brittlebush,3.47,18,1.0,0.01,0.0
w-phse-1-lb,Silky Phacelia - Wildflower Seed | Nature's Seed,wildflower seed,silky phacelia,3.46,16,0.2,0.0,0.0
w-cohe,Chinese Houses Wildflower Seed | Nature's Seed,wildflower seed,chinese houses,3.46,11,1.0,1.0,0.29
w-vete-1-p,Moss Verbena - Wildflower Seed | Nature's Seed,wildflower seed,moss verbena,3.44,11,1.2,0.01,0.0
pb-pswug,Pacific Southwest Upland Game Food Plot Mix Specialty Seed | Nature's Seed,specialty seed,pacific southwest upland game food plot mix,3.43,4,0.04,1.5,0.44
w-basa-50-p,Arrowleaf Balsamroot - Wildflower Seed | Nature's Seed,wildflower seed,arrowleaf balsamroot,3.4,12,1.0,1.0,0.29
w-gaar-0.25-lb,Blanket Flower - Wildflower Seed | Nature's Seed,wildflower seed,blanket flower,3.37,8,0.99,0.01,0.0
w-esca-1-p,California Poppy - Wildflower Seed | Nature's Seed,wildflower seed,california poppy,3.35,8,1.0,0.01,0.0
pb-obm,Ornamental Bioswale Mix Specialty Seed | Nature's Seed,specialty seed,ornamental bioswale mix,3.31,6,0.33,0.33,0.1
w-lumi-1-p,Ed Gedlings Lupine - Wildflower Seed | Nature's Seed,wildflower seed,ed gedlings lupine,3.24,9,0.2,0.0,0.0
w-esma,Coastal California Poppy Wildflower Seed | Nature's Seed,wildflower seed,coastal california poppy,3.18,7,1.0,1.0,0.31
pb-fthb-1500-f,Florida Tropics Honey Bee Pasture Blend - Specialty Seed | Nature's Seed,specialty seed,florida tropics honey bee pasture blend,3.16,13,0.02,0.51,0.16
w-orpu-1-p,Owl’s Clover - Wildflower Seed | Nature's Seed,wildflower seed,owl’s clover,2.92,21,1.0,0.01,0.0
w-lude,Golden Lupine Wildflower Seed | Nature's Seed,wildflower seed,golden lupine,2.89,15,1.0,1.0,0.35
w-lupe-5-p,Wild Lupine - Wildflower Seed | Nature's Seed,wildflower seed,wild lupine,2.73,8,0.5,0.0,0.0
6694541982641936555,Winter (Cereal) Rye Seed,,,2.73,9,6.82,0.82,0.3
w-lusu-0.25-lb,Arroyo Lupine - Wildflower Seed | Nature's Seed,wildflower seed,arroyo lupine,2.7,13,1.0,0.01,0.0
w-lumi-1-lb,Ed Gedlings Lupine - Wildflower Seed | Nature's Seed,wildflower seed,ed gedlings lupine,2.57,6,0.2,0.2,0.08
pb-pswp-5000-f,Pacific Southwest Pollinator Blend - Specialty Seed | Nature's Seed,specialty seed,pacific southwest pollinator blend,2.49,2,0.02,0.0,0.0
w-kagr,Arizona Poppy Wildflower Seed | Nature's Seed,wildflower seed,arizona poppy,2.47,19,2.25,2.25,0.91
pb-ftdc-1-a,Florida Tropics Dairy Cow Forage Blend - Pasture Seed | Nature's Seed,pasture seed,florida tropics dairy cow forage blend,2.27,3,0.05,0.8,0.35
w-ecpu-1-p,Echinacea - Wildflower Seed | Nature's Seed,wildflower seed,echinacea,2.23,6,1.0,0.01,0.0
w-enfa-0.25-lb,Brittlebush - Wildflower Seed | Nature's Seed,wildflower seed,brittlebush,2.17,13,0.03,2.13,0.98
w-bala-1-p,San Diego Sunflower - Wildflower Seed | Nature's Seed,wildflower seed,san diego sunflower,2.16,6,0.49,0.0,0.0
w-asno-1-p,New England Aster - Wildflower Seed | Nature's Seed,wildflower seed,new england aster,1.81,4,1.0,0.01,0.01
w-racor-0.5-lb,Red Mexican Hat - Wildflower Seed | Nature's Seed,wildflower seed,red mexican hat,1.72,4,1.0,0.01,0.01
w-diaua,Monkeyflower Wildflower Seed | Nature's Seed,wildflower seed,monkeyflower,1.65,9,1.5,1.5,0.91
pb-pswp-500-f,Pacific Southwest Pollinator Blend - Specialty Seed | Nature's Seed,specialty seed,pacific southwest pollinator blend,1.29,3,1.0,0.01,0.01
w-soca-1-lb,Canada Goldenrod - Wildflower Seed | Nature's Seed,wildflower seed,canada goldenrod,1.26,4,1.0,1.0,0.79
gs2_000019,Nature's Seed | Miniature Lupine Wildflower 0.5 Bag of seed for 1000 Sq Ft,wildflower seeds,regional wildflower mixes,1.09,1,1.0,1.0,0.92
w-lude-n-50-p,Golden Lupine - Wildflower Seed | Nature's Seed,wildflower seed,golden lupine,0.96,5,0.5,0.0,0.0
394687563753623753,White Dutch Clover,,,0.85,3,0.67,0.67,0.79
w-lusu-n-1-p,Arroyo Lupine - Wildflower Seed | Nature's Seed,wildflower seed,arroyo lupine,0.73,4,1.0,0.01,0.01
w-racoy-1-p,Yellow Prairie Coneflower - Wildflower Seed | Nature's Seed,wildflower seed,yellow prairie coneflower,0.38,2,1.0,0.01,0.03
pb-pswp-2000-f,Pacific Southwest Pollinator Blend - Specialty Seed | Nature's Seed,specialty seed,pacific southwest pollinator blend,0.36,1,0.5,0.0,0.0
