Product Item ID,Product Title,Product Type L1,Product Type L2,Total Impressions,Total Clicks,Total Cost ($),Total Conversions,Total Revenue ($),Total ROAS,CTR (%),Avg CPC ($),Conv Rate (%),Avg Order Value ($),Quarters Active,Campaigns
gla_183337,Purple Prairie Clover,wildflower seed,wildflower seed by region,685,1,0.12,1.00,195.24,1627.00,0.15,0.12,100.00,195.24,4,9
w-isar-0.5-lb,Bladderpod - Wildflower Seed | Nature's Seed,wildflower seed,bladderpod,173,2,0.07,1.00,58.66,838.00,1.16,0.03,50.00,58.66,4,3
w-gevi,Sticky Purple Geranium,wildflower seed,sticky purple geranium,221,7,1.39,2.00,908.17,653.36,3.17,0.20,28.57,454.08,2,2
gla_183456,Desert Senna,wildflower seed,wildflower seed by region,248,4,3.79,1.00,1811.99,478.10,1.61,0.95,25.00,1811.99,2,3
w-moci-0.5-lb,Lemon Mint - Wildflower Seed | Nature's Seed,wildflower seed,lemon mint,1263,3,0.96,2.00,209.56,218.29,0.24,0.32,66.67,104.78,4,3
gla_185203,South-Atlantic Transitional Big Game Food Plot Mix,specialty seed,deer food plot seed,103,1,1.41,2.87,298.20,211.49,0.97,1.41,287.00,103.90,2,2
w-losc2-1-lb,Deerweed - Wildflower Seed | Nature's Seed,wildflower seed,deerweed,456,4,0.81,1.00,120.92,149.28,0.88,0.20,25.00,120.92,3,3
w-acla-n-1-lb,Western Yarrow - Wildflower Seed | Nature's Seed,wildflower seed,western yarrow,1991,5,1.53,1.00,220.51,144.12,0.25,0.31,20.00,220.51,4,3
gla_184146,Miniature Lupine,wildflower seed,wildflower seed by region,23,1,0.56,1.00,57.53,102.73,4.35,0.56,100.00,57.53,2,3
w-lafr4-n-50-p,Fremont's Goldfields - Wildflower Seed | Nature's Seed,wildflower seed,fremont's goldfields,322,1,0.47,5.00,45.09,95.94,0.31,0.47,500.00,9.02,2,2
gla_185437,Siberian Wheatgrass,pasture seed,individual pasture species,785,12,6.66,1.00,596.78,89.61,1.53,0.56,8.33,596.78,3,9
w-cola,Lance-Leaved Coreopsis,wildflower seed,lance-leaved coreopsis,4560,20,4.69,2.00,378.72,80.75,0.44,0.23,10.00,189.36,8,17
gla_185628,Sandberg Bluegrass,pasture seed,individual pasture species,12989,46,34.28,2.00,2734.87,79.78,0.35,0.75,4.35,1367.43,4,10
s-tacki-10-lb,M-Binder Tackifier-Soil Stabilizer - Planting Aids | Nature's Seed,planting aids,m-binder tackifier-soil stabilizer,2223,22,15.65,1.58,1244.86,79.54,0.99,0.71,7.18,787.89,4,1
pb-glg-2.5-a,Great Lakes/New England Goat Forage Blend - Pasture Seed | Nature's Seed,pasture seed,great lakes/new england goat forage blend,7641,44,35.58,3.33,2640.30,74.21,0.58,0.81,7.57,792.88,4,3
gla_183527,Brittlebush,wildflower seed,wildflower seed by region,819,8,3.51,1.25,257.61,73.39,0.98,0.44,15.62,206.09,4,9
turf-buda-5000-f,Buffalograss Seed Blend - Grass Seed | Nature's Seed,grass seed,buffalograss seed blend,27970,228,90.27,4.75,6587.00,72.97,0.82,0.40,2.08,1386.74,3,3
gla_186252,Blue-Eyed Grass,wildflower seed,,990,3,3.56,1.00,250.47,70.36,0.30,1.19,33.33,250.47,3,4
pg-meca-1-lb,California Melic - Pasture Seed | Nature's Seed,pasture seed,california melic,1828,7,4.97,1.00,327.59,65.91,0.38,0.71,14.29,327.59,4,3
pg-poco-50-lb,Canada Bluegrass - Pasture Seed | Nature's Seed,pasture seed,canada bluegrass,1571,9,2.97,1.74,194.19,65.38,0.57,0.33,19.33,111.60,4,3
pb-fthb-2000-f,Florida Tropics Honey Bee Pasture Blend - Specialty Seed | Nature's Seed,specialty seed,florida tropics honey bee pasture blend,3419,17,8.63,2.33,549.76,63.70,0.50,0.51,13.71,235.95,4,3
gla_187033,Butterfly Pollinator Mix,wildflower seed,regional wildflower mixes,1332,5,2.08,1.00,128.49,61.77,0.38,0.42,20.00,128.49,4,9
w-isme5-0.25-lb,Coastal Goldenbush - Wildflower Seed | Nature's Seed,wildflower seed,coastal goldenbush,635,5,1.06,1.00,63.35,59.76,0.79,0.21,20.00,63.35,3,3
turf-ws-2000-f,TWCA Water-Wise Shade Mix - Grass Seed | Nature's Seed,grass seed,twca water-wise shade mix,1947,14,5.13,2.02,298.93,58.27,0.72,0.37,14.43,147.99,4,3
gla_183284,Baby Blue Eyes,wildflower seed,wildflower seed by region,707,3,4.32,1.00,238.26,55.15,0.42,1.44,33.33,238.26,2,3
gla_183305,Arrowleaf Balsamroot,wildflower seed,wildflower seed by region,3346,18,11.48,2.00,630.45,54.92,0.54,0.64,11.11,315.23,3,9
w-ammei2-n,Small-Flowered Fiddleneck Wildflower Seed | Nature's Seed,wildflower seed,small-flowered fiddleneck,143,6,1.25,1.00,64.87,51.90,4.20,0.21,16.67,64.87,2,4
gla_183703,Florida Tropics Beef Cattle Forage Mix,pasture seed,cattle pastures,534,8,6.18,3.00,317.88,51.44,1.50,0.77,37.50,105.96,2,3
pg-elgl-50-lb,Blue Wildrye - Pasture Seed | Nature's Seed,pasture seed,blue wildrye,1612,11,3.66,1.00,181.68,49.64,0.68,0.33,9.09,181.68,4,3
pg-pami-10-lb,White Proso Millet - Pasture Seed | Nature's Seed,pasture seed,white proso millet,8103,56,16.44,3.00,791.50,48.14,0.69,0.29,5.36,263.83,4,3
w-peve-1-p,Venus Penstemon - Wildflower Seed | Nature's Seed,wildflower seed,venus penstemon,1174,2,0.67,1.00,30.92,46.15,0.17,0.34,50.00,30.92,3,2
gla_445219,"Nature's Seed Blue Grama 5 Lb bag of seed mix for 5,000 Sq. ft | Forage and Pasture special, No Fillers",uncategorized,,238,8,4.67,1.00,211.37,45.26,3.36,0.58,12.50,211.37,1,2
pb-glal-2.5-a,Great Lakes/New England Alpaca/Llama Forage Blend - Pasture Seed | Nature's Seed,pasture seed,great lakes/new england alpaca/llama forage blend,4439,18,11.96,1.00,528.18,44.16,0.41,0.66,5.56,528.18,4,3
gla_185505,Intermountain West Poultry Forage Mix,pasture seed,poultry pastures,2835,28,37.25,2.00,1572.24,42.21,0.99,1.33,7.14,786.12,4,8
gla_441157,Blue Grama,pasture seed,individual pasture species,1078,16,9.69,2.00,399.03,41.18,1.48,0.61,12.50,199.51,1,6
w-isar-1-p,Bladderpod - Wildflower Seed | Nature's Seed,wildflower seed,bladderpod,356,5,1.01,1.00,39.51,39.12,1.40,0.20,20.00,39.51,3,2
gla_186995,California Phacelia,wildflower seed,,893,5,2.36,1.00,88.76,37.61,0.56,0.47,20.00,88.76,2,3
gla_186495,California Sagebrush,specialty seed,,5136,64,12.20,1.00,431.54,35.37,1.25,0.19,1.56,431.54,3,8
w-asno-0.5-lb,New England Aster - Wildflower Seed | Nature's Seed,wildflower seed,new england aster,3952,12,8.46,1.00,288.11,34.06,0.30,0.71,8.33,288.11,4,3
w-lisp,Spiked Gayfeather Wildflower Seed | Nature's Seed,wildflower seed,spiked gayfeather,2204,8,2.90,2.00,97.56,33.64,0.36,0.36,25.00,48.78,6,4
pb-gpbg,Great Plains Big Game Food Plot Mix Specialty Seed | Nature's Seed,specialty seed,great plains big game food plot mix,9585,18,9.42,1.00,301.57,32.01,0.19,0.52,5.56,301.57,8,7
gla_183309,Utah Sweetvetch,wildflower seed,wildflower seed by region,638,4,4.60,3.00,146.84,31.92,0.63,1.15,75.00,48.95,4,8
pg-agsp-50-lb,Bluebunch Wheatgrass - Pasture Seed | Nature's Seed,pasture seed,bluebunch wheatgrass,6561,80,21.12,2.54,670.83,31.76,1.22,0.26,3.17,264.11,4,3
gla_452636,Blue-eyed Grass Seed Native Perennial Iris Relative for Meadow Planting 0.25 Lb for 500 Sq Ft | Nature's Seed,wildflower seeds,single species wildflower,3524,16,13.51,5.00,413.95,30.64,0.45,0.84,31.25,82.79,3,4
gla_186314,Yellowray Goldfields,wildflower seed,,5,1,0.70,3.00,21.17,30.24,20.00,0.70,300.00,7.06,1,2
gla_184560,Intermediate Wheatgrass,pasture seed,individual pasture species,2784,41,33.01,2.00,996.59,30.19,1.47,0.81,4.88,498.29,3,9
5385820791447878540,Great Plains Dryland Pasture Mix - 2.5 Acres,,,76,5,5.47,1.00,163.10,29.82,6.58,1.09,20.00,163.10,1,2
s-tacki-25-lb,M-Binder Tackifier-Soil Stabilizer - Planting Aids | Nature's Seed,planting aids,m-binder tackifier-soil stabilizer,1265,19,7.43,2.77,219.10,29.49,1.50,0.39,14.58,79.10,3,1
pb-mwdc-0.5-a,Mid-West/Mid-Atlantic Dairy Cow Forage Blend - Pasture Seed | Nature's Seed,pasture seed,mid-west/mid-atlantic dairy cow forage blend,7424,30,12.29,1.30,358.90,29.20,0.40,0.41,4.33,276.08,4,3
pb-swdg-2.5-a,Southwest Desert Goat Forage Blend - Pasture Seed | Nature's Seed,pasture seed,southwest desert goat forage blend,17337,124,121.71,1.73,3515.23,28.88,0.72,0.98,1.40,2031.92,4,3
w-vimu-0.25-lb,Showy Goldeneye - Wildflower Seed | Nature's Seed,wildflower seed,showy goldeneye,1575,14,7.07,4.00,204.03,28.86,0.89,0.51,28.57,51.01,4,3
gla_183003,Drummond Phlox,wildflower seed,wildflower seed by region,5121,10,21.18,1.00,609.94,28.80,0.20,2.12,10.00,609.94,3,9
gla_186224,Common Vervain,wildflower seed,,1497,13,5.73,1.00,161.16,28.13,0.87,0.44,7.69,161.16,2,3
pb-pswh-0.5-a,Pacific Southwest Horse Forage Blend - Pasture Seed | Nature's Seed,pasture seed,pacific southwest horse forage blend,8268,46,55.54,7.53,1557.00,28.03,0.56,1.21,16.37,206.77,4,3
gla_185882,Creeping Red Fescue Grass,great lakes / new england planting region,,267,2,1.53,1.50,42.77,27.95,0.75,0.77,75.00,28.51,2,1
w-chma-0.5-lb,Shasta Daisy - Wildflower Seed | Nature's Seed,wildflower seed,shasta daisy,2661,6,6.07,1.07,169.63,27.95,0.23,1.01,17.83,158.53,4,3
gla_184797,South-Atlantic Transitional Pollinator Mix,sale,pollinator seed blends,228,2,2.16,1.00,59.98,27.77,0.88,1.08,50.00,59.98,3,4
pb-psws-0.5-a,Pacific Southwest Sheep Forage Blend - Pasture Seed | Nature's Seed,pasture seed,pacific southwest sheep forage blend,4315,14,8.42,1.00,229.38,27.24,0.32,0.60,7.14,229.38,4,3
w-mofi-1-lb,Wild Bergamot - Wildflower Seed | Nature's Seed,wildflower seed,wild bergamot,1317,5,4.21,1.52,114.54,27.21,0.38,0.84,30.40,75.36,4,3
pb-satpb-500-f,South-Atlantic Transitional Poultry Forage Blend - Pasture Seed | Nature's Seed,pasture seed,south-atlantic transitional poultry forage blend,5106,22,15.06,2.67,409.32,27.18,0.43,0.68,12.14,153.30,4,3
w-cllu,Yellow Beeplant Wildflower Seed | Nature's Seed,wildflower seed,yellow beeplant,1891,25,3.47,2.00,92.95,26.79,1.32,0.14,8.00,46.48,6,4
gla_183997,Great Plains Alpaca/Llama Forage Mix,pasture seed,alpaca/llama pastures,2483,46,67.98,5.00,1811.09,26.64,1.85,1.48,10.87,362.22,4,9
w-spmu-5-p,Munro Globemallow - Wildflower Seed | Nature's Seed,wildflower seed,munro globemallow,1337,14,3.42,1.25,91.11,26.64,1.05,0.24,8.93,72.89,3,2
gla_183578,South-Atlantic Transitional Horse Forage Mix,pasture seed,horse pastures,5939,89,108.63,2.53,2869.78,26.42,1.50,1.22,2.84,1134.30,4,9
pg-cela,Winterfat Pasture Seed | Nature's Seed,pasture seed,winterfat,7600,127,19.95,3.00,524.62,26.30,1.67,0.16,2.36,174.87,8,6
pb-satal-1-a,South-Atlantic Transitional Alpaca/Llama Forage Blend - Pasture Seed | Nature's Seed,pasture seed,south-atlantic transitional alpaca/llama forage blend,7665,25,22.48,1.85,589.91,26.24,0.33,0.90,7.40,318.87,3,3
w-basa-0.25-lb,Arrowleaf Balsamroot - Wildflower Seed | Nature's Seed,wildflower seed,arrowleaf balsamroot,1301,13,4.06,1.00,104.39,25.71,1.00,0.31,7.69,104.39,5,3
pb-pnws-0.5-a,Pacific Northwest Sheep Forage Blend - Pasture Seed | Nature's Seed,pasture seed,pacific northwest sheep forage blend,23657,152,173.18,4.00,4450.63,25.70,0.64,1.14,2.63,1112.66,4,3
pg-agri-25-lb,Streambank Wheatgrass - Pasture Seed | Nature's Seed,pasture seed,streambank wheatgrass,1744,14,6.72,1.00,170.72,25.40,0.80,0.48,7.14,170.72,4,3
gla_186268,California Goldfields,wildflower seed,,1658,4,6.99,1.00,176.37,25.23,0.24,1.75,25.00,176.37,4,6
pb-pnwpb-2.5-a,Pacific Northwest Poultry Forage Blend - Pasture Seed | Nature's Seed,pasture seed,pacific northwest poultry forage blend,17688,142,87.37,2.83,2155.10,24.67,0.80,0.62,1.99,761.52,4,3
pg-hobr-25-lb,Meadow Barley - Pasture Seed | Nature's Seed,pasture seed,meadow barley,3576,18,8.61,2.00,207.28,24.07,0.50,0.48,11.11,103.64,3,3
turf-lm-1500-f,Low Maintenance Seed Blend - Grass Seed | Nature's Seed,grass seed,low maintenance seed blend,9629,31,19.00,1.00,455.56,23.98,0.32,0.61,3.23,455.56,4,3
gla_183837,Intermountain West Goat Forage Mix,pasture seed,goat pastures,1048,21,18.81,1.57,439.60,23.37,2.00,0.90,7.48,280.00,3,5
pg-same3-25-lb,Black Sage - Specialty Seed | Nature's Seed,specialty seed,black sage,1133,9,6.22,1.00,144.20,23.18,0.79,0.69,11.11,144.20,3,3
pb-ssah,Southwest Semi-Arid Steppe Horse Forage Mix Pasture Seed | Nature's Seed,pasture seed,southwest semi-arid steppe horse forage mix,16563,48,26.62,2.00,615.36,23.12,0.29,0.55,4.17,307.68,8,8
15022839895668128413,Micro Clover Seed,,,15957,88,40.18,3.00,902.98,22.47,0.55,0.46,3.41,300.99,2,2
pb-coss-0.5-lb,Coastal Sage Scrub Mix - Specialty Seed | Nature's Seed,specialty seed,coastal sage scrub mix,3699,24,10.08,1.67,222.78,22.10,0.65,0.42,6.96,133.40,4,3
pb-glal-0.5-a,Great Lakes/New England Alpaca/Llama Forage Blend - Pasture Seed | Nature's Seed,pasture seed,great lakes/new england alpaca/llama forage blend,12884,37,16.72,2.10,363.77,21.76,0.29,0.45,5.68,173.22,4,3
gla_185530,Pacific Southwest Poultry Forage Mix,pasture seed,poultry pastures,2842,17,21.78,2.00,470.05,21.58,0.60,1.28,11.76,235.03,4,10
gla_441400,Sheep Fescue Grass,lawn seed,fescue grass seed,1924,22,12.54,1.00,270.26,21.55,1.14,0.57,4.55,270.26,1,5
gla_446609,"Nature's Seed Forage 50 Lb of Pasture Grass Seed for 50,000 Sq Ft Kentucky Bluegrass Filler-Free Curated Varieties by Seed Experts",pasture seeds,single species pasture seeds,21543,139,116.43,11.64,2482.30,21.32,0.65,0.84,8.37,213.26,3,4
gla_183969,Pacific Southwest Alpaca/Llama Forage Mix,pasture seed,alpaca/llama pastures,227,5,5.80,1.00,122.81,21.17,2.20,1.16,20.00,122.81,3,6
gla_186907,Small-Flowered Fiddleneck,wildflower seed,,1298,9,6.69,1.00,139.55,20.86,0.69,0.74,11.11,139.55,4,9
w-lapl-n-0.5-lb,Tidy Tips - Wildflower Seed | Nature's Seed,wildflower seed,tidy tips,722,5,3.64,1.00,75.54,20.75,0.69,0.73,20.00,75.54,4,3
gla_183358,Standing Cypress,wildflower seed,wildflower seed by region,378,5,3.29,5.00,67.86,20.63,1.32,0.66,100.00,13.57,2,3
gla_185357,White Sweet Clover,pasture seed,individual pasture species,2887,29,31.36,2.55,645.46,20.58,1.00,1.08,8.79,253.12,4,10
pg-brma-1-lb,Mountain Brome - Pasture Seed | Nature's Seed,pasture seed,mountain brome,13240,108,44.34,6.37,877.15,19.78,0.82,0.41,5.90,137.70,4,3
w-peve,Venus Penstemon Wildflower Seed | Nature's Seed,wildflower seed,venus penstemon,2993,11,1.81,1.00,35.57,19.65,0.37,0.16,9.09,35.57,6,4
gla_184328,Great Plains Honey Bee Pasture Mix,specialty seed,specialty seed by region,3464,44,98.38,3.50,1920.04,19.52,1.27,2.24,7.95,548.58,4,9
pg-elgl-n-10-lb,Blue Wildrye - Pasture Seed | Nature's Seed,pasture seed,blue wildrye,2524,15,5.76,1.16,111.44,19.35,0.59,0.38,7.73,96.07,4,3
gla_183263,Wild Lupine,wildflower seed,wildflower seed by region,6030,38,33.26,2.00,637.43,19.17,0.63,0.88,5.26,318.71,4,4
gla_184239,Splitleaf Indian Paintbrush,wildflower seed,wildflower seed by region,870,7,21.27,3.00,406.91,19.13,0.80,3.04,42.86,135.64,2,3
gla_184293,Pacific Northwest Honey Bee Pasture Mix,specialty seed,honey bee blends,15488,42,91.55,7.00,1730.61,18.90,0.27,2.18,16.67,247.23,4,8
pb-iwal,Intermountain West Alpaca/Llama Forage Mix Pasture Seed | Nature's Seed,pasture seed,intermountain west alpaca/llama forage mix,11851,55,28.74,1.50,540.26,18.80,0.46,0.52,2.73,360.17,8,8
pb-pnwbc-2.5-a,Pacific Northwest Beef Cattle Forage Blend - Pasture Seed | Nature's Seed,pasture seed,pacific northwest beef cattle forage blend,9590,113,68.86,3.50,1274.23,18.50,1.18,0.61,3.10,364.07,3,3
pg-agtr,Slender Wheatgrass,pasture seed,slender wheatgrass,14906,114,24.00,5.50,439.60,18.32,0.76,0.21,4.82,79.93,8,15
gla_184211,Scarlet Globemallow,wildflower seed,wildflower seed by region,615,4,3.84,1.31,69.91,18.21,0.65,0.96,32.75,53.37,2,3
gs2_000008,"Nature's Seed Forage 25 Lb of Pasture Grass Seed for 25,000 Sq Ft Kentucky Bluegrass Filler-Free Curated Varieties by Seed Experts",pasture seeds,single species pasture seeds,16944,80,85.79,3.73,1548.18,18.05,0.47,1.07,4.66,415.06,1,6
7314928617712776989,Pasture & Lawn,,,1171,14,13.00,1.00,233.51,17.96,1.20,0.93,7.14,233.51,1,2
s-felo-1-lb,Hard Fescue Grass - Grass Seed | Nature's Seed,grass seed,hard fescue grass,6690,54,21.32,1.72,381.09,17.87,0.81,0.39,3.19,221.56,4,3
gla_184011,Great Lakes/New England Alpaca/Llama Forage Mix,pasture seed,alpaca/llama pastures,1494,28,44.13,10.24,784.89,17.79,1.87,1.58,36.57,76.65,3,9
pb-pnwal-1-a,Pacific Northwest Alpaca/Llama Forage Blend - Pasture Seed | Nature's Seed,pasture seed,pacific northwest alpaca/llama forage blend,7339,22,7.42,1.00,131.77,17.76,0.30,0.34,4.55,131.77,4,3
w-sibe-5-p,Blue-Eyed Grass - Wildflower Seed | Nature's Seed,wildflower seed,blue-eyed grass,1739,24,6.13,1.00,108.79,17.75,1.38,0.26,4.17,108.79,2,2
gla_441420,TWCA Water-Wise Northeast Grass Seed Mix,,,3334,22,20.27,2.99,358.00,17.66,0.66,0.92,13.59,119.73,1,4
w-pepa2-1-lb,Parry Penstemon - Wildflower Seed | Nature's Seed,wildflower seed,parry penstemon,3612,48,11.29,2.82,198.62,17.59,1.33,0.24,5.88,70.43,4,3
turf-nff-2000-f,Native Fine Fescue Mix - Grass Seed | Nature's Seed,grass seed,native fine fescue mix,71812,608,360.90,9.32,6293.51,17.44,0.85,0.59,1.53,675.27,4,3
pb-swdbg-0.5-a,Southwest Desert Big Game Food Plot Blend - Specialty Seed | Nature's Seed,specialty seed,southwest desert big game food plot blend,15445,110,59.07,5.17,1030.04,17.44,0.71,0.54,4.70,199.23,4,3
w-enfa,Brittlebush Wildflower Seed | Nature's Seed,wildflower seed,brittlebush,8004,184,16.43,7.64,279.96,17.04,2.30,0.09,4.15,36.64,8,7
gla_185363,Streambank Wheatgrass,pasture seed,individual pasture species,7711,50,32.18,4.32,548.22,17.04,0.65,0.64,8.64,126.90,4,10
sa-a-40-lb,"Seed Aide - Cover Grow , Water Retaining Seed Starting Mulch - Planting Aids | Nature's Seed",planting aids,"seed aide® - cover grow™, water retaining seed starting mulch",2635,18,10.00,1.00,170.23,17.02,0.68,0.56,5.56,170.23,4,1
gla_183934,Southern Subtropics Sheep Forage Mix,pasture seed,sheep pastures,8939,235,311.51,9.68,5185.73,16.65,2.63,1.33,4.12,535.72,3,9
w-luar-0.5-lb,Arizona Lupine - Wildflower Seed | Nature's Seed,wildflower seed,arizona lupine,4730,58,14.48,3.00,238.59,16.48,1.23,0.25,5.17,79.53,4,3
w-spco-1-p,Scarlet Globemallow - Wildflower Seed | Nature's Seed,wildflower seed,scarlet globemallow,3258,32,11.53,1.00,187.69,16.28,0.98,0.36,3.12,187.69,3,2
pb-glg,Great Lakes/New England Goat Forage Mix Pasture Seed | Nature's Seed,pasture seed,great lakes/new england goat forage mix,40815,289,177.90,16.71,2882.86,16.20,0.71,0.62,5.78,172.52,8,8
pb-gld,Great Lakes/New England Dryland Pasture Mix Specialty Seed | Nature's Seed,specialty seed,great lakes/new england dryland pasture mix,7983,32,25.98,1.50,420.11,16.17,0.40,0.81,4.69,280.07,7,7
pb-pnwhb-5000-f,Pacific Northwest Honey Bee Pasture Blend - Specialty Seed | Nature's Seed,specialty seed,pacific northwest honey bee pasture blend,7064,62,27.71,1.03,446.23,16.10,0.88,0.45,1.66,433.23,4,3
pb-pnws,Pacific Northwest Sheep Forage Mix,pasture seed,pacific northwest sheep forage mix,44551,391,200.62,13.79,3224.20,16.07,0.88,0.51,3.53,233.81,8,12
gs1_000022,Nature's Seed | Purple Needlegrass Wildflower 0.5 Bag of seed for 1000 Sq Ft,wildflower seeds,regional wildflower mixes,104,5,3.16,3.00,50.77,16.07,4.81,0.63,60.00,16.92,1,3
w-pepa2-5-p,Parry Penstemon - Wildflower Seed | Nature's Seed,wildflower seed,parry penstemon,5585,92,20.18,5.00,324.18,16.06,1.65,0.22,5.43,64.84,3,2
gla_185392,Hybrid Pearl Millet,pasture seed,individual pasture species,3272,28,32.53,1.87,521.42,16.03,0.86,1.16,6.68,278.83,4,10
pb-ssbg,Southern Subtropics Big Game Food Plot Mix Specialty Seed | Nature's Seed,specialty seed,southern subtropics big game food plot mix,7790,15,9.45,1.00,151.13,15.99,0.19,0.63,6.67,151.13,8,7
gla_445284,"Nature's Seed Cool‐Adapted Pasture & Forage 10 Lb for 10,000 Sq Ft Mix No Fillers, Just Quality Feed for Sheep",new,pasture seeds mix,14911,81,78.13,1.35,1246.15,15.95,0.54,0.96,1.67,923.07,3,7
gla_185515,Mid-West/Mid-Atlantic Poultry Forage Mix,pasture seed,poultry pastures,3229,24,24.13,1.00,380.79,15.78,0.74,1.01,4.17,380.79,4,9
gla_183614,Great Lakes/New England Horse Forage Mix,pasture seed,horse pastures,3297,57,120.47,1.00,1895.27,15.73,1.73,2.11,1.75,1895.27,4,10
gla_458050,"Nature's Seed Hardy Lawn Seed Mix 25 lb Kit - Covers 5,000 sq ft - Turf Grass Blend for Lawn Repair & Overseeding",lawn / turf seeds,home lawn/yard grass seed,9560,29,27.58,1.00,432.94,15.70,0.30,0.95,3.45,432.94,1,3
pg-onvi,Sainfoin Pasture Seed | Nature's Seed,pasture seed,sainfoin,31640,1200,236.29,51.55,3684.09,15.59,3.79,0.20,4.30,71.47,8,7
pg-ange-50-lb,Big Bluestem - Pasture Seed | Nature's Seed,pasture seed,big bluestem,24680,291,128.21,7.17,1964.33,15.32,1.18,0.44,2.46,273.97,4,3
pg-agde-50-lb,Crested Wheatgrass - Pasture Seed | Nature's Seed,pasture seed,crested wheatgrass,7394,100,40.95,3.80,626.46,15.30,1.35,0.41,3.80,164.86,4,3
gla_185365,Streambank Wheatgrass,pasture seed,individual pasture species,3575,15,5.82,1.00,88.26,15.16,0.42,0.39,6.67,88.26,4,10
pb-fthb-2.5-a,Florida Tropics Honey Bee Pasture Blend - Specialty Seed | Nature's Seed,specialty seed,florida tropics honey bee pasture blend,6088,39,15.32,2.00,230.00,15.01,0.64,0.39,5.13,115.00,4,3
gla_186800,Great Plains Pig Forage Mix,pasture seed,pig pastures,9530,278,169.16,14.28,2534.44,14.98,2.92,0.61,5.14,177.48,4,9
w-esca,California Poppy Wildflower Seed | Nature's Seed,wildflower seed,california poppy,16015,71,18.54,2.00,277.02,14.94,0.44,0.26,2.82,138.51,8,13
pb-gpdc,Great Plains Dairy Cow Forage Mix Pasture Seed | Nature's Seed,pasture seed,great plains dairy cow forage mix,37430,193,82.59,8.00,1218.71,14.76,0.52,0.43,4.15,152.34,8,8
gla_185355,White Sweet Clover,pasture seed,individual pasture species,10809,181,164.86,4.98,2429.53,14.74,1.67,0.91,2.75,487.86,4,10
pg-lius-50-lb,Common Flax - | Nature's Seed,common flax,,1635,13,5.30,1.00,77.76,14.67,0.80,0.41,7.69,77.76,4,1
s-feruc-10-lb,Chewings Fescue Grass - Grass Seed | Nature's Seed,grass seed,chewings fescue grass,22636,221,96.36,8.21,1402.35,14.55,0.98,0.44,3.71,170.81,4,3
w-esme-50-p,Mexican Gold Poppy - Wildflower Seed | Nature's Seed,wildflower seed,mexican gold poppy,2347,23,6.29,1.00,91.17,14.49,0.98,0.27,4.35,91.17,3,2
gla_183503,Desert Globemallow,wildflower seed,wildflower seed by region,23154,65,36.81,3.22,530.18,14.40,0.28,0.57,4.95,164.65,4,9
gla_450360,"Organic Heat-Treated Rice Hulls – Seed Carrier & Soil Amendment (10 lb Bag for 2,000 Sq Ft Lawns or small plots)",planting aids,soil amendments & conditioners,10336,245,143.22,25.67,2058.37,14.37,2.37,0.58,10.48,80.19,3,5
pb-satg-1-a,South-Atlantic Transitional Goat Forage Blend - Pasture Seed | Nature's Seed,pasture seed,south-atlantic transitional goat forage blend,26926,187,124.88,4.33,1787.88,14.32,0.69,0.67,2.32,412.91,4,3
gla_184632,Crimson Clover,pasture seed,individual pasture species,19775,120,102.66,4.60,1462.15,14.24,0.61,0.86,3.83,317.86,3,9
pg-poco,Canada Bluegrass Pasture Seed | Nature's Seed,pasture seed,canada bluegrass,24925,117,32.93,2.19,468.03,14.21,0.47,0.28,1.87,213.71,7,6
gla_183579,South-Atlantic Transitional Horse Forage Mix,pasture seed,horse pastures,2387,20,36.77,2.03,518.70,14.11,0.84,1.84,10.15,255.52,4,9
gla_183507,Desert Globemallow,wildflower seed,wildflower seed by region,3743,42,29.89,15.33,420.64,14.07,1.12,0.71,36.50,27.44,3,3
pb-iwhb,Intermountain West Honey Bee Pasture Mix Specialty Seed | Nature's Seed,specialty seed,intermountain west honey bee pasture mix,2027,10,6.01,1.00,83.98,13.97,0.49,0.60,10.00,83.98,7,5
pb-glal-1-a,Great Lakes/New England Alpaca/Llama Forage Blend - Pasture Seed | Nature's Seed,pasture seed,great lakes/new england alpaca/llama forage blend,11533,40,30.95,2.50,430.98,13.93,0.35,0.77,6.25,172.39,4,3
gla_406914,Great Basin Wildflower Mix,wildflower seed,regional wildflower mixes,2777,10,7.16,3.80,99.49,13.90,0.36,0.72,38.00,26.18,2,3
gla_444227,Inoculant,planting aid,,922,9,19.22,2.00,266.97,13.89,0.98,2.14,22.22,133.49,2,1
pg-trwi-1-lb,Tomcat Clover - Specialty Seed | Nature's Seed,specialty seed,tomcat clover,4288,22,13.35,1.82,185.35,13.88,0.51,0.61,8.27,101.84,4,3
gla_183815,Pacific Southwest Goat Forage Mix,pasture seed,goat pastures,4162,26,35.07,1.70,478.00,13.63,0.62,1.35,6.54,281.18,3,9
pg-brbi-1-lb,Meadow Brome - Pasture Seed | Nature's Seed,pasture seed,meadow brome,18498,177,86.84,2.95,1183.24,13.63,0.96,0.49,1.67,401.10,4,3
pb-iwg,Intermountain West Goat Forage Mix Pasture Seed | Nature's Seed,pasture seed,intermountain west goat forage mix,36160,186,124.02,12.56,1668.93,13.46,0.51,0.67,6.75,132.88,8,8
pg-posa,Sandberg Bluegrass Pasture Seed | Nature's Seed,pasture seed,sandberg bluegrass,13690,63,18.52,2.00,248.90,13.44,0.46,0.29,3.17,124.45,8,10
s-feruc-25-lb,Chewings Fescue Grass - Grass Seed | Nature's Seed,grass seed,chewings fescue grass,6405,47,20.99,1.00,280.91,13.38,0.73,0.45,2.13,280.91,3,3
w-enca-1-p,California Bush Sunflower - Wildflower Seed | Nature's Seed,wildflower seed,california bush sunflower,1976,15,4.74,1.00,63.41,13.38,0.76,0.32,6.67,63.41,3,2
gla_355992,Pretty Prairie Tallgrass Mix,specialty seed,specialty seed by region,34735,329,349.88,6.50,4653.75,13.30,0.95,1.06,1.98,715.96,3,8
pb-iws,Intermountain West Sheep Forage Mix Pasture Seed | Nature's Seed,pasture seed,intermountain west sheep forage mix,28118,172,107.09,5.56,1410.95,13.18,0.61,0.62,3.23,253.77,8,8
gla_185825,Wild Bergamot,florida tropics planting region,,1092,6,12.13,1.00,157.60,12.99,0.55,2.02,16.67,157.60,4,2
pb-psws,Pacific Southwest Sheep Forage Mix Pasture Seed | Nature's Seed,pasture seed,pacific southwest sheep forage mix,13834,52,32.27,3.20,417.26,12.93,0.38,0.62,6.15,130.39,8,8
pb-glal,Great Lakes/New England Alpaca/Llama Forage Mix Pasture Seed | Nature's Seed,pasture seed,great lakes/new england alpaca/llama forage mix,43947,246,101.80,7.81,1313.69,12.90,0.56,0.41,3.17,168.21,8,8
pg-sihy-50-lb,Bottlebrush Squirreltail - Pasture Seed | Nature's Seed,pasture seed,bottlebrush squirreltail,3585,36,14.95,1.49,191.08,12.78,1.00,0.42,4.14,128.24,4,3
pb-pswbc,Pacific Southwest Beef Cattle Forage Mix,pasture seed,pacific southwest beef cattle forage mix,24202,112,61.59,3.82,786.53,12.77,0.46,0.55,3.41,205.90,8,8
w-asla-0.25-lb,Smooth Aster - Wildflower Seed | Nature's Seed,wildflower seed,smooth aster,6745,63,29.92,2.00,379.53,12.68,0.93,0.47,3.17,189.76,4,3
pg-alar-10-lb,Creeping Foxtail - Pasture Seed | Nature's Seed,pasture seed,creeping foxtail,7898,56,15.17,2.25,189.67,12.50,0.71,0.27,4.02,84.30,4,3
pb-glpb,Great Lakes/New England Poultry Forage Mix Pasture Seed | Nature's Seed,pasture seed,great lakes/new england poultry forage mix,48301,347,153.89,23.73,1907.15,12.39,0.72,0.44,6.84,80.37,8,8
gla_406941,Mid-West/Mid-Atlantic Dryland Pasture Mix,specialty seed,specialty seed by region,2413,23,24.91,1.00,308.26,12.37,0.95,1.08,4.35,308.26,4,8
turf-ff-1500-f,Fine Fescue Grass Seed Blend - Grass Seed | Nature's Seed,grass seed,fine fescue grass seed blend,14674,115,70.85,3.15,863.54,12.19,0.78,0.62,2.74,274.14,3,3
gla_445850,"Nature's Seed Warm‐Season Pasture & Forage 20 Lb for 20,000 Sq Ft Mix No Filler, Palatable Seed for Horses",pasture seeds,pasture seeds mix,13990,77,150.92,16.54,1828.45,12.12,0.55,1.96,21.48,110.55,3,7
gla_441530,Narrowleaf Milkweed,wildflower seeds,,1608,9,7.42,1.00,89.89,12.11,0.56,0.82,11.11,89.89,1,3
pb-satal,South-Atlantic Transitional Alpaca/Llama Forage Mix Pasture Seed | Nature's Seed,pasture seed,south-atlantic transitional alpaca/llama forage mix,21513,130,72.11,4.90,869.03,12.05,0.60,0.55,3.77,177.35,8,8
gla_183656,Great Plains Beef Cattle Forage Mix,pasture seed,cattle pastures,4602,59,64.86,1.00,779.94,12.02,1.28,1.10,1.69,779.94,4,10
gla_184025,South-Atlantic Transitional Alpaca/Llama Forage Mix,pasture seed,alpaca/llama pastures,828,6,10.90,1.00,129.00,11.83,0.72,1.82,16.67,129.00,3,9
pb-iwpb,Intermountain West Poultry Forage Mix Pasture Seed | Nature's Seed,pasture seed,intermountain west poultry forage mix,55691,423,178.98,14.18,2111.91,11.80,0.76,0.42,3.35,148.94,8,8
pb-mwb,Mid-West/Mid-Atlantic Bison Forage Mix,pasture seed,mid-west/mid-atlantic bison forage mix,17572,52,24.22,3.00,285.75,11.80,0.30,0.47,5.77,95.25,8,6
pb-pnwal-2.5-a,Pacific Northwest Alpaca/Llama Forage Blend - Pasture Seed | Nature's Seed,pasture seed,pacific northwest alpaca/llama forage blend,27372,112,49.43,2.00,582.90,11.79,0.41,0.44,1.79,291.45,4,3
gla_355740,Basin Wildrye,heartland collection,pasture seed by region,597,9,5.13,1.00,59.99,11.69,1.51,0.57,11.11,59.99,4,10
pb-ssh,Southern Subtropics Horse Forage Mix Pasture Seed | Nature's Seed,pasture seed,southern subtropics horse forage mix,57273,303,229.09,10.16,2677.59,11.69,0.53,0.76,3.35,263.54,8,8
gla_402820,Chinese Houses,wildflower seed,wildflower seed by region,107,4,8.40,1.00,97.82,11.65,3.74,2.10,25.00,97.82,4,4
pg-loco-1-lb,Birdsfoot Trefoil - Pasture Seed | Nature's Seed,pasture seed,birdsfoot trefoil,7424,161,84.61,9.68,980.42,11.59,2.17,0.53,6.01,101.28,4,3
gla_185499,Intermountain West Poultry Forage Mix,pasture seed,poultry pastures,11039,135,126.94,2.69,1465.50,11.54,1.22,0.94,1.99,544.80,4,9
gla_183880,Pacific Northwest Sheep Forage Mix,pasture seed,sheep pastures,12724,75,159.17,3.15,1836.86,11.54,0.59,2.12,4.20,583.13,4,9
gla_184012,Great Lakes/New England Alpaca/Llama Forage Mix,pasture seed,alpaca/llama pastures,3263,30,27.62,1.06,318.32,11.52,0.92,0.92,3.53,300.30,3,9
gla_183710,Pacific Southwest Dairy Cow Forage Mix,pasture seed,cattle pastures,1453,16,19.65,4.00,226.26,11.51,1.10,1.23,25.00,56.56,4,10
w-assy-1-lb,Common Milkweed - Wildflower Seed | Nature's Seed,wildflower seed,common milkweed,2382,3,2.02,1.00,22.95,11.36,0.13,0.67,33.33,22.95,4,3
pb-mwhb-0.5-a,Mid-West/Mid-Atlantic Honey Bee Pasture Blend - Specialty Seed | Nature's Seed,specialty seed,mid-west/mid-atlantic honey bee pasture blend,4927,30,24.22,3.00,275.11,11.36,0.61,0.81,10.00,91.70,4,2
pg-dagl,Orchardgrass,pasture seed,orchardgrass,136189,1461,410.16,54.96,4650.25,11.34,1.07,0.28,3.76,84.61,8,11
pg-lius,Common Flax Pasture Seed | Nature's Seed,pasture seed,common flax,42280,297,93.75,28.35,1056.70,11.27,0.70,0.32,9.55,37.27,8,6
gla_186746,California Grass Seed: California Native Erosion Control Mix - 1 Pound,specialty seed,,9256,45,116.71,4.28,1311.73,11.24,0.49,2.59,9.51,306.48,3,5
gla_185289,Oats,pasture seed,individual pasture species,7586,89,81.84,3.98,917.81,11.21,1.17,0.92,4.47,230.61,4,9
pb-iwbc-2.5-a,Intermountain West Beef Cattle Forage Blend - Pasture Seed | Nature's Seed,pasture seed,intermountain west beef cattle forage blend,13893,84,53.24,2.58,593.86,11.15,0.60,0.63,3.07,230.18,4,3
pb-gpal,Great Plains Alpaca/Llama Forage Mix Pasture Seed | Nature's Seed,pasture seed,great plains alpaca/llama forage mix,15780,98,45.37,3.90,498.59,10.99,0.62,0.46,3.98,127.84,8,8
gla_183886,Southwest Desert Sheep Forage Mix,pasture seed,sheep pastures,3704,59,111.96,1.69,1228.19,10.97,1.59,1.90,2.86,726.74,4,9
gla_183537,Sheep Fescue Grass,lawn seed,grass seed by state,2768,11,32.39,2.00,354.94,10.96,0.40,2.94,18.18,177.47,4,7
gla_185690,Showy Milkweed,wildflower seed,wildflower seed by region,5623,12,13.29,1.00,144.85,10.90,0.21,1.11,8.33,144.85,4,8
s-feov,Sheep Fescue Grass Seed,grass seed,sheep fescue grass,74554,1035,434.16,63.15,4726.15,10.89,1.39,0.42,6.10,74.84,8,12
pb-swtpb-0.5-a,Southwest Transitional Poultry Forage Blend - Pasture Seed | Nature's Seed,pasture seed,southwest transitional poultry forage blend,2512,12,6.36,1.57,69.21,10.88,0.48,0.53,13.08,44.08,4,3
pg-meof,Yellow Sweet Clover - Bulk bags available - No added filler,pasture seed,yellow sweet clover,27834,209,53.19,6.00,578.47,10.88,0.75,0.25,2.87,96.41,8,18
gla_183663,South-Atlantic Transitional Beef Cattle Forage Mix,pasture seed,cattle pastures,3099,31,33.31,1.00,361.76,10.86,1.00,1.07,3.23,361.76,4,10
s-tacki,M-Binder Tackifier-Soil Stabilizer | Nature's Seed,planting aids,m-binder tackifier-soil stabilizer,806,9,2.15,1.00,23.34,10.86,1.12,0.24,11.11,23.34,1,3
pb-ftbc,Florida Tropics Beef Cattle Forage Mix Pasture Seed | Nature's Seed,pasture seed,florida tropics beef cattle forage mix,62470,476,237.57,4.53,2577.42,10.85,0.76,0.50,0.95,568.97,8,8
pg-bogr-50-lb,Blue Grama - Grass Seed | Nature's Seed,grass seed,blue grama,13090,127,90.38,1.99,979.90,10.84,0.97,0.71,1.57,492.41,4,3
pb-ssd-2.5-a,Southern Subtropics Dryland Pasture Blend - Specialty Seed | Nature's Seed,specialty seed,southern subtropics dryland pasture blend,19719,125,117.40,4.01,1268.11,10.80,0.63,0.94,3.21,316.24,4,3
pb-sss,Southern Subtropics Sheep Forage Mix Pasture Seed | Nature's Seed,pasture seed,southern subtropics sheep forage mix,31505,170,95.73,3.03,1033.18,10.79,0.54,0.56,1.78,340.98,8,8
w-isar,Bladderpod Wildflower Seed | Nature's Seed,wildflower seed,bladderpod,143,6,0.54,1.00,5.77,10.69,4.20,0.09,16.67,5.77,2,4
pb-iwg-1-a,Intermountain West Goat Forage Blend - Pasture Seed | Nature's Seed,pasture seed,intermountain west goat forage blend,12158,67,45.94,1.59,490.46,10.68,0.55,0.69,2.37,308.47,4,3
gla_441177,Orchard Grass Seed,pasture seed,individual pasture species,1835,29,15.55,1.00,165.98,10.67,1.58,0.54,3.45,165.98,1,5
pb-swdd-2.5-a,Southwest Desert Dryland Pasture Blend - Specialty Seed | Nature's Seed,specialty seed,southwest desert dryland pasture blend,25553,184,155.58,3.88,1652.13,10.62,0.72,0.85,2.11,425.81,4,3
w-ammei2-n-0.25-lb,Small-Flowered Fiddleneck - Wildflower Seed | Nature's Seed,wildflower seed,small-flowered fiddleneck,1382,13,2.51,1.00,26.64,10.61,0.94,0.19,7.69,26.64,4,3
pg-hovu-25-lb,Barley - Pasture Seed | Nature's Seed,pasture seed,barley,9333,82,41.96,3.06,444.16,10.59,0.88,0.51,3.73,145.15,4,3
gla_407017,California Poppy,wildflower seed,wildflower seed by region,36318,15,22.79,1.50,240.95,10.57,0.04,1.52,10.00,160.63,4,9
gla_184888,Pacific Southwest Erosion Control Mix,specialty seed,erosion control blends,6916,31,45.84,2.39,482.34,10.52,0.45,1.48,7.71,201.82,4,8
pg-agde-10-lb,Crested Wheatgrass - Pasture Seed | Nature's Seed,pasture seed,crested wheatgrass,4935,92,33.66,5.27,353.13,10.49,1.86,0.37,5.73,67.01,4,3
pg-onvi-1-lb,Sainfoin - Pasture Seed | Nature's Seed,pasture seed,sainfoin,14047,375,111.13,12.09,1160.74,10.44,2.67,0.30,3.22,96.01,4,3
pg-agsi-10-lb,Siberian Wheatgrass - Pasture Seed | Nature's Seed,pasture seed,siberian wheatgrass,3573,25,4.03,1.02,41.88,10.39,0.70,0.16,4.08,41.06,4,3
gla_441431,Rocky Mountain Wildflower Mix,wildflower seeds,regional wildflower mixes,3420,61,70.25,3.00,729.91,10.39,1.78,1.15,4.92,243.30,1,3
gs1_445846,"Nature's Seed Warm‐Season Forage 10 Lb of Pasture Grass Seed for 10,000 Sq Ft Mix No Fillers, Just Quality Feed for Sheep",pasture seeds,pasture seeds mix,5561,23,36.95,6.50,383.35,10.37,0.41,1.61,28.26,58.98,1,6
w-kagr-0.25-lb,Arizona Poppy - Wildflower Seed | Nature's Seed,wildflower seed,arizona poppy,4238,50,14.69,2.65,151.61,10.32,1.18,0.29,5.30,57.21,4,3
w-hebo,Utah Sweetvetch Wildflower Seed | Nature's Seed,wildflower seed,utah sweetvetch,3370,20,5.22,1.18,53.71,10.29,0.59,0.26,5.90,45.52,8,7
pg-loco-50-lb,Birdsfoot Trefoil - Pasture Seed | Nature's Seed,pasture seed,birdsfoot trefoil,3871,60,40.23,2.19,412.74,10.26,1.55,0.67,3.65,188.47,4,3
gla_184785,Great Plains Pollinator Mix,specialty seed,specialty seed by region,3589,25,23.68,4.33,242.54,10.24,0.70,0.95,17.32,56.01,3,9
gla_183697,Great Lakes/New England Beef Cattle Forage Mix,pasture seed,cattle pastures,4429,94,68.99,1.00,705.74,10.23,2.12,0.73,1.06,705.74,3,9
w-coti-5-p,Plains Coreopsis - Wildflower Seed | Nature's Seed,wildflower seed,plains coreopsis,1162,4,1.49,1.00,15.24,10.23,0.34,0.37,25.00,15.24,3,2
turf-nw,Northwest Grass Seed Mix | Nature's Seed,grass seed,northwest seed mix,105136,630,288.18,19.58,2946.67,10.23,0.60,0.46,3.11,150.49,8,6
turf-wnw,TWCA Water-Wise Northwest Mix Grass Seed | Nature's Seed,grass seed,twca water-wise northwest mix,11176,50,32.51,4.23,330.21,10.16,0.45,0.65,8.46,78.06,2,4
w-asfa,Narrowleaf Milkweed Wildflower Seed | Nature's Seed,wildflower seed,narrowleaf milkweed,52331,496,131.81,32.82,1337.32,10.15,0.95,0.27,6.62,40.75,6,11
gla_183823,Great Plains Goat Forage Mix,pasture seed,goat pastures,7995,127,130.62,3.23,1324.85,10.14,1.59,1.03,2.54,410.17,4,9
gla_446579,"California Coastal Native Wildflower Mix | Drought Tolerant Pollinator Seed Blend 5 Lb for 10,000 Sq Ft | Nature's Seed",wildflower seeds,wildflower mixes,10179,84,305.78,18.31,3100.62,10.14,0.83,3.64,21.80,169.34,3,4
pb-swdg,Southwest Desert Goat Forage Mix Pasture Seed | Nature's Seed,pasture seed,southwest desert goat forage mix,52782,429,230.53,10.05,2323.28,10.08,0.81,0.54,2.34,231.17,8,8
pb-mwal,Mid-West/Mid-Atlantic Alpaca/Llama Forage Mix Pasture Seed | Nature's Seed,pasture seed,mid-west/mid-atlantic alpaca/llama forage mix,36604,374,122.01,6.55,1228.87,10.07,1.02,0.33,1.75,187.61,8,8
gla_185526,Pacific Southwest Poultry Forage Mix,pasture seed,poultry pastures,1396,12,11.83,2.00,117.74,9.95,0.86,0.99,16.67,58.87,2,3
gla_185575,Southwest Transitional Poultry Forage Mix,pasture seed,poultry pastures,2934,39,48.00,2.00,469.86,9.79,1.33,1.23,5.13,234.93,4,9
pg-agde,Crested Wheatgrass Pasture Seed | Nature's Seed,pasture seed,crested wheatgrass,21290,520,120.52,13.00,1174.50,9.75,2.44,0.23,2.50,90.35,8,7
pg-deca,Tufted Hairgrass Pasture Seed | Nature's Seed,pasture seed,tufted hairgrass,16519,105,42.84,3.05,417.33,9.74,0.64,0.41,2.90,136.83,8,6
pg-asci,Cicer Milkvetch,pasture seed,cicer milkvetch,5174,78,14.65,1.00,142.69,9.74,1.51,0.19,1.28,142.69,8,8
gla_452637,Blue-eyed Grass Seed Native Perennial Iris Relative for Meadow Planting 0.5 Lb for 1000 Sq Ft | Nature's Seed,wildflower seeds,single species wildflower,1877,14,22.64,12.11,220.18,9.73,0.75,1.62,86.50,18.18,3,4
w-dipu-0.25-lb,Purple Foxglove - Wildflower Seed | Nature's Seed,wildflower seed,purple foxglove,2024,4,2.42,1.00,23.48,9.70,0.20,0.60,25.00,23.48,4,3
6230711068837310569,California Native Wildflower Mix,,,745,6,9.67,3.00,93.47,9.67,0.81,1.61,50.00,31.16,2,2
12259452180464992562,Tortoise Forage & Habitat Mix,,,1122,35,24.07,7.57,230.55,9.58,3.12,0.69,21.63,30.46,2,2
gla_445838,"Nature's Seed California Forage 5 Lb of Pasture Grass Seed for 5,000 Sq Ft Mix Native seed blend",pasture seeds,pasture seeds mix,5146,41,139.45,7.57,1331.02,9.54,0.80,3.40,18.46,175.83,3,4
pb-iwd-1-a,Intermountain West Dryland Pasture Blend - Specialty Seed | Nature's Seed,specialty seed,intermountain west dryland pasture blend,20710,212,161.13,4.52,1535.80,9.53,1.02,0.76,2.13,339.78,4,3
s-felo,Hard Fescue Grass Seed | Nature's Seed,grass seed,hard fescue grass,43155,540,192.37,22.16,1826.66,9.50,1.25,0.36,4.10,82.43,8,5
gla_185430,Small Burnet,pasture seed,individual pasture species,1129,33,36.49,1.66,346.20,9.49,2.92,1.11,5.03,208.55,3,9
pg-fear,Arizona Fescue Pasture Seed | Nature's Seed,pasture seed,arizona fescue,49218,412,115.92,10.00,1099.55,9.49,0.84,0.28,2.43,109.95,8,8
pg-popr,Kentucky Bluegrass,pasture seed,kentucky bluegrass,78961,412,131.89,8.61,1248.41,9.47,0.52,0.32,2.09,145.00,8,18
gla_445848,"Nature's Seed Transitional Pasture & Forage 20 Lb for 20,000 Sq Ft Mix No Fillers, Just Quality Feed for Sheep",pasture seeds,pasture seeds mix,20653,168,227.78,13.72,2152.15,9.45,0.81,1.36,8.17,156.86,3,7
pb-mwal-0.5-a,Mid-West/Mid-Atlantic Alpaca/Llama Forage Blend - Pasture Seed | Nature's Seed,pasture seed,mid-west/mid-atlantic alpaca/llama forage blend,7285,36,20.42,1.32,192.46,9.43,0.49,0.57,3.67,145.80,4,3
w-irmi,Rocky Mountain Iris Wildflower Seed | Nature's Seed,wildflower seed,rocky mountain iris,6541,94,12.63,1.99,118.92,9.42,1.44,0.13,2.12,59.76,8,8
pg-brbi,Meadow Brome Pasture Seed | Nature's Seed,pasture seed,meadow brome,82168,775,240.51,10.16,2255.12,9.38,0.94,0.31,1.31,221.96,8,11
gla_440366,"Nature’s Seed Goat Pasture Mix – Southern 10 lb Seed Blend with Alfalfa, Chicory, Clover & Bermuda – Drought & Heat Resist.",pasture seed,goat pasture seed,15634,125,94.78,2.43,885.46,9.34,0.80,0.76,1.94,364.39,2,6
pb-pswh-1-a,Pacific Southwest Horse Forage Blend - Pasture Seed | Nature's Seed,pasture seed,pacific southwest horse forage blend,18638,86,94.28,6.66,875.08,9.28,0.46,1.10,7.74,131.39,4,3
w-ammei2-n-0.5-lb,Small-Flowered Fiddleneck - Wildflower Seed | Nature's Seed,wildflower seed,small-flowered fiddleneck,3683,60,7.23,1.00,66.88,9.25,1.63,0.12,1.67,66.88,4,3
gla_441430,Rocky Mountain Wildflower Mix,wildflower seeds,regional wildflower mixes,2232,24,19.47,1.00,179.94,9.24,1.08,0.81,4.17,179.94,1,3
gla_183949,Great Lakes/New England Sheep Forage Mix,pasture seed,sheep pastures,4297,109,224.26,6.29,2062.93,9.20,2.54,2.06,5.77,327.97,4,9
pg-onvi-10-lb,Sainfoin - Pasture Seed | Nature's Seed,pasture seed,sainfoin,6305,116,40.43,4.67,371.68,9.19,1.84,0.35,4.03,79.59,4,3
gla_184789,Great Plains Pollinator Mix,specialty seed,specialty seed by region,6117,31,53.34,1.47,489.98,9.19,0.51,1.72,4.74,333.32,4,9
gla_440361,Big Game Forage Mix,pasture seed,,2480,13,19.64,1.00,179.98,9.16,0.52,1.51,7.69,179.98,2,3
gla_445843,"Nature's Seed Cool‐Adapted Pasture & Forage 50 Lb for 50,000 Sq Ft Mix No Fillers, Just Quality Feed for Sheep",pasture seeds,pasture seeds mix,13849,87,185.38,3.80,1697.97,9.16,0.63,2.13,4.37,446.83,3,7
gla_185280,Wheat,pasture seed,individual pasture species,19566,259,143.23,8.00,1310.03,9.15,1.32,0.55,3.09,163.75,4,10
pg-orhy-50-lb,Indian Ricegrass - Pasture Seed | Nature's Seed,pasture seed,indian ricegrass,7169,111,42.74,1.91,390.77,9.14,1.55,0.39,1.72,204.59,4,3
gla_452879,Purple Needlegrass Seed Native California Perennial Bunchgrass for Restoration 0.25 Lb for 500 Sq Ft | Nature's Seed,wildflower seeds,regional wildflower mixes,4042,36,53.72,3.64,490.68,9.13,0.89,1.49,10.11,134.80,3,4
pb-pnwbc-1-a,Pacific Northwest Beef Cattle Forage Blend - Pasture Seed | Nature's Seed,pasture seed,pacific northwest beef cattle forage blend,16239,164,102.24,3.47,932.22,9.12,1.01,0.62,2.12,268.65,4,3
gla_452753,Western Yarrow Seed (Achillea millefolium) Native Perennial Wildflower 0.25 Lb for 500 Sq Ft | Nature's Seed,wildflower seeds,single species wildflower,7622,61,51.05,5.00,464.07,9.09,0.80,0.84,8.20,92.81,3,4
gla_440384,Transitional Sheep Pasture Mix,pasture seed,,5727,55,84.37,2.47,765.10,9.07,0.96,1.53,4.49,309.76,2,5
turf-popr,Velvet Blue Grass Seed Blend | Nature's Seed,grass seed,velvet blue seed blend,65383,223,47.25,5.22,427.81,9.05,0.34,0.21,2.34,81.96,8,11
gla_185373,Indian Ricegrass,pasture seed,individual pasture species,8916,117,83.03,1.97,751.53,9.05,1.31,0.71,1.68,381.49,4,10
gla_184689,Indiangrass,pasture seed,pasture seed by region,21474,221,331.79,6.00,2996.96,9.03,1.03,1.50,2.71,499.49,4,10
pb-sspb,Southern Subtropics Poultry Forage Mix Pasture Seed | Nature's Seed,pasture seed,southern subtropics poultry forage mix,70427,413,145.32,22.00,1310.05,9.01,0.59,0.35,5.33,59.55,8,8
gla_185600,Southwest Desert Poultry Forage Mix,pasture seed,poultry pastures,5377,100,120.68,7.00,1085.65,9.00,1.86,1.21,7.00,155.09,4,10
s-feru-10-lb,Creeping Red Fescue Grass - Grass Seed | Nature's Seed,grass seed,creeping red fescue grass,5372,52,29.61,2.17,265.99,8.98,0.97,0.57,4.17,122.58,4,3
pg-poam,Big Bluegrass Pasture Seed | Nature's Seed,pasture seed,big bluegrass,175717,1311,388.49,8.52,3489.11,8.98,0.75,0.30,0.65,409.52,8,8
gla_183795,Pacific Northwest Goat Forage Mix,pasture seed,goat pastures,2914,23,30.60,4.98,274.58,8.97,0.79,1.33,21.65,55.14,2,3
pb-pswal,Pacific Southwest Alpaca/Llama Forage Mix,pasture seed,pacific southwest alpaca/llama forage mix,15378,45,17.84,2.00,159.22,8.92,0.29,0.40,4.44,79.61,8,7
gla_184669,Common Bermudagrass,pasture seed,individual pasture species,30466,179,214.80,4.34,1912.38,8.90,0.59,1.20,2.42,440.64,4,10
turf-ne-1000-f,Northeast Seed Blend - Grass Seed | Nature's Seed,grass seed,northeast seed blend,18821,81,37.89,3.25,336.61,8.88,0.43,0.47,4.01,103.57,4,3
pb-pnwal,Pacific Northwest Alpaca/Llama Forage Mix,pasture seed,pacific northwest alpaca/llama forage mix,61730,372,155.26,8.12,1375.26,8.86,0.60,0.42,2.18,169.37,8,13
gla_187647,Showy Partridge Pea,wildflower seed,wildflower seed by region,349,11,5.51,2.99,48.79,8.85,3.15,0.50,27.18,16.32,1,2
pg-onvi-25-lb,Sainfoin - Pasture Seed | Nature's Seed,pasture seed,sainfoin,7584,184,72.76,3.53,643.76,8.85,2.43,0.40,1.92,182.37,4,3
gla_186270,California Goldfields,wildflower seed,,1183,7,8.88,2.00,78.22,8.81,0.59,1.27,28.57,39.11,4,8
gla_440417,Sun and Shade Grass Seed Mix,lawn seed,grass seed by state,3348,6,8.47,1.00,74.53,8.80,0.18,1.41,16.67,74.53,1,6
gla_184725,Little Bluestem,pasture seed,individual pasture species,5982,152,182.43,5.65,1604.70,8.80,2.54,1.20,3.72,284.02,3,9
pb-glpb-2.5-a,Great Lakes/New England Poultry Forage Blend - Pasture Seed | Nature's Seed,pasture seed,great lakes/new england poultry forage blend,4629,31,17.39,2.15,152.65,8.78,0.67,0.56,6.94,71.00,4,3
pb-mwdc,Mid-West/Mid-Atlantic Dairy Cow Forage Mix Pasture Seed | Nature's Seed,pasture seed,mid-west/mid-atlantic dairy cow forage mix,36929,139,63.09,2.75,551.90,8.75,0.38,0.45,1.98,200.69,8,8
gla_446613,"Nature's Seed Pasture & Forage 25 Lb for 25,000 Sq Ft Buffalograss Filler-Free Curated Varieties by Seed Experts",pasture seeds,single species pasture seeds,5591,27,23.98,1.00,209.49,8.74,0.48,0.89,3.70,209.49,3,7
gla_187255,Cardinal Flower,florida tropics planting region,,24241,39,37.53,1.00,327.50,8.73,0.16,0.96,2.56,327.50,3,7
pb-swds,Southwest Desert Sheep Forage Mix Pasture Seed | Nature's Seed,pasture seed,southwest desert sheep forage mix,29039,187,105.72,4.58,918.61,8.69,0.64,0.57,2.45,200.57,8,8
turf-wbb-5000-f,Water-Wise Bluegrass Blend - Grass Seed | Nature's Seed,grass seed,water-wise bluegrass blend,10416,39,18.57,1.26,161.30,8.69,0.37,0.48,3.23,128.02,4,3
gla_444226,Tackifier,planting aids,,860,14,16.93,1.00,146.91,8.68,1.63,1.21,7.14,146.91,2,1
gla_184577,Forage Chicory,pasture seed,individual pasture species,40889,116,81.77,3.15,709.12,8.67,0.28,0.70,2.72,225.12,3,9
gla_184516,Timothy Grass Seed,pasture seed,individual pasture species,13700,537,338.23,12.53,2929.32,8.66,3.92,0.63,2.33,233.78,4,10
gla_184325,Great Plains Honey Bee Pasture Mix,specialty seed,specialty seed by region,3410,59,26.28,3.08,226.48,8.62,1.73,0.45,5.22,73.53,3,9
gla_187432,Ironweed,wildflower seed,wildflower seed by region,11000,76,41.84,1.00,359.77,8.60,0.69,0.55,1.32,359.77,4,9
s-trre-5000-f,White Dutch Clover - Grass Seed | Nature's Seed,grass seed,white dutch clover,54957,303,151.14,15.97,1298.01,8.59,0.55,0.50,5.27,81.28,4,3
pg-trhy-25-lb,Alsike Clover - Pasture Seed | Nature's Seed,pasture seed,alsike clover,2770,23,22.11,3.74,189.85,8.59,0.83,0.96,16.26,50.76,3,3
gla_186848,Southwest Desert Pig Forage Mix,pasture seed,pig pastures,3383,49,47.95,2.00,411.61,8.58,1.45,0.98,4.08,205.81,3,8
pg-agde-25-lb,Crested Wheatgrass - Pasture Seed | Nature's Seed,pasture seed,crested wheatgrass,2680,27,9.52,1.03,81.70,8.58,1.01,0.35,3.81,79.32,3,3
s-trre-2000-f,White Dutch Clover - Grass Seed | Nature's Seed,grass seed,white dutch clover,49446,199,97.39,13.39,835.41,8.58,0.40,0.49,6.73,62.39,4,3
pg-pegl2-25-lb,Hybrid Pearl Millet - Pasture Seed | Nature's Seed,pasture seed,hybrid pearl millet,12636,148,61.27,4.67,524.27,8.56,1.17,0.41,3.16,112.26,3,3
turf-wt-2000-f,TWCA Water-Wise Tall Fescue Blend - Grass Seed | Nature's Seed,grass seed,twca water-wise tall fescue blend,16662,43,21.82,1.72,185.79,8.51,0.26,0.51,4.00,108.02,4,3
w-arpl,Prickly Poppy Wildflower Seed | Nature's Seed,wildflower seed,prickly poppy,4655,85,13.32,7.18,112.83,8.47,1.83,0.16,8.45,15.71,6,5
gla_184400,Great Lakes/New England Honey Bee Pasture Mix,pasture seed,pasture seed by region,5240,39,95.87,2.33,810.12,8.45,0.74,2.46,5.97,347.69,4,9
pb-ftpb-0.5-a,Florida Tropics Poultry Forage Blend - Pasture Seed | Nature's Seed,pasture seed,florida tropics poultry forage blend,4600,41,17.41,1.50,147.09,8.45,0.89,0.42,3.66,98.06,4,3
gla_186799,Great Plains Pig Forage Mix,pasture seed,pig pastures,10345,148,130.16,2.50,1099.29,8.45,1.43,0.88,1.69,439.72,4,9
gla_445414,"Nature's Seed Blue Ribbon Water Wise Lawn 5 Lb of Grass Seed for 1,000 Sq Ft | TWCA Certified Ideal for Transitional/Northern Regions",lawn seeds,water-wise lawn seeds,9527,64,51.38,6.79,432.92,8.43,0.67,0.80,10.61,63.76,1,5
pg-pler-n-50-lb,Dotseed Plantain - Pasture Seed | Nature's Seed,pasture seed,dotseed plantain,1100,8,6.68,1.50,56.19,8.41,0.73,0.83,18.75,37.46,4,3
gla_183803,Southwest Desert Goat Forage Mix,pasture seed,goat pastures,3202,51,77.68,2.00,653.34,8.41,1.59,1.52,3.92,326.67,4,9
gla_184418,Pacific Southwest Honey Bee Pasture Mix,specialty seed,honey bee blends,1236,16,19.89,2.50,166.69,8.38,1.29,1.24,15.62,66.68,2,2
w-luar2,Silverleaf Lupine Wildflower Seed | Nature's Seed,wildflower seed,silverleaf lupine,7101,55,11.18,2.00,93.60,8.37,0.77,0.20,3.64,46.80,8,5
pg-dagl-10-lb,Orchardgrass - Pasture Seed | Nature's Seed,pasture seed,orchardgrass,34878,385,148.72,10.03,1241.45,8.35,1.10,0.39,2.61,123.77,4,3
w-enfa-50-p,Brittlebush - Wildflower Seed | Nature's Seed,wildflower seed,brittlebush,517,8,1.22,1.00,10.06,8.25,1.55,0.15,12.50,10.06,3,2
pb-mwal-2.5-a,Mid-West/Mid-Atlantic Alpaca/Llama Forage Blend - Pasture Seed | Nature's Seed,pasture seed,mid-west/mid-atlantic alpaca/llama forage blend,8185,38,22.23,1.25,182.84,8.22,0.46,0.58,3.29,146.27,4,3
pg-agsm-1-lb,Western Wheatgrass - Pasture Seed | Nature's Seed,pasture seed,western wheatgrass,20425,195,68.43,2.90,562.17,8.22,0.95,0.35,1.49,193.85,4,3
w-lude-5-p,Golden Lupine - Wildflower Seed | Nature's Seed,wildflower seed,golden lupine,998,8,2.00,1.00,16.41,8.21,0.80,0.25,12.50,16.41,3,2
gla_185275,Rice Hulls,planting aids,all planting aids,10581,97,99.29,3.14,810.35,8.16,0.92,1.02,3.24,258.07,4,1
pb-glp-5000-f,Great Lakes/New England Pollinator Blend - Specialty Seed | Nature's Seed,specialty seed,great lakes/new england pollinator blend,6116,19,16.77,2.00,136.80,8.16,0.31,0.88,10.53,68.40,4,3
pb-gppb-500-f,Great Plains Poultry Forage Blend - Pasture Seed | Nature's Seed,pasture seed,great plains poultry forage blend,15947,111,86.58,6.06,704.09,8.13,0.70,0.78,5.46,116.19,4,3
gla_191983,Perennial Ryegrass Seed Blend,lawn seed,grass seed by state,96202,397,380.59,5.13,3086.67,8.11,0.41,0.96,1.29,601.69,4,7
pb-pswh-2.5-a,Pacific Southwest Horse Forage Blend - Pasture Seed | Nature's Seed,pasture seed,pacific southwest horse forage blend,10310,50,92.57,4.50,744.81,8.05,0.48,1.85,9.00,165.51,4,3
gla_185209,Intermountain West Big Game Food Plot Mix,specialty seed,specialty seed by region,10030,140,155.56,3.50,1244.43,8.00,1.40,1.11,2.50,355.55,3,8
s-feru,Creeping Red Fescue Grass Seed | Nature's Seed,grass seed,creeping red fescue grass,156673,1385,479.81,68.57,3808.34,7.94,0.88,0.35,4.95,55.54,8,4
pg-pegl2-1-lb,Hybrid Pearl Millet - Pasture Seed | Nature's Seed,pasture seed,hybrid pearl millet,12233,164,45.52,5.62,360.81,7.93,1.34,0.28,3.43,64.20,4,3
wb-gb,Great Basin Wildflower Mix | Nature's Seed,wildflower seed,great basin wildflower mix,3069,37,10.00,1.00,79.20,7.92,1.21,0.27,2.70,79.20,6,7
pb-fts,Florida Tropics Sheep Forage Mix Pasture Seed | Nature's Seed,pasture seed,florida tropics sheep forage mix,17326,89,45.73,1.00,360.97,7.89,0.51,0.51,1.12,360.97,8,8
5988529787047796421,California Coastal Native Wildflower Mix,,,4276,74,83.03,14.97,652.04,7.85,1.73,1.12,20.23,43.56,1,2
gla_184591,Sainfoin,pasture seed,individual pasture species,10247,276,188.57,13.53,1446.81,7.67,2.69,0.68,4.90,106.93,4,10
gs3_000005,Nature's Seed planting aid 25 LB Sheep Fescue Filler-Free Curated Varieties by Seed Experts,specialty seeds,lawn alternative/enhancer,8649,80,102.25,11.00,782.95,7.66,0.92,1.28,13.75,71.18,1,4
pg-trhy,Alsike Clover - Bulk bags available - No added filler,pasture seed,alsike clover,35449,319,92.69,7.55,708.85,7.65,0.90,0.29,2.37,93.89,8,19
gla_455525,"Deer Food Plot Seed Mix (Krunch & Munch) - Wildlife Forage - 20 lb, Covers 2,000 sq ft | Nature's Seed",food plot,food plot mix wildlife attractor,8581,58,39.83,2.00,303.63,7.62,0.68,0.69,3.45,151.81,1,3
pg-trpr,Red Clover - Bulk bags available - No added filler,pasture seed,red clover,104807,744,266.67,42.37,2032.41,7.62,0.71,0.36,5.69,47.97,8,18
pb-ftug-2.5-a,Florida Tropics Upland Game Food Plot Blend - Specialty Seed | Nature's Seed,specialty seed,florida tropics upland game food plot blend,2860,20,12.06,1.00,91.54,7.59,0.70,0.60,5.00,91.54,3,3
gla_445170,"Nature's Seed Lawn Fescue Low Water & Traffic-Tough 5 Lb of Grass Seed for 1,000 Sq Ft | TWCA Certified Ideal - Transitional/Northern Regions",lawn seeds,water-wise lawn seeds (twca certified),62972,328,245.45,6.28,1859.41,7.58,0.52,0.75,1.91,296.08,3,6
pb-satbc,South-Atlantic Transitional Beef Cattle Forage Mix Pasture Seed | Nature's Seed,pasture seed,south-atlantic transitional beef cattle forage mix,84107,604,331.27,7.95,2509.00,7.57,0.72,0.55,1.32,315.60,8,8
pb-pnwg,Pacific Northwest Goat Forage Mix,pasture seed,pacific northwest goat forage mix,54568,539,288.63,18.30,2182.51,7.56,0.99,0.54,3.40,119.26,8,13
w-assp-0.5-lb,Showy Milkweed - Wildflower Seed | Nature's Seed,wildflower seed,showy milkweed,805,6,3.44,1.00,25.92,7.53,0.75,0.57,16.67,25.92,3,2
gla_452880,Purple Needlegrass Seed Native California Perennial Bunchgrass for Restoration 0.5 Lb for 1000 Sq Ft | Nature's Seed,wildflower seeds,single species wildflower,3138,30,37.98,6.50,284.98,7.50,0.96,1.27,21.67,43.84,3,4
pb-pswpb-1500-f,Pacific Southwest Poultry Forage Blend - Pasture Seed | Nature's Seed,pasture seed,pacific southwest poultry forage blend,3164,12,9.29,1.00,69.65,7.50,0.38,0.77,8.33,69.65,3,3
gla_183696,Great Lakes/New England Beef Cattle Forage Mix,pasture seed,cattle pastures,9804,201,202.69,2.89,1513.51,7.47,2.05,1.01,1.44,523.71,4,10
gla_183808,Mid-West/Mid-Atlantic Goat Forage Mix,pasture seed,goat pastures,2146,30,22.15,1.12,165.32,7.46,1.40,0.74,3.73,147.61,3,6
gla_355919,Sunn Hemp,heartland collection,pasture seed by region,1165,39,33.44,1.00,249.41,7.46,3.35,0.86,2.56,249.41,3,8
pb-dss-0.25-lb,Desert Sage Scrub Mix - Specialty Seed | Nature's Seed,specialty seed,desert sage scrub mix,14154,176,66.24,3.00,493.78,7.45,1.24,0.38,1.70,164.59,4,2
pb-gps,Great Plains Sheep Forage Mix Pasture Seed | Nature's Seed,pasture seed,great plains sheep forage mix,58550,559,253.30,9.69,1884.30,7.44,0.95,0.45,1.73,194.46,8,8
gla_183549,Southwest Desert Horse Forage Mix,pasture seed,horse pastures,6469,128,136.84,3.00,1014.70,7.42,1.98,1.07,2.34,338.23,3,9
pg-feme-1-lb,Zorro Fescue - Pasture Seed | Nature's Seed,pasture seed,zorro fescue,6222,30,20.61,4.00,152.48,7.40,0.48,0.69,13.33,38.12,4,3
gla_187015,Xerces Central Valley Pollinator Mix,wildflower seed,regional wildflower mixes,3181,14,17.48,1.00,129.30,7.40,0.44,1.25,7.14,129.30,2,3
w-lual-0.5-lb,Mountain Lupine - Wildflower Seed | Nature's Seed,wildflower seed,mountain lupine,2473,15,5.63,1.00,41.56,7.38,0.61,0.38,6.67,41.56,3,2
pb-iws-0.5-a,Intermountain West Sheep Forage Blend - Pasture Seed | Nature's Seed,pasture seed,intermountain west sheep forage blend,17909,94,101.37,3.88,747.79,7.38,0.52,1.08,4.13,192.73,4,3
gla_445861,"Nature's Seed Cool‐Adapted Pasture & Forage 10 Lb for 10,000 Sq Ft Mix No Filler, Palatable Seed for Horses",pasture seeds,pasture seeds mix,31375,282,294.60,38.40,2166.08,7.35,0.90,1.04,13.62,56.41,3,7
pb-iwbg,Intermountain West Big Game Food Plot Mix Specialty Seed | Nature's Seed,specialty seed,intermountain west big game food plot mix,7658,79,41.84,2.50,307.27,7.34,1.03,0.53,3.16,122.91,7,6
pg-brin,Smooth Brome Pasture Seed | Nature's Seed,pasture seed,smooth brome,59820,1203,283.18,23.19,2076.94,7.33,2.01,0.24,1.93,89.56,8,11
turf-ss-1000-f,Sun & Shade Seed Blend - Grass Seed | Nature's Seed,grass seed,sun & shade seed blend,24945,92,65.86,4.52,482.26,7.32,0.37,0.72,4.91,106.69,4,3
w-phdr,Drummond Phlox,wildflower seed,drummond phlox,5335,30,11.55,2.00,84.43,7.31,0.56,0.38,6.67,42.22,8,18
gla_183585,Intermountain West Horse Forage Mix,pasture seed,horse pastures,4169,62,134.21,1.74,978.99,7.29,1.49,2.16,2.81,562.64,3,9
s-feru-n-50-lb,Creeping Red Fescue Grass - Grass Seed | Nature's Seed,grass seed,creeping red fescue grass,4717,39,23.85,1.00,173.85,7.29,0.83,0.61,2.56,173.85,4,3
gla_445519,M-Binder 50 Lb Professional Hydroseeding Tack Agent | Nature's Seed,planting aids,,9621,84,61.53,6.00,446.26,7.25,0.87,0.73,7.14,74.38,3,4
turf-jbr-2000-f,Jimmy's Blue Ribbon Premium Grass Seed Mix - Grass Seed | Nature's Seed,grass seed,jimmy's blue ribbon premium grass seed mix,142873,3279,432.03,28.08,3128.78,7.24,2.30,0.13,0.86,111.42,4,3
pb-swtd-2.5-a,Southwest Transitional Dryland Pasture Blend - Specialty Seed | Nature's Seed,specialty seed,southwest transitional dryland pasture blend,22324,124,84.41,1.94,609.04,7.22,0.56,0.68,1.56,313.94,4,3
wb-ccn,California Coastal Native Wildflower Mix | Nature's Seed,wildflower seed,california coastal native wildflower mix,19225,161,143.65,11.68,1035.15,7.21,0.84,0.89,7.25,88.63,2,5
gla_185419,Butterfly Milkweed,wildflower seed,wildflower seed by region,7537,16,35.00,1.00,250.47,7.16,0.21,2.19,6.25,250.47,4,9
gla_445433,"Nature's Seed Lawn Bermudagrass Extremely Resistant blend 25 Lb of Grass Seed for 5,000 Sq Ft| Ideal for Southern Region",lawn seeds,premium turf,29331,122,113.56,2.00,811.43,7.15,0.42,0.93,1.64,405.72,3,6
sustane-4-6-4,Organic Seed Starter Fertilizer 4-6-4 | Nature's Seed,planting aids,organic seed starter fertilizer 4-6-4,14783,41,99.09,1.79,707.93,7.14,0.28,2.42,4.37,395.49,5,3
pb-glug-2.5-a,Great Lakes/New England Upland Game Food Plot Blend - Specialty Seed | Nature's Seed,specialty seed,great lakes/new england upland game food plot blend,7266,64,41.97,2.64,299.68,7.14,0.88,0.66,4.12,113.52,4,3
pg-peas-1-lb,Field Pea - Pasture Seed | Nature's Seed,pasture seed,field pea,25925,195,106.97,4.41,763.67,7.14,0.75,0.55,2.26,173.17,4,3
w-peea,Firecracker Penstemon Wildflower Seed | Nature's Seed,wildflower seed,firecracker penstemon,53801,624,115.54,19.13,824.10,7.13,1.16,0.19,3.07,43.08,8,8
pg-agsp-1-lb,Bluebunch Wheatgrass - Pasture Seed | Nature's Seed,pasture seed,bluebunch wheatgrass,6317,73,13.45,3.00,95.79,7.12,1.16,0.18,4.11,31.93,4,3
pb-pnwbg,Pacific Northwest Big Game Food Plot Mix Specialty Seed | Nature's Seed,specialty seed,pacific northwest big game food plot mix,51914,717,280.28,21.15,1990.90,7.10,1.38,0.39,2.95,94.13,7,6
pg-trwi,Tomcat Clover Specialty Seed | Nature's Seed,specialty seed,tomcat clover,2196,32,16.04,3.10,113.57,7.08,1.46,0.50,9.69,36.64,2,4
pb-satpb,South-Atlantic Transitional Poultry Forage Mix Pasture Seed | Nature's Seed,pasture seed,south-atlantic transitional poultry forage mix,25729,86,48.43,5.16,341.78,7.06,0.33,0.56,6.00,66.24,8,8
pb-cnec-50-lb,California Native Erosion Control Mix - Specialty Seed | Nature's Seed,specialty seed,california native erosion control mix,40312,360,233.07,3.97,1643.81,7.05,0.89,0.65,1.10,414.06,4,3
pb-mwec-2.5-a,Mid-West/Mid-Atlantic Erosion Control Blend - Specialty Seed | Nature's Seed,specialty seed,mid-west/mid-atlantic erosion control blend,13920,95,76.63,2.00,539.54,7.04,0.68,0.81,2.11,269.77,4,2
gla_186172,Xerces Central Coast Pollinator Mix,wildflower seed,regional wildflower mixes,11450,81,108.03,6.50,758.08,7.02,0.71,1.33,8.02,116.63,3,3
pg-scsc,Little Bluestem,pasture seed,little bluestem,106618,606,310.26,11.49,2170.24,6.99,0.57,0.51,1.90,188.88,8,16
gla_184049,Bahia Grass Seed,lawn seed,grass seed by state,3900,59,54.76,1.05,382.09,6.98,1.51,0.93,1.78,363.90,4,7
pg-orhy,Indian Ricegrass Pasture Seed | Nature's Seed,pasture seed,indian ricegrass,27122,396,98.45,8.84,686.47,6.97,1.46,0.25,2.23,77.65,8,8
pb-tort-500-f,Tortoise Forage Mix - Pasture Seed | Nature's Seed,pasture seed,tortoise forage mix,23697,313,169.05,19.22,1178.69,6.97,1.32,0.54,6.14,61.33,4,3
gla_445260,"Nature's Seed Any Region Pasture & Forage 50 Lb for 50,000 Sq Ft Mix Curated Soft‐Leaf Blend for Llamas and Aplacas with No Fillers",pasture seeds,pasture seeds mix,13707,80,112.50,20.29,782.15,6.95,0.58,1.41,25.36,38.55,3,7
wb-rm,Rocky Mountain Wildflower Mix | Nature's Seed,wildflower seed,rocky mountain wildflower mix,32684,250,106.28,11.85,738.58,6.95,0.76,0.43,4.74,62.33,6,6
pb-swdpb,Southwest Desert Poultry Forage Mix Pasture Seed | Nature's Seed,pasture seed,southwest desert poultry forage mix,106201,935,387.80,37.47,2682.69,6.92,0.88,0.41,4.01,71.60,8,8
gla_444949,"Nature's Seed Pasture & Forage 50 Lb for 50,000 Sq Ft Alfalfa Filler-Free Curated Varieties by Seed Experts",pasture seeds,single species pasture seeds,14136,83,111.10,4.00,767.70,6.91,0.59,1.34,4.82,191.93,3,7
gla_183724,Mid-West/Mid-Atlantic Dairy Cow Forage Mix,pasture seed,cattle pastures,2395,46,41.27,1.18,285.06,6.91,1.92,0.90,2.57,241.58,3,9
w-isme5,Coastal Goldenbush Wildflower Seed | Nature's Seed,wildflower seed,coastal goldenbush,303,4,1.84,1.00,12.63,6.86,1.32,0.46,25.00,12.63,2,4
pb-tort-nb-1000-f,Tortoise Forage Mix (No Bermudagrass) - Pasture Seed | Nature's Seed,pasture seed,tortoise forage mix (no bermudagrass),13469,131,43.49,6.13,298.35,6.86,0.97,0.33,4.68,48.67,4,3
pb-pnwg-1-a,Pacific Northwest Goat Forage Blend - Pasture Seed | Nature's Seed,pasture seed,pacific northwest goat forage blend,17431,115,93.07,2.55,633.83,6.81,0.66,0.81,2.22,248.56,4,3
pg-agin,Intermediate Wheatgrass Pasture Seed | Nature's Seed,pasture seed,intermediate wheatgrass,25488,296,74.28,3.81,505.34,6.80,1.16,0.25,1.29,132.64,8,8
pg-elgl,Blue Wildrye,pasture seed,blue wildrye,11332,136,48.73,5.33,331.41,6.80,1.20,0.36,3.92,62.18,5,9
gla_183668,Intermountain West Beef Cattle Forage Mix,pasture seed,cattle pastures,2065,37,41.68,1.00,282.84,6.79,1.79,1.13,2.70,282.84,4,8
pb-pnwp-2000-f,Pacific Northwest Pollinator Blend - Specialty Seed | Nature's Seed,specialty seed,pacific northwest pollinator blend,9554,55,37.58,2.97,254.43,6.77,0.58,0.68,5.40,85.67,4,3
w-basa,Arrowleaf Balsamroot Wildflower Seed | Nature's Seed,wildflower seed,arrowleaf balsamroot,15343,263,40.52,13.06,273.34,6.75,1.71,0.15,4.97,20.93,8,9
gla_185551,Southern Subtropics Poultry Forage Mix,pasture seed,poultry pastures,15189,228,265.28,8.46,1782.33,6.72,1.50,1.16,3.71,210.68,4,10
pb-ftpb-500-f,Florida Tropics Poultry Forage Blend - Pasture Seed | Nature's Seed,pasture seed,florida tropics poultry forage blend,6266,51,20.13,3.50,134.57,6.69,0.81,0.39,6.86,38.45,4,3
gla_183822,Great Plains Goat Forage Mix,pasture seed,goat pastures,24659,650,496.26,16.70,3313.79,6.68,2.64,0.76,2.57,198.43,4,9
pb-sats,South-Atlantic Transitional Sheep Forage Mix Pasture Seed | Nature's Seed,pasture seed,south-atlantic transitional sheep forage mix,41471,256,138.75,8.93,922.85,6.65,0.62,0.54,3.49,103.34,8,8
w-spam,Desert Globemallow Wildflower Seed | Nature's Seed,wildflower seed,desert globemallow,108600,1467,238.07,72.03,1579.56,6.63,1.35,0.16,4.91,21.93,8,7
w-clpu2-n-50-p,Purple Clarkia - Wildflower Seed | Nature's Seed,wildflower seed,purple clarkia,1005,7,2.19,1.00,14.53,6.63,0.70,0.31,14.29,14.53,3,2
pg-agel,Tall Wheatgrass Pasture Seed | Nature's Seed,pasture seed,tall wheatgrass,78813,587,114.53,7.09,759.33,6.63,0.74,0.20,1.21,107.10,8,8
turf-wnw-500-f,TWCA Water-Wise Northwest Mix - Grass Seed | Nature's Seed,grass seed,twca water-wise northwest mix,5654,18,8.27,1.99,54.61,6.60,0.32,0.46,11.06,27.44,4,3
pg-avsa-25-lb,Oats - Pasture Seed | Nature's Seed,pasture seed,oats,10296,154,68.43,4.42,451.52,6.60,1.50,0.44,2.87,102.15,3,3
pb-pnwh-1-a,Pacific Northwest Horse Forage Blend - Pasture Seed | Nature's Seed,pasture seed,pacific northwest horse forage blend,35301,288,329.04,9.00,2169.06,6.59,0.82,1.14,3.12,241.01,4,3
gs2_446826,"Nature's Seed Wildflower 1 Lb for 2,000 Sq Ft Mix Rapid Erosion Control & Pollinator‐Friendly",wildflower seeds,wildflower mixes,4788,11,9.69,1.00,63.71,6.57,0.23,0.88,9.09,63.71,1,4
pg-lope-25-lb,Perennial Ryegrass - Pasture Seed | Nature's Seed,pasture seed,perennial ryegrass,32406,299,115.45,7.03,756.77,6.55,0.92,0.39,2.35,107.65,3,3
pb-glpg-1-a,Great Lakes/New England Pig Forage Mix - Pasture Seed | Nature's Seed,pasture seed,great lakes/new england pig forage mix,13660,82,60.19,3.69,394.47,6.55,0.60,0.73,4.50,106.90,4,3
pb-iwpg,Intermountain West Pig Forage Mix | Nature's Seed,pasture seed,intermountain west pig forage mix,2997,22,12.11,1.50,79.35,6.55,0.73,0.55,6.82,52.90,2,4
turf-wbb-500-f,Water-Wise Bluegrass Blend - Grass Seed | Nature's Seed,grass seed,water-wise bluegrass blend,6488,19,9.07,1.32,59.36,6.54,0.29,0.48,6.95,44.97,4,3
gla_455945,"Shortgrass Prairie Seed Mix - Native Grass & Wildflower Blend - 10 lb, Covers 50,000 sq ft | Nature's Seed",food plot,food plot mix wildlife attractor,28065,242,291.52,6.28,1902.87,6.53,0.86,1.20,2.60,303.00,1,3
gla_184768,Mid-West/Mid-Atlantic Pollinator Mix,specialty seed,specialty seed by region,6340,42,68.65,2.50,447.89,6.52,0.66,1.63,5.95,179.16,4,8
gla_185224,Southern Subtropics Big Game Food Plot Mix,specialty seed,specialty seed by region,22824,122,198.84,2.52,1296.62,6.52,0.53,1.63,2.07,514.53,4,8
gs1_000010,"Nature's Seed Any Region Poultry Forage 5 Lb of Pasture Grass Seed for 5,000 Sq Ft Mix High‐Protein Legume & Flax & Forage Certified",pasture seeds,pasture seeds mix,10117,197,205.37,40.23,1338.15,6.52,1.95,1.04,20.42,33.26,1,6
gla_185297,Cereal Rye Seed,pasture seed,individual pasture species,29380,623,390.91,32.46,2546.26,6.51,2.12,0.63,5.21,78.44,4,10
pg-trit-50-lb,Triticale - Pasture Seed | Nature's Seed,pasture seed,triticale,9541,97,25.50,1.41,165.74,6.50,1.02,0.26,1.45,117.55,4,3
pb-ftg,Florida Tropics Goat Forage Mix Pasture Seed | Nature's Seed,pasture seed,florida tropics goat forage mix,40955,286,136.64,4.93,888.09,6.50,0.70,0.48,1.72,180.14,8,8
gla_187114,TWCA Water-Wise Northwest Mix,lawn seed,,1747,23,35.82,1.43,232.59,6.49,1.32,1.56,6.22,162.65,2,7
pg-erfa-25-lb,California Buckwheat - Specialty Seed | Nature's Seed,specialty seed,california buckwheat,7790,79,28.40,2.33,184.36,6.49,1.01,0.36,2.95,79.12,4,3
pg-meal-1-lb,White Sweet Clover - Pasture Seed | Nature's Seed,pasture seed,white sweet clover,20731,235,83.62,5.39,541.58,6.48,1.13,0.36,2.29,100.48,4,3
gla_186176,California Coastal Native Wildflower Mix,wildflower seed,regional wildflower mixes,14519,97,88.10,3.00,570.30,6.47,0.67,0.91,3.09,190.10,4,9
pb-pnwpg-2.5-a,Pacific Northwest Pig Forage Mix - | Nature's Seed,pacific northwest pig forage mix,,603,5,4.28,1.00,27.70,6.47,0.83,0.86,20.00,27.70,4,1
pg-bocu-10-lb,Sideoats Grama - Grass Seed | Nature's Seed,grass seed,sideoats grama,2724,32,12.11,2.00,78.19,6.46,1.17,0.38,6.25,39.09,4,3
pb-swdpb-2000-f,Southwest Desert Poultry Forage Blend - Pasture Seed | Nature's Seed,pasture seed,southwest desert poultry forage blend,23043,161,118.80,5.13,766.41,6.45,0.70,0.74,3.19,149.40,4,3
gla_183543,Pacific Northwest Horse Forage Mix,pasture seed,horse pastures,5756,93,157.45,6.42,1015.69,6.45,1.62,1.69,6.90,158.21,4,10
gla_184456,Tall Fescue,pasture seed,individual pasture species,13827,74,140.92,2.51,908.81,6.45,0.54,1.90,3.39,362.08,4,9
s-feruc,Chewings Fescue Grass Seed | Nature's Seed,grass seed,chewings fescue grass,59517,511,124.21,12.50,800.83,6.45,0.86,0.24,2.45,64.07,8,5
gla_185957,Forage Kochia,pasture seed,individual pasture species,665,20,70.52,2.87,454.13,6.44,3.01,3.53,14.35,158.23,4,10
turf-wns,TWCA Water-Wise Northern Sports Mix Grass Seed | Nature's Seed,grass seed,twca water-wise northern sports mix,4401,26,30.85,2.64,198.61,6.44,0.59,1.19,10.15,75.23,2,4
gla_184592,Sainfoin,pasture seed,individual pasture species,7193,237,159.24,8.34,1025.11,6.44,3.29,0.67,3.52,122.91,4,9
gla_183565,Pacific Southwest Horse Forage Mix,pasture seed,horse pastures,8210,70,85.95,2.37,553.26,6.44,0.85,1.23,3.39,233.44,4,10
gla_442092,Mid-West/Mid-Atlantic Poultry Forage Mix,sale,,2368,26,23.32,2.00,149.63,6.42,1.10,0.90,7.69,74.81,1,3
gla_184544,Perennial Ryegrass,pasture seed,individual pasture species,74865,403,417.24,17.05,2664.48,6.39,0.54,1.04,4.23,156.27,3,9
w-vide,Desert Sunflower,wildflower seed,desert sunflower,10160,109,12.44,3.00,79.31,6.38,1.07,0.11,2.75,26.44,5,4
w-pepa2,Parry Penstemon Wildflower Seed | Nature's Seed,wildflower seed,parry penstemon,14603,207,25.42,9.52,162.01,6.37,1.42,0.12,4.60,17.02,8,7
pg-chin,Forage Chicory,pasture seed,forage chicory,65547,480,195.75,21.23,1246.66,6.37,0.73,0.41,4.42,58.72,8,18
gla_184553,White Clover Seeds,pasture seed,individual pasture species,39924,104,97.57,3.14,614.60,6.30,0.26,0.94,3.02,195.73,4,10
pg-sami,Small Burnet Pasture Seed | Nature's Seed,pasture seed,small burnet,10993,137,34.42,5.00,216.58,6.29,1.25,0.25,3.65,43.32,8,7
w-asfa-n-50-p,Narrowleaf Milkweed - Wildflower Seed | Nature's Seed,wildflower seed,narrowleaf milkweed,2309,13,8.09,1.97,50.37,6.23,0.56,0.62,15.15,25.57,3,2
gla_183311,Utah Sweetvetch,wildflower seed,wildflower seed by region,4744,8,2.99,1.00,18.55,6.20,0.17,0.37,12.50,18.55,3,9
gla_445900,"Drought-Tolerant Yard Grass Bluegrass Blend – Deep-Rooted, Kid and Pet Friendly Lawn Seed for Resilient Turf 10 Lb for 2,000 Sq Ft | Nature's Seed",lawn / turf seeds,home lawn/yard grass seed,33134,103,68.27,6.00,423.24,6.20,0.31,0.66,5.83,70.54,3,4
gla_183780,Great Lakes/New England Dairy Cow Forage Mix,pasture seed,cattle pastures,5452,84,77.95,3.01,482.79,6.19,1.54,0.93,3.58,160.40,4,9
pb-pnwg-2.5-a,Pacific Northwest Goat Forage Blend - Pasture Seed | Nature's Seed,pasture seed,pacific northwest goat forage blend,16318,124,118.10,5.65,731.05,6.19,0.76,0.95,4.56,129.39,4,3
gla_407009,Tidy Tips,wildflower seed,wildflower seed by region,1738,12,11.11,3.00,68.69,6.18,0.69,0.93,25.00,22.90,3,9
gla_184498,Meadow Brome,pasture seed,individual pasture species,2575,53,68.48,1.17,423.25,6.18,2.06,1.29,2.21,361.75,4,10
pb-glh-0.5-a,Great Lakes/New England Horse Forage Blend - Pasture Seed | Nature's Seed,pasture seed,great lakes/new england horse forage blend,27687,214,249.74,8.26,1543.24,6.18,0.77,1.17,3.86,186.83,4,3
pg-peas-10-lb,Field Pea - Pasture Seed | Nature's Seed,pasture seed,field pea,49712,448,255.01,12.25,1559.52,6.12,0.90,0.57,2.73,127.31,4,3
gla_182859,Annual Wildflower Mix,wildflower seed,wildflower seed by region,53617,93,55.42,1.00,338.59,6.11,0.17,0.60,1.08,338.59,4,9
w-esme-1-lb,Mexican Gold Poppy - Wildflower Seed | Nature's Seed,wildflower seed,mexican gold poppy,1491,16,3.05,1.00,18.63,6.11,1.07,0.19,6.25,18.63,3,2
pb-mwg,Mid-West/Mid-Atlantic Goat Forage Mix Pasture Seed | Nature's Seed,pasture seed,mid-west/mid-atlantic goat forage mix,72331,752,296.70,13.99,1808.53,6.10,1.04,0.39,1.86,129.27,8,8
turf-wt-5000-f,TWCA Water-Wise Tall Fescue Blend - Grass Seed | Nature's Seed,grass seed,twca water-wise tall fescue blend,27149,64,36.65,1.34,222.99,6.08,0.24,0.57,2.09,166.41,4,3
pg-loco,Birdsfoot Trefoil,pasture seed,birdsfoot trefoil,20992,244,90.80,10.98,552.27,6.08,1.16,0.37,4.50,50.30,8,14
pg-kopr,Forage Kochia Pasture Seed | Nature's Seed,pasture seed,forage kochia,26969,430,56.47,3.00,343.12,6.08,1.59,0.13,0.70,114.37,8,6
pb-pnwb-2.5-a,Pacific Northwest Bison Forage Blend - Pasture Seed | Nature's Seed,pasture seed,pacific northwest bison forage blend,15840,55,59.37,2.07,360.02,6.06,0.35,1.08,3.76,173.92,4,3
w-orpu,Owl's Clover Wildflower Seed | Nature's Seed,wildflower seed,owl's clover,30701,494,56.98,13.07,345.33,6.06,1.61,0.12,2.65,26.42,8,7
gla_183899,Pacific Southwest Sheep Forage Mix,pasture seed,sheep pastures,4905,91,151.26,4.85,915.14,6.05,1.86,1.66,5.33,188.69,4,9
w-mysy,Forget-Me-Not Wildflower Seed | Nature's Seed,wildflower seed,forget-me-not,16357,34,6.40,1.50,38.37,6.00,0.21,0.19,4.41,25.58,8,8
gla_183901,Pacific Southwest Sheep Forage Mix,pasture seed,sheep pastures,4042,83,212.36,3.04,1271.94,5.99,2.05,2.56,3.66,418.40,4,9
pb-sspb-5000-f,Southern Subtropics Poultry Forage Blend - Pasture Seed | Nature's Seed,pasture seed,southern subtropics poultry forage blend,10265,69,47.73,2.35,285.75,5.99,0.67,0.69,3.41,121.60,4,3
gla_183544,Pacific Northwest Horse Forage Mix,pasture seed,horse pastures,11900,155,268.63,4.25,1605.28,5.98,1.30,1.73,2.74,377.71,4,9
gla_455528,"Shade Food Plot Seed Mix - Deer & Wildlife Forage Blend - 10 lb, Covers 2,000 sq ft | Nature's Seed",food plot,food plot mix wildlife attractor,9666,66,38.64,1.02,230.49,5.97,0.68,0.59,1.55,225.97,1,3
gla_452688,Brittlebush Seed (Encelia farinosa) Native Desert Shrub & Xeriscape Plant 1 Lb for 2000 Sq Ft | Nature's Seed,wildflower seeds,single species wildflower,2145,13,8.51,2.33,50.58,5.94,0.61,0.65,17.92,21.71,3,4
gla_185324,Forage Radish,pasture seed,individual pasture species,7066,82,103.24,8.31,613.51,5.94,1.16,1.26,10.13,73.83,4,10
turf-zoja,Zoysia Grass Seed,grass seed,zoysia grass seed,100201,899,207.47,11.50,1231.91,5.94,0.90,0.23,1.28,107.12,2,3
pb-gld-2.5-a,Great Lakes/New England Dryland Pasture Blend - Specialty Seed | Nature's Seed,specialty seed,great lakes/new england dryland pasture blend,33390,216,199.46,3.84,1183.28,5.93,0.65,0.92,1.78,308.15,4,3
w-chal-50-p,Wallflower - Wildflower Seed | Nature's Seed,wildflower seed,wallflower,3237,15,5.96,1.00,35.32,5.93,0.46,0.40,6.67,35.32,3,2
pg-bogr,Blue Grama Pasture Seed | Nature's Seed,pasture seed,blue grama,95797,532,265.79,15.81,1564.29,5.89,0.56,0.50,2.97,98.94,8,9
gla_191985,Perennial Ryegrass Seed Blend,lawn seed,grass seed by state,45944,278,294.33,7.92,1728.24,5.87,0.61,1.06,2.85,218.21,4,9
turf-pano-500-f,Bahia Grass Seed Blend - Grass Seed | Nature's Seed,grass seed,bahia grass seed blend,36629,176,47.09,1.50,275.87,5.86,0.48,0.27,0.85,183.91,4,3
gla_185362,Streambank Wheatgrass,pasture seed,individual pasture species,13835,77,41.88,2.00,244.83,5.85,0.56,0.54,2.60,122.42,4,10
w-spco-0.25-lb,Scarlet Globemallow - Wildflower Seed | Nature's Seed,wildflower seed,scarlet globemallow,3528,22,8.51,1.00,49.68,5.84,0.62,0.39,4.55,49.68,4,3
gla_184950,Pacific Northwest Wildfire Resistant Mix,specialty seed,specialty seed by region,7364,101,134.22,6.50,782.46,5.83,1.37,1.33,6.44,120.38,3,8
w-abvi-5-p,Desert Sand Verbena - Wildflower Seed | Nature's Seed,wildflower seed,desert sand verbena,11202,204,40.77,8.53,237.22,5.82,1.82,0.20,4.18,27.81,3,2
s-micro-500-f,Microclover - Grass Seed | Nature's Seed,grass seed,microclover,52667,211,121.70,9.74,707.04,5.81,0.40,0.58,4.62,72.59,4,3
gla_447376,"California Native Poppy Seed (Eschscholzia) | Golden Orange Wildflower Blooms | 5 Lb for 40,000 Sq Ft | Nature's Seed",wildflower seeds,single species wildflower,13062,92,243.63,16.92,1412.62,5.80,0.70,2.65,18.39,83.49,3,4
pg-scsc-10-lb,Little Bluestem - Grass Seed | Nature's Seed,grass seed,little bluestem,9160,47,31.65,4.22,183.31,5.79,0.51,0.67,8.98,43.44,4,3
pg-agda-25-lb,Thickspike Wheatgrass - Pasture Seed | Nature's Seed,pasture seed,thickspike wheatgrass,2202,13,5.24,3.00,30.34,5.79,0.59,0.40,23.08,10.11,3,3
pb-ftpb,Florida Tropics Poultry Forage Mix Pasture Seed | Nature's Seed,pasture seed,florida tropics poultry forage mix,88536,812,271.18,23.88,1569.20,5.79,0.92,0.33,2.94,65.71,8,8
pb-glec-1-a,Great Lakes/New England Erosion Control Blend - Specialty Seed | Nature's Seed,specialty seed,great lakes/new england erosion control blend,26654,182,117.69,2.51,679.66,5.78,0.68,0.65,1.38,270.78,4,3
pg-fear-50-lb,Arizona Fescue - Pasture Seed | Nature's Seed,pasture seed,arizona fescue,7928,84,34.07,1.02,196.23,5.76,1.06,0.41,1.21,192.38,4,3
2466768864478421135,Sheep Fescue Grass Seed,,,2626,33,17.89,1.00,102.84,5.75,1.26,0.54,3.03,102.84,1,2
gla_183879,Pacific Northwest Sheep Forage Mix,pasture seed,sheep pastures,3935,84,146.68,2.13,842.72,5.75,2.13,1.75,2.54,395.64,4,9
gla_184515,Timothy Grass Seed,pasture seed,individual pasture species,38536,665,260.55,24.93,1482.89,5.69,1.73,0.39,3.75,59.48,4,9
turf-wht-500-f,TWCA Water-Wise Heavy Traffic Mix - Grass Seed | Nature's Seed,grass seed,twca water-wise heavy traffic mix,18247,126,69.36,2.00,394.42,5.69,0.69,0.55,1.59,197.21,4,3
pg-agsp,Bluebunch Wheatgrass Pasture Seed | Nature's Seed,pasture seed,bluebunch wheatgrass,15511,257,61.41,4.00,348.96,5.68,1.66,0.24,1.56,87.24,6,8
gla_185329,Sudangrass,pasture seed,individual pasture species,3310,77,38.58,3.99,218.60,5.67,2.33,0.50,5.18,54.79,4,10
pb-mwg-0.5-a,Mid-West/Mid-Atlantic Goat Forage Blend - Pasture Seed | Nature's Seed,pasture seed,mid-west/mid-atlantic goat forage blend,21784,153,125.08,3.45,708.58,5.67,0.70,0.82,2.25,205.39,4,3
gla_183599,Southern Subtropics Horse Forage Mix,pasture seed,horse pastures,11857,181,424.27,8.28,2386.81,5.63,1.53,2.34,4.57,288.26,3,9
gla_449901,"Blue Ribbon Kentucky Bluegrass Blend | Sustainable Turf, High-Traffic Turf Seed | 10 Lb for 2,000 Sq Ft | Nature's Seed",lawn / turf seeds,home lawn/yard grass seed,47340,332,211.17,6.50,1184.34,5.61,0.70,0.64,1.96,182.21,3,4
gla_183829,South-Atlantic Transitional Goat Forage Mix,pasture seed,goat pastures,4882,112,105.57,2.46,591.64,5.60,2.29,0.94,2.20,240.50,4,9
turf-ww,Water-Wise Bluegrass Seed Blend | Nature's Seed,grass seed,water-wise bluegrass blend,20694,58,22.68,3.46,126.39,5.57,0.28,0.39,5.97,36.53,6,3
gla_184499,Meadow Brome,pasture seed,individual pasture species,6225,146,140.69,1.23,783.38,5.57,2.35,0.96,0.84,636.89,4,10
gla_183628,Pacific Northwest Beef Cattle Forage Mix,pasture seed,cattle pastures,4769,68,93.20,4.02,517.78,5.56,1.43,1.37,5.91,128.80,4,9
gla_185892,Chewings Fescue Grass,great lakes / new england planting region,fescue grass seed,17271,147,148.24,4.00,822.50,5.55,0.85,1.01,2.72,205.62,4,9
pg-pegl2,Hybrid Pearl Millet,pasture seed,hybrid pearl millet,68359,508,96.66,9.51,534.72,5.53,0.74,0.19,1.87,56.23,8,19
gla_182826,Sonoran Desert Wildflower Mix,wildflower seed,regional wildflower mixes,27998,360,195.45,15.56,1081.07,5.53,1.29,0.54,4.32,69.48,4,9
gla_183864,Great Lakes/New England Goat Forage Mix,pasture seed,goat pastures,14822,282,457.50,10.61,2521.69,5.51,1.90,1.62,3.76,237.67,4,9
pb-iwh,Intermountain West Horse Forage Mix Pasture Seed | Nature's Seed,pasture seed,intermountain west horse forage mix,66257,397,317.80,6.24,1751.43,5.51,0.60,0.80,1.57,280.68,8,8
w-lusu,Arroyo Lupine Wildflower Seed | Nature's Seed,wildflower seed,arroyo lupine,8450,39,9.98,5.60,54.82,5.49,0.46,0.26,14.36,9.79,8,9
gla_182915,Intermountain West Dryland Pasture Mix,specialty seed,specialty seed by region,4922,65,109.43,1.00,601.00,5.49,1.32,1.68,1.54,601.00,4,8
pg-brhi,White Mustard,pasture seed,white mustard,30096,222,69.81,19.00,383.15,5.49,0.74,0.31,8.56,20.17,8,18
gla_186177,California Coastal Native Wildflower Mix,wildflower seed,regional wildflower mixes,6976,55,75.06,3.37,411.16,5.48,0.79,1.36,6.13,122.01,3,3
w-spmu-50-p,Munro Globemallow - Wildflower Seed | Nature's Seed,wildflower seed,munro globemallow,1701,16,3.56,1.92,19.46,5.47,0.94,0.22,12.00,10.14,3,2
s-trre-500-f,White Dutch Clover - Grass Seed | Nature's Seed,grass seed,white dutch clover,35334,134,55.57,9.90,303.39,5.46,0.38,0.41,7.39,30.65,4,3
gla_183505,Desert Globemallow,wildflower seed,wildflower seed by region,12278,68,86.94,3.33,474.44,5.46,0.55,1.28,4.90,142.47,4,9
pb-sathb-5000-f,South-Atlantic Transitional Honey Bee Pasture Blend - Specialty Seed | Nature's Seed,specialty seed,south-atlantic transitional honey bee pasture blend,2433,27,18.00,2.00,98.18,5.45,1.11,0.67,7.41,49.09,3,2
w-spco2,Coulter's Globemallow Wildflower Seed | Nature's Seed,wildflower seed,coulter's globemallow,6328,41,9.64,1.68,52.33,5.43,0.65,0.24,4.10,31.15,8,7
gla_183491,Firecracker Penstemon,wildflower seed,wildflower seed by region,7331,34,19.51,1.00,105.75,5.42,0.46,0.57,2.94,105.75,4,9
w-aqca-50-p,Eastern Red Columbine - Wildflower Seed | Nature's Seed,wildflower seed,eastern red columbine,2127,28,16.71,3.00,90.42,5.41,1.32,0.60,10.71,30.14,3,2
pg-hovu,Barley Pasture Seed | Nature's Seed,pasture seed,barley,66698,523,131.03,9.19,708.41,5.41,0.78,0.25,1.76,77.08,8,9
gla_445897,"Nature's Seed Lawn Mix Water-Wise 10 Lb of Grass Seed for 2,000 Sq Ft | TWCA Certified Ideal for Transitional/Northern Regions",lawn seeds,water-wise lawn seeds (twca certified),61606,241,191.82,11.67,1036.06,5.40,0.39,0.80,4.84,88.78,3,5
pb-mwec-1-a,Mid-West/Mid-Atlantic Erosion Control Blend - Specialty Seed | Nature's Seed,specialty seed,mid-west/mid-atlantic erosion control blend,6178,27,29.33,1.00,157.70,5.38,0.44,1.09,3.70,157.70,4,2
gs2_440359,"Nature's Seed Cool‐Season Forage 50 Lb of Pasture Grass Seed for 50,000 Sq Ft Mix Pure Blend for Dairy & Beef",pasture seeds,pasture seeds mix,12861,85,155.75,8.98,836.54,5.37,0.66,1.83,10.56,93.16,1,6
gla_186322,Coastal California Poppy,wildflower seed,,3289,15,19.44,1.00,104.31,5.37,0.46,1.30,6.67,104.31,3,6
gla_183962,Pacific Northwest Alpaca/Llama Forage Mix,pasture seed,alpaca/llama pastures,1748,27,45.44,4.00,242.00,5.33,1.54,1.68,14.81,60.50,4,9
gla_446796,"Cattle & Dairy Cow Pasture Mix Cold & Warm Season Perennial Forage 20 Lb for 40,000 Sq Ft | Nature's Seed",pasture seeds,pasture seeds mix,27568,295,213.54,7.34,1136.53,5.32,1.07,0.72,2.49,154.84,3,4
pg-trhy-50-lb,Alsike Clover - Pasture Seed | Nature's Seed,pasture seed,alsike clover,5005,25,14.45,2.00,76.80,5.31,0.50,0.58,8.00,38.40,4,3
pb-iwpb-0.5-a,Intermountain West Poultry Forage Blend - Pasture Seed | Nature's Seed,pasture seed,intermountain west poultry forage blend,8277,63,38.07,2.22,202.21,5.31,0.76,0.60,3.52,91.09,4,3
pb-iwec-1-a,Intermountain West Erosion Control Blend - Specialty Seed | Nature's Seed,specialty seed,intermountain west erosion control blend,9886,49,42.62,1.01,226.31,5.31,0.50,0.87,2.06,224.07,4,3
pg-seit,Foxtail Millet Pasture Seed | Nature's Seed,pasture seed,foxtail millet,107105,1094,201.54,25.99,1066.53,5.29,1.02,0.18,2.38,41.04,8,6
pg-agsm-25-lb,Western Wheatgrass - Pasture Seed | Nature's Seed,pasture seed,western wheatgrass,6786,58,26.80,1.32,141.42,5.28,0.85,0.46,2.28,107.14,3,3
pb-mwhb-5000-f,Mid-West/Mid-Atlantic Honey Bee Pasture Blend - Specialty Seed | Nature's Seed,specialty seed,mid-west/mid-atlantic honey bee pasture blend,4572,26,17.41,2.00,91.85,5.28,0.57,0.67,7.69,45.92,3,2
pg-buck,Common Buckwheat Seed - Bulk bags available - High quality seed for pastures and cover crops,pasture seed,common buckwheat,79135,474,141.64,15.00,746.58,5.27,0.60,0.30,3.16,49.77,8,18
pb-iwbg-1-a,Intermountain West Big Game Food Plot Blend - Specialty Seed | Nature's Seed,specialty seed,intermountain west big game food plot blend,25506,232,104.71,4.50,551.76,5.27,0.91,0.45,1.94,122.61,4,3
8480029547262697237,"Blue Ribbon Water-Wise Lawn Mix | TWCA Certified - 5 Lb - 1,000 Sq. Ft",,,1611,21,12.17,1.75,63.83,5.24,1.30,0.58,8.33,36.47,1,2
gla_406884,Kentucky Bluegrass Seed: Blue Ribbon Mix,lawn seed,grass seed by state,26044,244,225.39,3.50,1181.67,5.24,0.94,0.92,1.43,337.62,4,7
pb-gpd-1-a,Great Plains Dryland Pasture Blend - Specialty Seed | Nature's Seed,specialty seed,great plains dryland pasture blend,38002,274,190.16,2.99,995.79,5.24,0.72,0.69,1.09,333.04,4,3
gla_452794,Xerces Society Central Valley Pollinator Mix Native California Wildflower Habitat Seed 0.25 Lb for 500 Sq Ft | Nature's Seed,wildflower seeds,regional wildflower mixes,11391,99,166.97,12.00,873.67,5.23,0.87,1.69,12.12,72.81,3,4
gla_183197,Lewis Blue Flax,wildflower seed,individual wildflower species,2796,11,11.95,5.00,62.50,5.23,0.39,1.09,45.45,12.50,4,9
pg-cyda-10-lb,Common Bermudagrass - Pasture Seed | Nature's Seed,pasture seed,common bermudagrass,69228,532,188.16,1.57,978.16,5.20,0.77,0.35,0.30,623.03,4,3
gla_184525,Alfalfa Seeds,pasture seed,individual pasture species,75838,539,464.96,8.24,2415.57,5.20,0.71,0.86,1.53,293.15,4,10
pb-swdec-0.5-a,Southwest Desert Erosion Control Blend - Specialty Seed | Nature's Seed,specialty seed,southwest desert erosion control blend,12621,109,62.45,3.29,323.86,5.19,0.86,0.57,3.02,98.44,4,3
gla_185492,Great Plains Poultry Forage Mix,pasture seed,poultry pastures,10488,169,256.80,11.99,1329.89,5.18,1.61,1.52,7.09,110.92,4,9
gla_406885,Kentucky Bluegrass Seed: Blue Ribbon Mix,lawn seed,grass seed by state,46180,383,481.65,10.51,2490.92,5.17,0.83,1.26,2.74,237.00,4,7
gla_183626,Pacific Northwest Beef Cattle Forage Mix,pasture seed,cattle pastures,14683,303,332.47,4.88,1718.12,5.17,2.06,1.10,1.61,352.07,4,9
pb-pnwec-0.5-a,Pacific Northwest Erosion Control Blend - Specialty Seed | Nature's Seed,specialty seed,pacific northwest erosion control blend,61903,583,427.00,11.08,2200.49,5.15,0.94,0.73,1.90,198.60,4,3
gla_185552,Southern Subtropics Poultry Forage Mix,pasture seed,poultry pastures,8946,103,139.31,3.91,717.90,5.15,1.15,1.35,3.80,183.61,4,10
pg-brin-50-lb,Smooth Brome - Pasture Seed | Nature's Seed,pasture seed,smooth brome,21418,285,84.88,3.62,437.30,5.15,1.33,0.30,1.27,120.80,4,3
pb-swdh-2.5-a,Southwest Desert Horse Forage Blend - Pasture Seed | Nature's Seed,pasture seed,southwest desert horse forage blend,79762,511,472.54,6.53,2431.56,5.15,0.64,0.92,1.28,372.37,4,3
pb-swdhb-1500-f,Southwest Desert Honey Bee Pasture Blend - Specialty Seed | Nature's Seed,specialty seed,southwest desert honey bee pasture blend,3069,13,7.43,1.00,38.23,5.15,0.42,0.57,7.69,38.23,4,3
s-agpa8-10-lb,San Diego Bentgrass - Grass Seed | Nature's Seed,grass seed,san diego bentgrass,13189,81,61.79,1.30,317.00,5.13,0.61,0.76,1.60,243.85,4,3
gla_445285,"Sheep Pasture & Forage Mix Transitional Zone, High-Protein, Drought-Tolerant 10 Lb for 20,000 Sq Ft | Nature's Seed",pasture seeds,pasture seeds mix,24931,292,351.40,11.12,1802.31,5.13,1.17,1.20,3.81,162.08,3,4
1972218362181840372,"Poultry Pasture & Forage Mix - 5 Lbs - 10,000 Sq. Ft.",,,6834,133,103.51,29.17,528.80,5.11,1.95,0.78,21.93,18.13,2,2
pb-satg-0.5-a,South-Atlantic Transitional Goat Forage Blend - Pasture Seed | Nature's Seed,pasture seed,south-atlantic transitional goat forage blend,47188,354,314.25,9.38,1600.42,5.09,0.75,0.89,2.65,170.62,4,3
pb-gpg-1-a,Great Plains Goat Forage Blend - Pasture Seed | Nature's Seed,pasture seed,great plains goat forage blend,46611,563,281.90,4.24,1433.76,5.09,1.21,0.50,0.75,338.15,4,3
gla_183802,Southwest Desert Goat Forage Mix,pasture seed,goat pastures,9208,156,203.49,2.73,1032.64,5.07,1.69,1.30,1.75,378.26,4,10
w-spam-5-p,Desert Globemallow - Wildflower Seed | Nature's Seed,wildflower seed,desert globemallow,6777,61,18.04,5.37,91.16,5.05,0.90,0.30,8.80,16.98,3,2
pb-sss-0.5-a,Southern Subtropics Sheep Forage Blend - Pasture Seed | Nature's Seed,pasture seed,southern subtropics sheep forage blend,6482,25,17.01,1.06,85.87,5.05,0.39,0.68,4.24,81.01,4,3
gla_184526,Alfalfa Seeds - 50 Pound Bag,pasture seed,individual pasture species,15986,143,193.30,5.00,974.37,5.04,0.89,1.35,3.50,194.87,4,10
pb-swtd-1-a,Southwest Transitional Dryland Pasture Blend - Specialty Seed | Nature's Seed,specialty seed,southwest transitional dryland pasture blend,17624,94,71.42,1.33,358.34,5.02,0.53,0.76,1.41,269.43,4,3
