Search Term,Cost,Clicks,Impressions,Campaigns
horse pasture seed mix,240.77,93,3536,Search | Pasture | Exact; Search | Animal Seed (Broad) | ROAS; Shopping | Catch All.
native california grass seed,139.34,9,239,Search | Brand | ROAS; Shopping | Catch All.
white dutch clover,102.20,101,7100,Search | Animal Seed (Broad) | ROAS; Shopping | Catch All.
horse pasture grass seed,69.00,17,1067,Search | Animal Seed (Broad) | ROAS; Search | Pasture | Exact; Shopping | Catch All.
microclover seed,64.13,27,4105,Search | Animal Seed (Broad) | ROAS; Shopping | Catch All.
sheep pasture mix,62.03,29,423,Search | Pasture | Exact; Search | Animal Seed (Broad) | ROAS; Shopping | Catch All.
pasture seed for cattle,61.95,19,709,Search | Animal Seed (Broad) | ROAS; Shopping | Catch All.
bulk pasture seed,55.64,15,997,Search | Animal Seed (Broad) | ROAS; Shopping | Catch All.
horse pasture mix,53.39,14,470,Search | Pasture | Exact; Search | Animal Seed (Broad) | ROAS; Shopping | Catch All.
mini clover seed,51.21,17,1074,Search | Animal Seed (Broad) | ROAS; Shopping | Catch All.
california native wildflower seeds bulk,44.90,7,131,Search | Animal Seed (Broad) | ROAS; Shopping | Catch All.
grass seed for horse pasture,44.61,18,801,Search | Animal Seed (Broad) | ROAS; Search | Pasture | Exact; Shopping | Catch All.
johnny seed,44.33,3,14,Shopping | Catch All.
naturesseed com,43.55,13,358,Search | Brand | ROAS; Shopping | Catch All.
dryland pasture seed,42.18,11,586,Search | Animal Seed (Broad) | ROAS; Shopping | Catch All.
clover grass seed mix,41.91,21,1278,Search | Animal Seed (Broad) | ROAS; Shopping | Catch All.
granite seed,40.75,3,6,Search | Brand | ROAS
pasture grass,39.52,15,2520,Search | Animal Seed (Broad) | ROAS; Shopping | Catch All.
bahia grass seed,37.88,22,3353,Search | Brand | ROAS; Shopping | Catch All.
seed for chicken pasture,37.76,6,73,Search | Pasture | Exact; Shopping | Catch All.
kentucky bluegrass,37.70,90,7837,Shopping | Catch All.
fine fescue seed,36.99,27,1583,Shopping | Catch All.
horse grass seed,36.35,19,693,Search | Pasture | Exact; Search | Animal Seed (Broad) | ROAS; Shopping | Catch All.
california lupine seeds,35.23,6,251,Search | Animal Seed (Broad) | ROAS; Shopping | Catch All.
zoysia grass seed,34.98,41,8558,Shopping | Catch All.
mycorrhizae,34.12,15,1903,Shopping | Catch All.
pasture seed mix for cattle,33.55,21,801,Search | Pasture | Exact; Search | Animal Seed (Broad) | ROAS; Shopping | Catch All.
california native seeds,32.95,11,1923,Shopping | Catch All.
st augustine grass seed,32.09,73,7014,Shopping | Catch All.
sheep fescue,32.01,41,2612,Search | Pasture | Exact; Search | Animal Seed (Broad) | ROAS; Shopping | Catch All.
california native grass seed mix,31.94,8,529,Search | Animal Seed (Broad) | ROAS; Shopping | Catch All.
grass seed for southern lawns,31.22,7,141,Shopping | Catch All.
timothy grass seed,31.11,24,3777,Search | Pasture | Exact; Search | Animal Seed (Broad) | ROAS; Shopping | Catch All.
goat pasture mix,30.39,12,416,Search | Animal Seed (Broad) | ROAS; Shopping | Catch All.
ca native wildflower seeds,29.90,5,248,Search | Brand | ROAS; Shopping | Catch All.
white clover seeds for sale,29.59,14,705,Search | Animal Seed (Broad) | ROAS; Shopping | Catch All.
best horse pasture seed mix,29.42,14,541,Search | Pasture | Exact; Search | Animal Seed (Broad) | ROAS; Shopping | Catch All.
buffalograss seed,29.37,28,1756,Shopping | Catch All.
sustane 18 1 8,28.44,3,40,Shopping | Catch All.
grass for chickens,26.96,12,269,Search | Animal Seed (Broad) | ROAS; Search | Pasture | Exact; Shopping | Catch All.
organic grass seed,26.86,16,1582,Search | Brand | ROAS; Shopping | Catch All.
clover seeds for sale,26.61,17,993,Search | Animal Seed (Broad) | ROAS; Shopping | Catch All.
white clover seed for sale,25.18,15,1204,Search | Animal Seed (Broad) | ROAS; Shopping | Catch All.
forage seed mix,24.85,12,964,Search | Animal Seed (Broad) | ROAS; Shopping | Catch All.
blue grama grass seed,24.81,13,1915,Shopping | Catch All.
nature's seed phone number,24.68,1,6,Search | Brand | ROAS
livestock grass seed,24.62,9,472,Search | Pasture | Exact; Search | Animal Seed (Broad) | ROAS; Shopping | Catch All.
south texas native grass seed mix,24.51,4,241,Shopping | Catch All.
pasture mix seed,24.48,18,1918,Search | Pasture | Exact; Search | Animal Seed (Broad) | ROAS; Shopping | Catch All.
alfalfa pasture seed,24.28,3,214,Shopping | Catch All.
wildflower seeds california,24.25,7,371,Search | Pasture | Exact; Search | Animal Seed (Broad) | ROAS; Shopping | Catch All.
california native wildflower mix,24.18,12,361,Search | Animal Seed (Broad) | ROAS; Search | Brand | ROAS; Shopping | Catch All.
native wildflowers southern california,24.10,4,102,Shopping | Catch All.
dryland seed mix,23.64,7,227,Search | Animal Seed (Broad) | ROAS; Shopping | Catch All.
what is the best grass seed for south texas,23.46,1,14,Shopping | Catch All.
mycorrhizal inoculant,23.31,13,856,Shopping | Catch All.
california poppy,23.15,55,4221,Shopping | Catch All.
california native wildflower seed mix,23.11,8,458,Search | Animal Seed (Broad) | ROAS; Shopping | Catch All.
pasture seed mix for sheep,23.03,17,623,Search | Pasture | Exact; Search | Animal Seed (Broad) | ROAS; Shopping | Catch All.
dryland pasture seed mix,22.87,15,1275,Search | Animal Seed (Broad) | ROAS; Shopping | Catch All.
cereal rye,22.84,64,1374,Shopping | Catch All.
meadow grass seed,22.80,14,703,Shopping | Catch All.
great basin seed,22.72,3,285,Shopping | Catch All.
sainfoin seed for sale,22.58,13,1372,Search | Animal Seed (Broad) | ROAS; Shopping | Catch All.
california wildflower seeds bulk,22.48,10,384,Search | Animal Seed (Broad) | ROAS; Shopping | Catch All.
chicken seed mix,22.13,9,115,Search | Animal Seed (Broad) | ROAS; Search | Pasture | Exact; Shopping | Catch All.
kentucky bluegrass seed 100 lbs,22.06,8,356,Search | Brand | ROAS; Shopping | Catch All.
lawn seeds,21.96,4,411,Shopping | Catch All.
deer creek seed company,21.67,1,49,Shopping | Catch All.
poultry forage seed mix,21.66,10,151,Search | Pasture | Exact; Search | Animal Seed (Broad) | ROAS; Shopping | Catch All.
ryegrass seed,21.52,27,3140,Search | Brand | ROAS; Shopping | Catch All.
pasture mix for horses,21.33,6,182,Search | Animal Seed (Broad) | ROAS; Search | Pasture | Exact; Shopping | Catch All.
white sage seeds,21.21,14,1432,Shopping | Catch All.
seeds,21.05,4,949,Search | Brand | ROAS; Shopping | Catch All.
dryland pasture mix,20.91,8,638,Search | Animal Seed (Broad) | ROAS; Shopping | Catch All.
dairy cow pasture seed,20.76,5,48,Search | Pasture | Exact; Shopping | Catch All.
bulk pasture grass seed,20.75,11,960,Search | Animal Seed (Broad) | ROAS; Shopping | Catch All.
best pasture seed mix for cattle,20.71,13,348,Search | Animal Seed (Broad) | ROAS; Search | Pasture | Exact; Shopping | Catch All.
low work and water dwarf fescue grass seed,20.52,6,339,Shopping | Catch All.
switchgrass seed for sale,19.89,15,1186,Shopping | Catch All.
grass seed for chickens,19.87,10,45,Search | Pasture | Exact
milkweed seed,19.66,1,94,Shopping | Catch All.
sonoran desert wildflowers,19.63,2,108,Search | Animal Seed (Broad) | ROAS; Shopping | Catch All.
best seeds for chicken fodder,19.54,9,206,Search | Animal Seed (Broad) | ROAS; Search | Pasture | Exact; Shopping | Catch All.
chicory seed for sale,19.36,5,57,Shopping | Catch All.
createdbynature plant,19.13,8,21,Search | Brand | ROAS
native seeds,19.09,10,1230,Search | Brand | ROAS; Search | Animal Seed (Broad) | ROAS; Shopping | Catch All.
red clover seed,18.93,16,1990,Search | Animal Seed (Broad) | ROAS; Shopping | Catch All.
chicken pasture mix,18.77,7,129,Search | Pasture | Exact; Shopping | Catch All.
wildflower seed mix,18.74,12,1270,Search | Animal Seed (Broad) | ROAS; Shopping | Catch All.
horse grass seed mix,18.61,6,236,Search | Pasture | Exact; Search | Animal Seed (Broad) | ROAS; Shopping | Catch All.
poultry pasture seed mix,18.53,14,353,Search | Pasture | Exact; Shopping | Catch All.
agrostis pallens,18.47,9,394,Shopping | Catch All.
king seed company,18.41,1,8,Shopping | Catch All.
clover lawn seed mix,18.38,6,307,Search | Animal Seed (Broad) | ROAS; Shopping | Catch All.
california native grass seed,18.31,11,1202,Shopping | Catch All.
chicken friendly ground cover,18.14,2,6,Shopping | Catch All.
best pasture seed for horses,17.90,7,272,Search | Pasture | Exact; Search | Brand | ROAS; Shopping | Catch All.; Search | Animal Seed (Broad) | ROAS
california wildflower mix,17.81,9,377,Search | Animal Seed (Broad) | ROAS; Shopping | Catch All.
dwarf grass seed,17.77,28,3295,Shopping | Catch All.
pasture mix grass seed 50 lb bag,17.61,14,1507,Search | Pasture | Exact; Shopping | Catch All.
buy california poppy seeds,17.55,5,60,Shopping | Catch All.
southern california native wildflower seeds,17.53,7,257,Search | Animal Seed (Broad) | ROAS; Shopping | Catch All.
pasture seed for sheep,17.47,10,303,Search | Animal Seed (Broad) | ROAS; Search | Pasture | Exact; Shopping | Catch All.
horse hay seed mix,17.38,7,92,Search | Pasture | Exact; Search | Animal Seed (Broad) | ROAS; Shopping | Catch All.
annual lespedeza seed,17.33,1,1,Search | Animal Seed (Broad) | ROAS
bulk white clover seed,17.25,15,441,Shopping | Catch All.
best clover seeds,17.22,2,3,Search | Animal Seed (Broad) | ROAS
cereal rye seed for sale,17.11,14,164,Shopping | Catch All.
chicken fodder seeds,17.11,8,185,Search | Animal Seed (Broad) | ROAS; Search | Pasture | Exact; Shopping | Catch All.
seeds for sale,16.61,5,112,Search | Brand | ROAS; Shopping | Catch All.
lawn clover seed,16.49,6,453,Shopping | Catch All.
tall fescue,16.37,26,4191,Search | Animal Seed (Broad) | ROAS; Shopping | Catch All.
beef cattle pasture seed mix,16.34,9,437,Search | Pasture | Exact; Search | Animal Seed (Broad) | ROAS; Shopping | Catch All.
st augustine grass,16.25,25,3725,Shopping | Catch All.
pasture mix,16.22,14,806,Search | Animal Seed (Broad) | ROAS; Shopping | Catch All.
organic kentucky bluegrass seed,16.19,4,78,Search | Brand | ROAS; Shopping | Catch All.
white clover seed 50 lb,16.17,12,716,Shopping | Catch All.
organic orchard grass seed,16.03,3,241,Search | Brand | ROAS; Shopping | Catch All.
birdsfoot trefoil,15.97,5,222,Search | Animal Seed (Broad) | ROAS; Shopping | Catch All.
best grass seed for chickens,15.66,7,85,Search | Animal Seed (Broad) | ROAS; Search | Pasture | Exact; Shopping | Catch All.
poultry pasture seed,15.55,9,110,Search | Pasture | Exact; Shopping | Catch All.
forage chicory,15.48,1,197,Shopping | Catch All.
buffalograss,15.47,14,1794,Shopping | Catch All.
sundancer buffalo grass,15.34,24,500,Shopping | Catch All.
native pasture seed mix,15.33,10,555,Shopping | Catch All.
colorado wildflower seeds,15.28,2,323,Shopping | Catch All.
no mow grass seed,15.27,9,1891,Shopping | Catch All.
cattle pasture seed mix,15.25,18,908,Search | Pasture | Exact; Shopping | Catch All.
seed for horse pasture,15.20,7,238,Search | Pasture | Exact; Shopping | Catch All.
colorado wildflower seeds bulk,15.19,5,50,Shopping | Catch All.
clover ground cover,15.19,13,2056,Search | Animal Seed (Broad) | ROAS; Shopping | Catch All.
natureseeds,15.16,7,54,Search | Brand | ROAS; Shopping | Catch All.
winter rye seeds,15.15,1,286,Shopping | Catch All.
trueseed,15.01,1,2,Search | Brand | ROAS
hancock seed,14.94,3,446,Search | Brand | ROAS; Shopping | Catch All.
coastal grass seed,14.92,5,617,Shopping | Catch All.
poultry seed mix,14.83,6,37,Search | Animal Seed (Broad) | ROAS; Search | Pasture | Exact; Shopping | Catch All.
forage seed,14.80,10,598,Search | Pasture | Exact; Search | Animal Seed (Broad) | ROAS; Shopping | Catch All.
best grass seed for horse pasture,14.76,12,784,Search | Pasture | Exact; Search | Animal Seed (Broad) | ROAS; Shopping | Catch All.
clover,14.75,30,2971,Shopping | Catch All.
viresta lawn seeds,14.66,6,140,Search | Animal Seed (Broad) | ROAS; Shopping | Catch All.
best seed mix for horse pasture,14.65,2,86,Search | Animal Seed (Broad) | ROAS; Shopping | Catch All.
alamo switchgrass,14.61,3,149,Shopping | Catch All.
wild flower seeds,14.53,12,2341,Search | Pasture | Exact; Search | Animal Seed (Broad) | ROAS; Shopping | Catch All.
wildlife mix seed,14.51,2,58,Search | Animal Seed (Broad) | ROAS; Shopping | Catch All.
rice hulls for sale,14.46,22,694,Shopping | Catch All.
blue eyed grass,14.45,3,726,Shopping | Catch All.
fescue grass,14.45,30,6287,Shopping | Catch All.
southern california wildflower seed mix,14.35,8,330,Search | Animal Seed (Broad) | ROAS; Shopping | Catch All.
kentucky bluegrass seed for horse pasture,14.28,6,78,Shopping | Catch All.
microclover seeds,14.23,5,731,Search | Animal Seed (Broad) | ROAS; Shopping | Catch All.
wild grass seed,14.22,10,1676,Shopping | Catch All.
irrigated pasture seed mix,14.14,6,302,Search | Animal Seed (Broad) | ROAS; Shopping | Catch All.
grass seed for sheep pasture,14.12,2,4,Search | Animal Seed (Broad) | ROAS
clover for lawns,14.08,11,628,Search | Animal Seed (Broad) | ROAS; Shopping | Catch All.
kentucky blue grass seeds,14.04,16,1477,Shopping | Catch All.
food plot seed,14.00,20,2323,Shopping | Catch All.
erosion control blankets with seed,13.98,1,14,Shopping | Catch All.
grass seed for cows,13.97,8,272,Search | Pasture | Exact; Search | Animal Seed (Broad) | ROAS; Shopping | Catch All.
ca wildflower seeds,13.75,8,292,Shopping | Catch All.
hard fescue grass seed,13.71,9,1192,Search | Brand | ROAS; Shopping | Catch All.
rice hulls near me,13.69,36,1216,Shopping | Catch All.
clover mix seed,13.62,5,491,Search | Animal Seed (Broad) | ROAS; Shopping | Catch All.
deer resistant wildflower seeds,13.60,2,85,Shopping | Catch All.
pasture grass for sheep,13.58,9,633,Search | Pasture | Exact; Shopping | Catch All.
buckwheat seed,13.57,14,2036,Shopping | Catch All.
pasture seed mix for chickens,13.55,9,66,Search | Pasture | Exact; Search | Animal Seed (Broad) | ROAS; Shopping | Catch All.
grass seed companies,13.40,6,377,Shopping | Catch All.
sage grass seed,13.38,9,155,Shopping | Catch All.
california native flower seeds,13.36,6,425,Shopping | Catch All.
drought resistant grass seed,13.36,11,1083,Shopping | Catch All.
sainfoin,13.31,14,738,Search | Animal Seed (Broad) | ROAS; Shopping | Catch All.
alsike clover seed,13.30,7,357,Shopping | Catch All.
carpetgrass seed,13.30,3,371,Shopping | Catch All.
clover seed mix,13.29,7,763,Shopping | Catch All.
alfalfa seeds bulk,13.26,1,107,Shopping | Catch All.
nature's seeds,13.25,7,464,Search | Pasture | Exact; Search | Brand | ROAS; Shopping | Catch All.
colorado native grass,13.19,1,42,Shopping | Catch All.
sideoats grama seed,13.05,10,330,Search | Brand | ROAS; Shopping | Catch All.
poultry grass seed,13.05,7,68,Search | Animal Seed (Broad) | ROAS; Search | Pasture | Exact; Shopping | Catch All.
medium red clover seed for sale,12.95,1,15,Shopping | Catch All.
cattle grass seed,12.91,5,203,Search | Animal Seed (Broad) | ROAS; Shopping | Catch All.
seed starting soil,12.85,1,172,Shopping | Catch All.
best grass seed,12.74,16,2283,Shopping | Catch All.
chicken grass seed mix,12.71,9,92,Search | Animal Seed (Broad) | ROAS; Search | Pasture | Exact; Shopping | Catch All.
bulk grass seed,12.70,18,1972,Shopping | Catch All.
kentucky bluegrass seed 50 lbs,12.67,10,593,Shopping | Catch All.
best grass seed for tennessee,12.56,2,71,Shopping | Catch All.
annual wildflower seed mix,12.54,3,44,Search | Animal Seed (Broad) | ROAS; Shopping | Catch All.
harris seeds,12.46,4,41,Search | Brand | ROAS
idaho fescue seed,12.46,7,585,Search | Brand | ROAS; Shopping | Catch All.
grass and clover seed mix,12.41,11,619,Shopping | Catch All.
pasture raised goat,12.34,2,3,Shopping | Catch All.
grama grass seed,12.31,5,277,Shopping | Catch All.
best grass seed for reseeding lawn,12.30,2,14,Shopping | Catch All.
bermudagrass,12.26,6,772,Shopping | Catch All.
best sheep pasture mix,12.26,6,69,Search | Pasture | Exact; Search | Animal Seed (Broad) | ROAS; Shopping | Catch All.
best drought tolerant grass,12.14,5,234,Shopping | Catch All.
bulk kentucky bluegrass seed,12.10,8,141,Search | Brand | ROAS; Shopping | Catch All.
micro clover seeds for lawn,12.06,3,588,Search | Animal Seed (Broad) | ROAS; Shopping | Catch All.
no till seed,12.05,3,26,Shopping | Catch All.
native wildflower seed mix,12.01,4,239,Search | Animal Seed (Broad) | ROAS; Shopping | Catch All.
50 lb bag of wildflower seeds wholesale,12.00,3,271,Shopping | Catch All.
cover crop blend,11.98,3,84,Shopping | Catch All.
cow pasture seed mix,11.98,10,261,Search | Pasture | Exact; Search | Animal Seed (Broad) | ROAS; Shopping | Catch All.
pig pasture seed mix,11.96,10,400,Search | Animal Seed (Broad) | ROAS; Shopping | Catch All.
drought resistant grass,11.91,7,1498,Shopping | Catch All.
switch grass seeds,11.91,18,1126,Shopping | Catch All.
bluegrass seed,11.90,17,1664,Shopping | Catch All.
grass seed for hot dry climates,11.81,1,2,Search | Animal Seed (Broad) | ROAS
deer food plot seed,11.79,17,2351,Shopping | Catch All.
cover crops for chickens,11.78,10,103,Search | Pasture | Exact; Shopping | Catch All.
willhite seed,11.77,2,3,Search | Brand | ROAS; Search | Animal Seed (Broad) | ROAS
best forage for chickens,11.76,3,25,Search | Animal Seed (Broad) | ROAS; Search | Pasture | Exact
orchard grass seeds,11.76,6,651,Search | Animal Seed (Broad) | ROAS; Shopping | Catch All.
california fescue,11.72,15,1021,Shopping | Catch All.
fine fescue grass seed for sale,11.64,2,50,Shopping | Catch All.
buy kentucky bluegrass seed,11.59,1,6,Search | Brand | ROAS
yarrow seeds,11.57,5,811,Shopping | Catch All.
orchard grass seed for sale,11.55,9,1109,Search | Animal Seed (Broad) | ROAS; Search | Brand | ROAS; Shopping | Catch All.
white sage,11.51,29,2654,Shopping | Catch All.
equine pasture seed mix,11.47,6,342,Search | Pasture | Exact; Search | Animal Seed (Broad) | ROAS; Shopping | Catch All.
chicken feed seed mix,11.42,5,11,Search | Pasture | Exact
pet safe grass seed,11.41,3,479,Shopping | Catch All.
texas native grass seed mix,11.41,11,684,Shopping | Catch All.
full shade grass seed,11.40,11,300,Shopping | Catch All.
horse pasture grass seed mix,11.33,6,191,Search | Pasture | Exact; Search | Animal Seed (Broad) | ROAS; Shopping | Catch All.
tortoise seed mix,11.32,8,103,Shopping | Catch All.
micro clover,11.31,6,2215,Shopping | Catch All.
dutch clover seeds,11.31,7,223,Search | Animal Seed (Broad) | ROAS; Shopping | Catch All.
native wildflower seeds,11.31,7,1479,Search | Pasture | Exact; Search | Animal Seed (Broad) | ROAS; Shopping | Catch All.
organic chicken food,11.24,1,13,Shopping | Catch All.
bulk buckwheat seed,11.22,3,91,Shopping | Catch All.
lawn seed,11.17,12,4752,Shopping | Catch All.
turner seed,11.10,1,8,Search | Brand | ROAS
best cover crop for chickens,11.09,7,81,Search | Pasture | Exact; Shopping | Catch All.
high altitude grass seed colorado,11.04,7,78,Search | Animal Seed (Broad) | ROAS; Shopping | Catch All.
grazing seed mix,11.01,5,243,Search | Animal Seed (Broad) | ROAS; Shopping | Catch All.
jonathan green,10.95,2,20,Shopping | Catch All.
seedneeds,10.90,1,4,Search | Brand | ROAS
bermuda grass seed for cattle grazing,10.87,2,2,Search | Pasture | Exact
best pasture seed for sheep,10.85,5,33,Search | Animal Seed (Broad) | ROAS; Search | Pasture | Exact
pasture seed for goats,10.78,14,263,Search | Animal Seed (Broad) | ROAS; Shopping | Catch All.
equine grass seed,10.78,7,298,Search | Pasture | Exact; Search | Animal Seed (Broad) | ROAS; Shopping | Catch All.
blue grass seed,10.77,12,1159,Shopping | Catch All.
short fescue grass seed,10.69,4,227,Shopping | Catch All.
tall fescue clover mix,10.61,3,82,Shopping | Catch All.
www rareseeds com,10.56,3,12,Search | Brand | ROAS
california native grass mix,10.56,3,130,Shopping | Catch All.
arizona wildflower seeds,10.51,9,242,Search | Pasture | Exact; Search | Animal Seed (Broad) | ROAS; Shopping | Catch All.
pasture mix for chickens,10.50,5,89,Search | Pasture | Exact; Shopping | Catch All.
bulk fescue grass seed,10.43,2,179,Shopping | Catch All.
clover seed 50 lb bag,10.33,9,1431,Search | Animal Seed (Broad) | ROAS; Shopping | Catch All.
native wildflower seeds california,10.31,3,70,Search | Brand | ROAS; Shopping | Catch All.
sericea lespedeza seed,10.30,15,2319,Shopping | Catch All.
grass seed safe for horses,10.29,1,1,Search | Animal Seed (Broad) | ROAS
stockpiled forage,10.25,1,2,Search | Animal Seed (Broad) | ROAS
pasture bermuda seed,10.24,1,2,Search | Animal Seed (Broad) | ROAS
food plot mix,10.16,2,148,Shopping | Catch All.
mycorrhizae for sale,10.15,7,157,Shopping | Catch All.
fine fescues seed,10.15,5,91,Search | Brand | ROAS; Shopping | Catch All.
buffalo grass plugs,10.14,5,479,Shopping | Catch All.
native texas wildflower seed mix,10.04,1,3,Search | Animal Seed (Broad) | ROAS
fine fescue mix,10.04,6,331,Search | Brand | ROAS; Shopping | Catch All.
best grass seed for horses,10.04,4,212,Search | Animal Seed (Broad) | ROAS; Shopping | Catch All.
montana wildflower seed mix,10.00,3,24,Search | Animal Seed (Broad) | ROAS; Shopping | Catch All.
ca poppy seeds bulk,9.97,2,13,Shopping | Catch All.
california native no mow grass,9.96,7,138,Shopping | Catch All.
pasture seed for chickens,9.95,7,17,Search | Animal Seed (Broad) | ROAS; Search | Pasture | Exact
tttf grass seed,9.94,6,546,Shopping | Catch All.
milkweed seeds for sale,9.92,2,201,Shopping | Catch All.
shade grass seed mix,9.92,5,461,Shopping | Catch All.
tall fescue seed,9.90,8,1627,Shopping | Catch All.
desert wildflower seed mix,9.85,5,62,Search | Animal Seed (Broad) | ROAS; Shopping | Catch All.
forage turnip seed,9.82,2,18,Search | Animal Seed (Broad) | ROAS; Shopping | Catch All.
pacific northwest pasture seed,9.82,4,147,Search | Animal Seed (Broad) | ROAS; Shopping | Catch All.
organic pasture seeds,9.80,2,1,Search | Animal Seed (Broad) | ROAS
fescue,9.74,4,1229,Search | Brand | ROAS; Shopping | Catch All.
pacific northwest grass seed,9.73,3,287,Search | Pasture | Exact; Shopping | Catch All.
best pasture grass for cattle,9.73,4,338,Search | Pasture | Exact; Shopping | Catch All.
grass seeds for sale,9.71,7,813,Shopping | Catch All.
sheeps fescue,9.71,11,366,Shopping | Catch All.
seed mix for horse pasture,9.67,4,88,Search | Animal Seed (Broad) | ROAS; Shopping | Catch All.
bulk alfalfa seed,9.64,4,334,Shopping | Catch All.
grass seed for sheep grazing,9.64,8,99,Search | Animal Seed (Broad) | ROAS; Search | Pasture | Exact; Shopping | Catch All.
california native plant seeds,9.62,4,833,Shopping | Catch All.
native colorado wildflower seeds,9.60,2,52,Shopping | Catch All.
pasture mix grass seed for cattle,9.56,14,682,Search | Animal Seed (Broad) | ROAS; Shopping | Catch All.
arizona desert wildflower seeds,9.54,1,23,Shopping | Catch All.
white clover lawn,9.53,11,1355,Search | Animal Seed (Broad) | ROAS; Shopping | Catch All.
pt lawn seed,9.53,1,42,Shopping | Catch All.
rice hull,9.50,23,839,Shopping | Catch All.
sunday grass seed,9.42,5,419,Search | Brand | ROAS; Shopping | Catch All.
pasture mix for cattle,9.42,9,192,Search | Animal Seed (Broad) | ROAS; Search | Pasture | Exact; Shopping | Catch All.
switch grass seeds for sale,9.38,2,49,Shopping | Catch All.
klein grass seed,9.36,9,677,Shopping | Catch All.
arizona native wildflower seeds,9.32,7,67,Search | Pasture | Exact; Search | Animal Seed (Broad) | ROAS; Shopping | Catch All.
best horse grass seed,9.31,5,51,Search | Animal Seed (Broad) | ROAS; Shopping | Catch All.
midwest wildflower seeds,9.30,1,29,Shopping | Catch All.
perennial ryegrass seed for sale,9.29,3,127,Shopping | Catch All.
oregon wildflowers seeds,9.23,1,15,Shopping | Catch All.
utah native grass seed mix,9.21,6,97,Shopping | Catch All.
s & s seeds,9.16,1,3,Search | Animal Seed (Broad) | ROAS
best hay seed mix for cattle,9.16,5,154,Search | Animal Seed (Broad) | ROAS; Shopping | Catch All.
pastures seed,9.15,1,2,Search | Animal Seed (Broad) | ROAS
hay mixture seed,9.14,3,44,Shopping | Catch All.
texas bluegrass seed,9.14,7,583,Shopping | Catch All.
bent grass seed,9.11,4,376,Shopping | Catch All.
mycorrhizal fungi for sale,9.10,8,440,Shopping | Catch All.
cover crop seeds,9.07,12,3819,Shopping | Catch All.
eastern gamagrass seed,9.06,7,1173,Shopping | Catch All.
timothy hay seeds,9.06,9,889,Search | Pasture | Exact; Shopping | Catch All.
fine fescue grass,9.04,23,2140,Shopping | Catch All.
hard fescue seed,9.02,2,210,Shopping | Catch All.
california poppy seed,9.01,5,287,Shopping | Catch All.
pasture grass seed for cattle,9.01,6,332,Search | Animal Seed (Broad) | ROAS; Shopping | Catch All.
fine fescues,8.99,21,1037,Shopping | Catch All.
what grass is best for chickens,8.94,5,55,Search | Pasture | Exact; Shopping | Catch All.
white sage plant,8.87,11,868,Shopping | Catch All.
creeping red fescue,8.79,16,3920,Shopping | Catch All.
chicory seeds,8.78,6,132,Search | Brand | ROAS; Shopping | Catch All.
matilda buffalo grass,8.78,2,50,Shopping | Catch All.
northern california wildflower seeds,8.76,2,68,Search | Animal Seed (Broad) | ROAS; Shopping | Catch All.
bolero dwarf fescue seed,8.72,3,207,Shopping | Catch All.
seed mix for chickens,8.72,4,22,Search | Animal Seed (Broad) | ROAS; Search | Pasture | Exact
best kentucky bluegrass seed,8.71,2,24,Search | Brand | ROAS; Search | Animal Seed (Broad) | ROAS
shade fescue grass seed,8.68,4,86,Shopping | Catch All.
white clover seeds for lawn,8.64,5,304,Search | Animal Seed (Broad) | ROAS; Shopping | Catch All.
poppy seeds for sale,8.63,6,213,Shopping | Catch All.
white dutch clover lawn,8.62,3,338,Search | Animal Seed (Broad) | ROAS; Shopping | Catch All.
created by nature com plant,8.60,2,14,Search | Brand | ROAS
100 rye grass seed,8.59,1,7,Shopping | Catch All.
texas oklahoma wildflower mix,8.59,1,7,Shopping | Catch All.
white clover seeds bulk,8.57,7,189,Shopping | Catch All.
texas wildflower seeds,8.57,4,361,Search | Animal Seed (Broad) | ROAS; Shopping | Catch All.
crabgrass seed,8.55,10,1833,Shopping | Catch All.
ground cover,8.54,14,2076,Shopping | Catch All.
yukon bermuda grass seed reviews,8.54,2,7,Shopping | Catch All.
grass seed for chicken runs,8.54,3,16,Search | Animal Seed (Broad) | ROAS; Search | Pasture | Exact
fescue clover mix,8.53,5,273,Shopping | Catch All.
chewings fescue,8.48,5,460,Shopping | Catch All.
mycorrhizae for trees,8.48,4,77,Shopping | Catch All.
nyc wildflower seeds,8.46,1,1,Search | Animal Seed (Broad) | ROAS
forage grass seed,8.39,9,728,Search | Animal Seed (Broad) | ROAS; Shopping | Catch All.
kentucky bluegrass pasture seed,8.37,4,124,Shopping | Catch All.
bulk clover seed for sale,8.35,4,350,Search | Animal Seed (Broad) | ROAS; Shopping | Catch All.
clover seed bulk,8.33,9,1010,Shopping | Catch All.
st augustine seed,8.33,11,796,Shopping | Catch All.
best pasture seed mix for horses,8.29,3,89,Search | Pasture | Exact; Search | Animal Seed (Broad) | ROAS; Shopping | Catch All.
best mini clover seed,8.22,2,27,Shopping | Catch All.
grass for chicken coop,8.21,2,10,Search | Pasture | Exact
chicken forage seed blend,8.19,7,65,Search | Animal Seed (Broad) | ROAS; Search | Pasture | Exact; Shopping | Catch All.
rye grass seed,8.18,5,1415,Search | Brand | ROAS; Shopping | Catch All.
grass alternatives,8.17,12,1641,Shopping | Catch All.
sonoran desert wildflower seeds,8.17,6,156,Search | Brand | ROAS; Shopping | Catch All.
hay seed,8.15,11,1571,Search | Animal Seed (Broad) | ROAS; Shopping | Catch All.
arroyo lupine seeds,8.07,3,335,Shopping | Catch All.
california native grass,8.06,15,827,Shopping | Catch All.
hancock seed company,8.05,5,280,Shopping | Catch All.
perennial clover seed,8.03,9,878,Shopping | Catch All.
fescue pasture seed,8.02,2,122,Shopping | Catch All.
st augustine grass seeds,8.02,12,872,Shopping | Catch All.
winter rye seed,8.02,14,1204,Shopping | Catch All.
nativeseeds org,8.00,2,2,Search | Brand | ROAS
chicken grass,7.96,6,100,Search | Pasture | Exact; Shopping | Catch All.
buy white dutch clover seed,7.94,3,46,Search | Animal Seed (Broad) | ROAS; Shopping | Catch All.
lawn alternative ground cover,7.93,2,144,Shopping | Catch All.
native prairie grass seeds,7.91,2,119,Shopping | Catch All.
best pasture grass for sheep,7.91,6,185,Search | Animal Seed (Broad) | ROAS; Search | Pasture | Exact; Shopping | Catch All.
createdbynature com plant,7.90,4,12,Search | Brand | ROAS
california native seed bombs,7.89,1,27,Shopping | Catch All.
california native seeds bulk,7.87,2,142,Search | Animal Seed (Broad) | ROAS; Shopping | Catch All.
organic rice hulls,7.86,9,241,Shopping | Catch All.
shoulder bag seed spreader,7.86,1,6,Shopping | Catch All.
pasture seed mix for horses,7.82,4,13,Search | Animal Seed (Broad) | ROAS; Search | Pasture | Exact
forage seed mix for chickens,7.79,4,21,Search | Animal Seed (Broad) | ROAS; Search | Pasture | Exact
grass seed for soccer field,7.77,2,55,Shopping | Catch All.
timothy grass seeds,7.75,8,569,Shopping | Catch All.
southern california wildflower seeds,7.75,3,219,Search | Animal Seed (Broad) | ROAS; Shopping | Catch All.
colorado native wildflower seed mix,7.72,3,115,Shopping | Catch All.
fine fescue seed mix,7.71,3,171,Shopping | Catch All.
pasture grass seed for sale,7.69,5,339,Search | Animal Seed (Broad) | ROAS; Shopping | Catch All.
dense shade grass seed,7.64,14,528,Shopping | Catch All.
lawn alternatives,7.63,10,821,Shopping | Catch All.
michigan native grass seed,7.60,2,37,Shopping | Catch All.
southern pasture seed mix,7.58,4,110,Search | Pasture | Exact; Search | Animal Seed (Broad) | ROAS; Shopping | Catch All.
best pasture grass for south carolina,7.58,1,15,Shopping | Catch All.
grass seed for horses,7.58,8,345,Search | Pasture | Exact; Search | Animal Seed (Broad) | ROAS; Shopping | Catch All.
ground cover clover for lawns,7.56,3,84,Shopping | Catch All.
best pasture seed for cattle,7.55,5,135,Search | Animal Seed (Broad) | ROAS; Search | Pasture | Exact; Shopping | Catch All.
best pasture for sheep,7.55,3,32,Search | Animal Seed (Broad) | ROAS; Search | Pasture | Exact
native plant seeds,7.50,4,397,Search | Animal Seed (Broad) | ROAS; Shopping | Catch All.
organic clover seeds,7.43,4,250,Shopping | Catch All.
food plots,7.42,3,91,Shopping | Catch All.
pasture seed mix near me,7.42,2,2,Search | Animal Seed (Broad) | ROAS; Search | Pasture | Exact
rabbit pasture seed mix,7.40,1,1,Search | Animal Seed (Broad) | ROAS
micro clover lawn seed,7.40,4,258,Search | Animal Seed (Broad) | ROAS; Shopping | Catch All.
sprouts for chickens,7.38,2,50,Search | Pasture | Exact
big bluestem grass for cattle,7.37,3,11,Search | Animal Seed (Broad) | ROAS
durana white clover seed,7.36,2,161,Search | Brand | ROAS; Shopping | Catch All.
blue flax seeds for sale,7.35,1,4,Shopping | Catch All.
seeds for chickens,7.34,2,26,Search | Animal Seed (Broad) | ROAS; Search | Pasture | Exact
dutch clover lawn seed,7.29,2,22,Shopping | Catch All.
grass seed for florida,7.29,7,659,Shopping | Catch All.
best grass to plant for cattle,7.29,1,5,Search | Animal Seed (Broad) | ROAS
pasture forage seed mix,7.28,7,248,Shopping | Catch All.
cattle pasture seed,7.26,2,324,Shopping | Catch All.
short clover seed,7.26,4,120,Shopping | Catch All.
crp seed mix,7.26,8,354,Search | Animal Seed (Broad) | ROAS; Shopping | Catch All.
zenith zoysia,7.25,2,192,Shopping | Catch All.
native seed mix,7.24,3,254,Search | Animal Seed (Broad) | ROAS; Shopping | Catch All.
american vetch seeds,7.23,3,21,Shopping | Catch All.
california goldfields seeds,7.23,3,66,Shopping | Catch All.
grass for chickens to eat,7.22,4,31,Search | Animal Seed (Broad) | ROAS; Search | Pasture | Exact
biolive fertilizer,7.21,1,6,Shopping | Catch All.
what to plant in pollinator garden,7.21,1,2,Shopping | Catch All.
red fescue grass seed,7.20,9,832,Shopping | Catch All.
best pasture mix for cattle,7.19,6,162,Search | Pasture | Exact; Search | Animal Seed (Broad) | ROAS; Shopping | Catch All.
organic pasture seed mix,7.18,5,146,Shopping | Catch All.
alpaca pasture seed,7.18,5,157,Search | Pasture | Exact; Shopping | Catch All.
best grass seed for pnw,7.17,2,13,Search | Brand | ROAS; Search | Pasture | Exact
best native grasses for cattle,7.15,2,3,Search | Animal Seed (Broad) | ROAS; Search | Pasture | Exact
grass seed mixed with clover,7.14,1,49,Shopping | Catch All.
arden 15 bermuda grass seed,7.14,4,304,Search | Brand | ROAS; Shopping | Catch All.
wild flower seed mix,7.12,7,303,Search | Pasture | Exact; Search | Animal Seed (Broad) | ROAS; Shopping | Catch All.
habiturf native lawn mix,7.11,2,181,Shopping | Catch All.
no mow lawn,7.08,10,890,Shopping | Catch All.
colorado native seed mix,7.06,2,136,Shopping | Catch All.
rye grass,7.06,14,2768,Shopping | Catch All.
blue eyed grass seeds,7.05,5,317,Shopping | Catch All.
clover grass,7.03,23,2073,Shopping | Catch All.
baker creek seeds,7.02,1,15,Search | Brand | ROAS
peony seeds,7.02,1,2,Search | Brand | ROAS
winter cereal rye seed,7.02,2,26,Shopping | Catch All.
arizona wildflower seed mix,7.01,5,87,Search | Animal Seed (Broad) | ROAS; Shopping | Catch All.
is white clover a perennial,6.98,1,12,Shopping | Catch All.
buffalo grass seed for sale,6.97,11,1103,Shopping | Catch All.
alfalfa gras,6.95,1,2,Search | Animal Seed (Broad) | ROAS
wildflower seed mat roll,6.94,1,39,Shopping | Catch All.
horse pasture seeds,6.93,5,116,Search | Animal Seed (Broad) | ROAS; Search | Pasture | Exact; Shopping | Catch All.
pasture grass seed for cows,6.92,2,60,Shopping | Catch All.
ca wildflower seed mix,6.92,4,132,Search | Animal Seed (Broad) | ROAS; Shopping | Catch All.
createdbynature com,6.91,2,4,Search | Brand | ROAS
alfalfa grass seed,6.90,11,1158,Shopping | Catch All.
nevada wildflower seeds,6.89,1,22,Shopping | Catch All.
sudan grass seed,6.85,6,703,Search | Animal Seed (Broad) | ROAS; Shopping | Catch All.
clover seed lawn,6.84,3,173,Shopping | Catch All.
milkweed seeds,6.83,1,620,Shopping | Catch All.
desert marigold seeds,6.80,9,644,Shopping | Catch All.
best pasture grass for sandy soil,6.80,2,1,Search | Animal Seed (Broad) | ROAS
best grass seed for florida sandy soil,6.79,6,408,Shopping | Catch All.
yaak yarrow seed,6.79,5,190,Shopping | Catch All.
what to grow for chicken feed,6.78,1,12,Search | Pasture | Exact
alpaca pasture seed mix,6.76,2,87,Search | Pasture | Exact; Shopping | Catch All.
kentucky bluegrass blend,6.75,5,132,Shopping | Catch All.
tall fescue grass,6.75,8,1530,Shopping | Catch All.
ernst seeds,6.75,3,50,Search | Brand | ROAS; Search | Animal Seed (Broad) | ROAS
bermuda seed,6.74,9,1548,Shopping | Catch All.
clover seed mix for lawns,6.74,3,133,Shopping | Catch All.
salvia columbariae seeds,6.72,1,7,Shopping | Catch All.
deer fodder,6.69,2,18,Shopping | Catch All.
rocky mountain bee plant seeds,6.69,2,91,Shopping | Catch All.
seed world,6.68,1,139,Shopping | Catch All.
winter grass seed,6.65,4,434,Shopping | Catch All.
best pasture grass seed,6.65,6,367,Search | Animal Seed (Broad) | ROAS; Shopping | Catch All.
millet grass for horses,6.64,1,3,Search | Animal Seed (Broad) | ROAS
russian wild rye grass,6.62,1,2,Search | Animal Seed (Broad) | ROAS
white clover seed bulk,6.61,4,346,Shopping | Catch All.
pasture max,6.58,2,13,Shopping | Catch All.
big bluestem seed,6.58,4,918,Search | Animal Seed (Broad) | ROAS; Shopping | Catch All.
90 fescue 10 bluegrass seed,6.56,1,36,Shopping | Catch All.
forage grass for cattle,6.56,2,3,Search | Animal Seed (Broad) | ROAS
best grain for chicken fodder,6.54,1,5,Search | Pasture | Exact
white dutch clover seeds for sale,6.54,2,48,Shopping | Catch All.
best white dutch clover seed,6.53,1,31,Shopping | Catch All.
cereal rye cover crop,6.53,3,242,Shopping | Catch All.
best seed for goat pasture,6.52,4,153,Shopping | Catch All.
turf type tall fescue,6.51,9,1583,Shopping | Catch All.
crimson clover seed,6.50,6,1483,Shopping | Catch All.
triticale seed,6.50,4,382,Search | Animal Seed (Broad) | ROAS; Shopping | Catch All.
southern california wildflowers seeds,6.49,2,72,Shopping | Catch All.
sainfoin seed 50 lb bag,6.47,5,606,Shopping | Catch All.
missouri native grass seed mix,6.46,6,261,Search | Brand | ROAS; Shopping | Catch All.
fodder beet seed,6.45,2,5,Shopping | Catch All.
clover for sale,6.44,5,220,Shopping | Catch All.
best horse pasture mix,6.44,2,9,Search | Animal Seed (Broad) | ROAS; Search | Pasture | Exact
native texas grass seed,6.43,5,496,Shopping | Catch All.
grass seed zoysia,6.41,2,115,Shopping | Catch All.
switchgrass for cattle,6.41,2,8,Search | Animal Seed (Broad) | ROAS
ca native seeds,6.38,4,327,Shopping | Catch All.
seed king express,6.36,1,11,Search | Brand | ROAS
white clover seed for lawn,6.36,1,93,Shopping | Catch All.
grass seed horse,6.36,2,5,Search | Animal Seed (Broad) | ROAS; Search | Pasture | Exact
western yarrow seeds,6.35,3,107,Shopping | Catch All.
sericea lespedeza seeds,6.32,3,78,Shopping | Catch All.
native california flower seeds,6.30,5,109,Search | Animal Seed (Broad) | ROAS; Shopping | Catch All.
deer resistant wildflower seed mix,6.29,2,191,Shopping | Catch All.
chicken fodder seed mix,6.29,6,164,Search | Pasture | Exact; Shopping | Catch All.
chicken proof grass,6.29,2,3,Search | Animal Seed (Broad) | ROAS; Shopping | Catch All.
sheep grazing grass seed,6.27,1,26,Shopping | Catch All.
california wildflowers seeds,6.26,2,234,Shopping | Catch All.
best grass for deer,6.25,5,113,Shopping | Catch All.
microclover seeds for sale,6.24,2,2,Search | Animal Seed (Broad) | ROAS
bay area wildflowers,6.23,1,5,Shopping | Catch All.
wildflower seed mixes,6.23,4,160,Search | Pasture | Exact; Shopping | Catch All.
growing chicken food,6.22,1,6,Search | Pasture | Exact
winter pasture seed mix for cattle,6.20,3,6,Search | Animal Seed (Broad) | ROAS
native flowers of southern california,6.20,1,3,Shopping | Catch All.
california golden poppy seeds,6.19,4,52,Shopping | Catch All.
bulk seeds,6.18,5,670,Shopping | Catch All.
best grass seed for pacific northwest,6.14,7,339,Search | Pasture | Exact; Shopping | Catch All.
bulk poppy seeds,6.11,3,149,Shopping | Catch All.
short grass prairie seed mix,6.11,2,99,Shopping | Catch All.
best grass seed for illinois,6.07,2,335,Shopping | Catch All.
blue grama seed,6.07,5,484,Shopping | Catch All.
native american seed,6.06,4,307,Search | Brand | ROAS; Search | Animal Seed (Broad) | ROAS; Shopping | Catch All.
great basin seed co,6.05,5,48,Shopping | Catch All.
white dutch clover seed for sale,6.05,5,273,Shopping | Catch All.
clover yarrow grass mix,6.05,5,276,Search | Animal Seed (Broad) | ROAS; Shopping | Catch All.
best hay for alpacas,6.03,1,4,Search | Animal Seed (Broad) | ROAS
native seeds for sale,6.02,2,221,Shopping | Catch All.
missouri native wildflower seed mix,6.01,3,36,Search | Animal Seed (Broad) | ROAS; Shopping | Catch All.
stover seed reviews,6.01,1,18,Shopping | Catch All.
cottonseed meal for cattle,6.01,1,2,Search | Animal Seed (Broad) | ROAS
poultry grass,6.01,4,12,Search | Pasture | Exact; Shopping | Catch All.
seeds to grow for chickens,6.00,5,57,Search | Pasture | Exact; Shopping | Catch All.
mixed clover seeds,5.99,2,80,Shopping | Catch All.
trifolium repens seed,5.99,3,69,Shopping | Catch All.
paintbrush flower,5.96,1,2,Search | Animal Seed (Broad) | ROAS
bermuda grass seeds,5.95,6,938,Shopping | Catch All.
equine pasture grass seed,5.95,2,3,Search | Animal Seed (Broad) | ROAS
all purpose pasture seed mix,5.95,1,1,Search | Animal Seed (Broad) | ROAS
pasture seed blend,5.92,2,62,Shopping | Catch All.
ditch white clover,5.91,1,19,Shopping | Catch All.
organic lawn fertilizer,5.91,6,718,Shopping | Catch All.
best seed for hay field,5.90,2,7,Search | Animal Seed (Broad) | ROAS
dried peas for chickens,5.90,1,2,Search | Pasture | Exact
bromegrass seed,5.89,2,130,Shopping | Catch All.
california sunflower seeds,5.86,6,72,Shopping | Catch All.
bermuda rye grass,5.86,1,2,Search | Animal Seed (Broad) | ROAS
prairie grass seeds,5.82,4,287,Shopping | Catch All.
chicken ground cover,5.81,1,4,Search | Pasture | Exact
alfalfa sprout seed,5.81,1,1,Shopping | Catch All.
mother nature seeds,5.81,2,15,Search | Brand | ROAS
brome grass seed,5.80,9,898,Shopping | Catch All.
red clover seed for pasture,5.79,2,105,Search | Animal Seed (Broad) | ROAS; Shopping | Catch All.
seed spreader,5.78,2,293,Shopping | Catch All.
best bermuda grass seed,5.77,4,1114,Shopping | Catch All.
best pasture grass for horses in missouri,5.77,2,36,Shopping | Catch All.
clover seed lawns,5.77,2,8,Shopping | Catch All.
perennial white dutch clover seed,5.75,1,23,Shopping | Catch All.
buy red clover seeds,5.74,1,7,Shopping | Catch All.
sainfoin seeds,5.74,8,423,Search | Animal Seed (Broad) | ROAS; Shopping | Catch All.
blue fescue grass,5.73,3,91,Shopping | Catch All.
warm season grass seed,5.73,7,853,Shopping | Catch All.
clover lawn alternative,5.72,1,93,Shopping | Catch All.
alfalfa and clover seed mix,5.71,3,193,Search | Brand | ROAS; Shopping | Catch All.
blanket flower seeds,5.70,2,53,Shopping | Catch All.
ecograss,5.68,1,49,Shopping | Catch All.
poultry seed,5.64,2,8,Search | Pasture | Exact
fine fescue mixes,5.64,3,122,Shopping | Catch All.
grass,5.63,6,1796,Shopping | Catch All.
pasture mixes for sheep,5.62,3,6,Search | Animal Seed (Broad) | ROAS; Search | Pasture | Exact
high mowing seeds,5.59,1,36,Shopping | Catch All.
grass seed that grows anywhere,5.58,2,92,Shopping | Catch All.
created by nature seeds,5.56,2,57,Search | Brand | ROAS
custom wildflower seed mix,5.55,2,2,Search | Animal Seed (Broad) | ROAS
missouri prairie seed mix,5.55,4,30,Search | Animal Seed (Broad) | ROAS; Shopping | Catch All.
lupinus polyphyllus,5.54,1,13,Shopping | Catch All.
northern california native wildflower seeds,5.54,2,135,Search | Animal Seed (Broad) | ROAS; Shopping | Catch All.
best clover seed for lawns,5.53,3,198,Shopping | Catch All.
bermuda seeds for sale,5.50,2,53,Shopping | Catch All.
pasture mix horses,5.50,2,35,Shopping | Catch All.
frost seeding clover,5.49,3,663,Shopping | Catch All.
rice hulls 50 lb bag,5.48,13,142,Shopping | Catch All.
white sage salvia apiana,5.48,2,119,Shopping | Catch All.
buffalo grass california,5.47,4,231,Shopping | Catch All.
chicory seed,5.45,4,233,Shopping | Catch All.
bowie buffalo grass seed,5.44,7,73,Shopping | Catch All.
chicken fodder seed,5.44,2,40,Search | Animal Seed (Broad) | ROAS; Shopping | Catch All.
clovers,5.42,1,3,Search | Animal Seed (Broad) | ROAS
naturezedge,5.41,1,1,Search | Brand | ROAS
fast growing annual grass seed,5.39,1,1,Search | Brand | ROAS
mycorrhizal fungi for soil,5.38,4,149,Shopping | Catch All.
virginia native wildflower seeds,5.38,4,10,Search | Animal Seed (Broad) | ROAS; Search | Pasture | Exact
best grass seed for shade,5.38,6,382,Search | Brand | ROAS; Shopping | Catch All.
10 10 10 fertilizer,5.34,1,7,Shopping | Catch All.
buffalo grass seed for texas,5.34,3,87,Shopping | Catch All.
semilla pasto para ganado,5.33,2,23,Shopping | Catch All.
best grass for sheep grazing,5.32,3,32,Search | Pasture | Exact
san diego wildflower seeds,5.32,2,56,Shopping | Catch All.
white clover ground cover,5.32,3,497,Search | Animal Seed (Broad) | ROAS; Shopping | Catch All.
hpsseed com,5.29,1,2,Search | Brand | ROAS
grass seed without fertilizer,5.29,4,93,Shopping | Catch All.
best grass seed mix for horse pasture,5.28,1,4,Search | Pasture | Exact
cattle grazing seed mix,5.28,3,7,Search | Animal Seed (Broad) | ROAS; Search | Pasture | Exact
plants to grow for chickens,5.27,3,44,Search | Pasture | Exact; Shopping | Catch All.
california wildflower seed,5.26,2,106,Shopping | Catch All.
white clover seed for pasture,5.24,1,2,Search | Pasture | Exact
best crops for chickens,5.24,1,11,Search | Pasture | Exact
natures formula cattle,5.23,1,13,Search | Animal Seed (Broad) | ROAS
barley seed,5.23,3,30,Search | Animal Seed (Broad) | ROAS; Shopping | Catch All.
perennial rye grass,5.22,7,828,Shopping | Catch All.
sprouting seeds for chickens,5.22,4,153,Search | Animal Seed (Broad) | ROAS; Search | Pasture | Exact; Shopping | Catch All.
game bird layer feed,5.21,1,6,Shopping | Catch All.
organic lawn seed,5.21,1,114,Shopping | Catch All.
seedscom,5.21,1,2,Search | Animal Seed (Broad) | ROAS
little bluestem grass seed,5.21,7,879,Search | Brand | ROAS; Shopping | Catch All.
best grass for sandy soil,5.18,2,128,Shopping | Catch All.
year round wildflower mix,5.17,2,6,Shopping | Catch All.
what is the best chicken feed for egg production,5.16,2,1,Search | Pasture | Exact
plantclearance com reviews,5.16,1,1,Shopping | Catch All.
low growing clover for lawns,5.15,2,110,Shopping | Catch All.
regenerative pasture seed mix,5.15,2,15,Search | Animal Seed (Broad) | ROAS
wild geranium seed,5.14,1,1,Search | Brand | ROAS
chicken foraging mix,5.12,2,13,Search | Pasture | Exact
grass and wildflower seed mix,5.12,1,59,Shopping | Catch All.
clover chicory mix,5.11,1,1,Search | Brand | ROAS
bermuda grass seed pasture,5.11,1,24,Shopping | Catch All.
seed buffalo grass,5.11,1,30,Shopping | Catch All.
organic white clover seeds,5.11,2,7,Search | Animal Seed (Broad) | ROAS
fast growing deer cover,5.09,2,40,Shopping | Catch All.
sheep fescue grass,5.09,7,566,Shopping | Catch All.
tall sorghum seed,5.09,1,19,Shopping | Catch All.
dryland grass seed,5.08,6,284,Shopping | Catch All.
perennial wildflower seeds,5.08,2,12,Search | Animal Seed (Broad) | ROAS; Search | Pasture | Exact
50 lb bag of alfalfa seed,5.07,1,38,Shopping | Catch All.
bluegrass ryegrass mix,5.07,3,52,Search | Brand | ROAS; Shopping | Catch All.
fast growing pasture grass for horses,5.07,7,505,Search | Pasture | Exact; Search | Animal Seed (Broad) | ROAS; Shopping | Catch All.
best fodder seeds for chickens,5.06,2,31,Search | Animal Seed (Broad) | ROAS; Search | Pasture | Exact
grass seed mixes,5.06,2,70,Shopping | Catch All.
oregon grass seed,5.05,1,335,Shopping | Catch All.
micro clover seeds,5.03,5,793,Search | Animal Seed (Broad) | ROAS; Shopping | Catch All.
grass for cattle grazing,5.02,2,10,Search | Animal Seed (Broad) | ROAS; Search | Pasture | Exact
no mow grass for slopes,5.02,2,73,Shopping | Catch All.
clover seeds for ground cover,5.01,3,244,Shopping | Catch All.
