alt_text,width_attr,dimensions_from_filename,URL
Nature's Seed,180,200x50,https://d3k81ch9hvuctc.cloudfront.net/company/H627hn/images/52272625-f380-43c4-a395-7a40eaef3ff5.png
Lawn Care Guide,600,600x250,https://d3k81ch9hvuctc.cloudfront.net/company/H627hn/images/22c78ad6-d44a-43cd-8ba2-5b32c70ff94d.png
Pasture Care Guide,600,600x250,https://d3k81ch9hvuctc.cloudfront.net/company/H627hn/images/845c1936-86e5-4305-9a25-805777d0a648.png
Wildflower Care Guide,600,600x250,https://d3k81ch9hvuctc.cloudfront.net/company/H627hn/images/de38d48a-ebc1-4fb5-ae92-daac513eb2c0.png
Food Plot Care Guide,600,600x250,https://d3k81ch9hvuctc.cloudfront.net/company/H627hn/images/80ea08b1-f115-4680-8de4-630bfaa21564.png
Clover Care Guide,600,600x250,https://d3k81ch9hvuctc.cloudfront.net/company/H627hn/images/72e2fe0e-ea7d-4d48-8ad8-c6be4be14216.png
Cover Crop Care Guide,600,600x250,https://d3k81ch9hvuctc.cloudfront.net/company/H627hn/images/db37b90a-2da5-412f-981d-1379bc6300be.png
Planting Care Guide,600,600x250,https://d3k81ch9hvuctc.cloudfront.net/company/H627hn/images/462d481f-3495-4687-8769-2d5b059a6a8b.png
Nature's Seed,180,200x50,https://d3k81ch9hvuctc.cloudfront.net/company/H627hn/images/52272625-f380-43c4-a395-7a40eaef3ff5.png
Planting Aid in the Field,600,600x250,https://d3k81ch9hvuctc.cloudfront.net/company/H627hn/images/462d481f-3495-4687-8769-2d5b059a6a8b.png
Nature's Seed Planting Aid,520,520x300,https://d3k81ch9hvuctc.cloudfront.net/company/H627hn/images/60d8d9a6-39ec-4cc8-a9a5-5dcc2b7523b3.png
Nature's Seed,180,200x50,https://d3k81ch9hvuctc.cloudfront.net/company/H627hn/images/52272625-f380-43c4-a395-7a40eaef3ff5.png
Nature's Seed,180,200x50,https://d3k81ch9hvuctc.cloudfront.net/company/H627hn/images/52272625-f380-43c4-a395-7a40eaef3ff5.png
Micro Clover Lawn,600,600x250,https://d3k81ch9hvuctc.cloudfront.net/company/H627hn/images/9018b9e4-7f08-458d-b525-8e676caab940.png
Micro Clover Seed,160,160x160,https://d3k81ch9hvuctc.cloudfront.net/company/H627hn/images/ce0f983c-e20e-4c8c-9b40-7866a65ee064.png
Lawn + Clover Blend,160,160x160,https://d3k81ch9hvuctc.cloudfront.net/company/H627hn/images/caadab95-770d-4d0d-90ca-6702922c646b.png
White Dutch Clover,160,160x160,https://d3k81ch9hvuctc.cloudfront.net/company/H627hn/images/85ba8f3b-45f5-4af9-a78a-4ac02ecc6cf2.png
Food Plot for Wildlife,600,600x250,https://d3k81ch9hvuctc.cloudfront.net/company/H627hn/images/80ea08b1-f115-4680-8de4-630bfaa21564.png
Fall Deer Mix,160,160x160,https://d3k81ch9hvuctc.cloudfront.net/company/H627hn/images/cdb1d4d4-d7e6-40aa-bdd3-75b1acb8065e.png
Year-Round Plot Mix,160,160x160,https://d3k81ch9hvuctc.cloudfront.net/company/H627hn/images/e18d0d10-a310-44ab-8ade-317c76427cf0.png
Spring/Summer Mix,160,160x160,https://d3k81ch9hvuctc.cloudfront.net/company/H627hn/images/1064ecc3-55ed-4fe2-b833-6875776b73bf.png
Pollinator Garden,600,600x250,https://d3k81ch9hvuctc.cloudfront.net/company/H627hn/images/a63d787e-61bb-4d6b-aa7f-f42c08b4e1d2.png
Pollinator Mix,160,160x160,https://d3k81ch9hvuctc.cloudfront.net/company/H627hn/images/740e94c7-5a06-4b8e-8f58-d6af013b2b04.png
Regional Native Mix,160,160x160,https://d3k81ch9hvuctc.cloudfront.net/company/H627hn/images/15d5c336-7f84-4e89-9500-6d9804732ac0.png
Monarch Habitat Mix,160,160x160,https://d3k81ch9hvuctc.cloudfront.net/company/H627hn/images/36caac9c-5860-4f1d-8ceb-9ecb40c4e3b8.png
Healthy Pasture Land,600,600x250,https://d3k81ch9hvuctc.cloudfront.net/company/H627hn/images/3bf10932-9545-4633-bccd-4735939fc56a.png
Premium Pasture Mix,160,160x160,https://d3k81ch9hvuctc.cloudfront.net/company/H627hn/images/5e39368c-80b6-4894-96b5-653d7b57e244.png
Cool-Season Pasture,160,160x160,https://d3k81ch9hvuctc.cloudfront.net/company/H627hn/images/91af69a3-4c77-4ec9-805d-2e0c6a29827e.png
Horse Pasture Mix,160,160x160,https://d3k81ch9hvuctc.cloudfront.net/company/H627hn/images/4564a8d9-8c44-4c5a-833c-091cd4411fe9.png | https://d3k81ch9hvuctc.cloudfront.net/company/H627hn/images/59b10544-dd38-41ec-a8a7-0d0aa5878d2f.png | https://d3k81ch9hvuctc.cloudfront.net/company/H627hn/images/689edcf0-c7d6-4b77-9554-7d0229fde284.png
Lawn and Pasture Seed,600,600x250,https://d3k81ch9hvuctc.cloudfront.net/company/H627hn/images/72e2fe0e-ea7d-4d48-8ad8-c6be4be14216.png
Premium Lawn Mix,160,160x160,https://d3k81ch9hvuctc.cloudfront.net/company/H627hn/images/caadab95-770d-4d0d-90ca-6702922c646b.png
Pasture Grass Mix,160,160x160,https://d3k81ch9hvuctc.cloudfront.net/company/H627hn/images/4564a8d9-8c44-4c5a-833c-091cd4411fe9.png
Shade-Tolerant Lawn,160,160x160,https://d3k81ch9hvuctc.cloudfront.net/company/H627hn/images/ab28c35a-044d-4f48-851f-e338ba6b04db.png
Quality Pasture Land,600,600x250,https://d3k81ch9hvuctc.cloudfront.net/company/H627hn/images/5bbe78f8-3b8b-43f6-82f7-1524544b6908.png
Diverse Pasture Mix,160,160x160,https://d3k81ch9hvuctc.cloudfront.net/company/H627hn/images/db561e52-b15b-40b0-b55e-64b9b917340b.png
Renovation Pasture Mix,160,160x160,https://d3k81ch9hvuctc.cloudfront.net/company/H627hn/images/00c707cc-011f-4906-90d7-0a5eb77b2b24.png
Dryland Pasture Mix,160,160x160,https://d3k81ch9hvuctc.cloudfront.net/company/H627hn/images/e495cec5-125e-4311-b67f-0d2cf0d87276.png
Nature's Seed Product Categories,600,600x250,https://d3k81ch9hvuctc.cloudfront.net/company/H627hn/images/1ef0bba5-8f31-4ef1-a11d-785fb6dade59.png
Lawn Seed,160,160x160,https://d3k81ch9hvuctc.cloudfront.net/company/H627hn/images/35fbe7cf-40ff-4dde-abfe-19833651646a.png | https://d3k81ch9hvuctc.cloudfront.net/company/H627hn/images/fb351306-0aa4-4b17-84b0-edaddd93fdc0.png | https://d3k81ch9hvuctc.cloudfront.net/company/H627hn/images/149de087-c29a-4e19-86c2-a7f9741193cd.png
Pasture Seed,160,160x160,https://d3k81ch9hvuctc.cloudfront.net/company/H627hn/images/95d4cd56-78d7-4b4d-b509-cebe9b19ac74.png | https://d3k81ch9hvuctc.cloudfront.net/company/H627hn/images/37f5f62d-d919-47d2-badd-9b716d768a0d.png | https://d3k81ch9hvuctc.cloudfront.net/company/H627hn/images/3bf10932-9545-4633-bccd-4735939fc56a.png | https://d3k81ch9hvuctc.cloudfront.net/company/H627hn/images/2f5e6b96-4262-4739-8e16-88e566b3b7ba.png
Wildflower Seed,160,160x160,https://d3k81ch9hvuctc.cloudfront.net/company/H627hn/images/e5a27474-c258-49aa-a228-f66b27bc9e54.png | https://d3k81ch9hvuctc.cloudfront.net/company/H627hn/images/b3e4b9e9-7414-4e90-9709-c210a42b05f7.png
Nature's Seed,180,200x50,https://d3k81ch9hvuctc.cloudfront.net/company/H627hn/images/52272625-f380-43c4-a395-7a40eaef3ff5.png
Nature's Seed,180,200x50,https://d3k81ch9hvuctc.cloudfront.net/company/H627hn/images/52272625-f380-43c4-a395-7a40eaef3ff5.png
Alternative Product 1,160,160x160,https://d3k81ch9hvuctc.cloudfront.net/company/H627hn/images/35fbe7cf-40ff-4dde-abfe-19833651646a.png
Alternative Product 2,160,160x160,
Alternative Product 3,160,160x160,
Nature's Seed,180,200x50,https://d3k81ch9hvuctc.cloudfront.net/company/H627hn/images/52272625-f380-43c4-a395-7a40eaef3ff5.png
Nature's Seed,180,200x50,https://d3k81ch9hvuctc.cloudfront.net/company/H627hn/images/52272625-f380-43c4-a395-7a40eaef3ff5.png
We miss you,600,600x250,https://d3k81ch9hvuctc.cloudfront.net/company/H627hn/images/60e2a54b-661f-459e-b663-c44ea1460c21.png
Premium Lawn Seed Blend,260,260x180,https://d3k81ch9hvuctc.cloudfront.net/company/H627hn/images/c9a09277-2cb0-4658-9b91-1ef8a7a9acbd.png
Shade Tolerant Lawn Seed,260,260x180,https://d3k81ch9hvuctc.cloudfront.net/company/H627hn/images/11d16584-4ed0-4f35-a8b4-a5e6a5231910.png
Premium Pasture Blend,260,260x180,https://d3k81ch9hvuctc.cloudfront.net/company/H627hn/images/7189a4ac-2c55-483c-92db-da254f2af33f.png | https://d3k81ch9hvuctc.cloudfront.net/company/H627hn/images/4c301a0b-0870-4c77-8518-22b4e312d77c.png
Horse Pasture Mix,260,260x180,https://d3k81ch9hvuctc.cloudfront.net/company/H627hn/images/4564a8d9-8c44-4c5a-833c-091cd4411fe9.png | https://d3k81ch9hvuctc.cloudfront.net/company/H627hn/images/59b10544-dd38-41ec-a8a7-0d0aa5878d2f.png | https://d3k81ch9hvuctc.cloudfront.net/company/H627hn/images/689edcf0-c7d6-4b77-9554-7d0229fde284.png
Pollinator Wildflower Mix,260,260x180,https://d3k81ch9hvuctc.cloudfront.net/company/H627hn/images/c1d9f1f6-1abf-4e2e-b0b8-37584108c5d7.png
Regional Wildflower Blend,260,260x180,https://d3k81ch9hvuctc.cloudfront.net/company/H627hn/images/f16d4ca3-f24a-41b9-b66a-c145fe92ca89.png
Whitetail Food Plot Mix,260,260x180,https://d3k81ch9hvuctc.cloudfront.net/company/H627hn/images/276fc1b2-51ad-4a7e-988b-82774fb6a2f7.png
Year-Round Food Plot Blend,260,260x180,https://d3k81ch9hvuctc.cloudfront.net/company/H627hn/images/bf2a6fd9-71ed-475f-bcbd-f9f310bceb9a.png
White Clover Seed,260,260x180,https://d3k81ch9hvuctc.cloudfront.net/company/H627hn/images/cc208015-810a-4d2f-bc70-af4f4cba02e3.png
Crimson Clover Seed,260,260x180,https://d3k81ch9hvuctc.cloudfront.net/company/H627hn/images/c2292968-bd46-408e-aade-b0de002d539c.png
Winter Cover Crop Mix,260,260x180,https://d3k81ch9hvuctc.cloudfront.net/company/H627hn/images/7a5d6710-af79-493d-ba6f-971b606a4e5a.png
Nitrogen Fixing Cover Crop,260,260x180,https://d3k81ch9hvuctc.cloudfront.net/company/H627hn/images/e8662458-89a7-4cbf-b715-4c808f696bc4.png
Best-Selling Seed Mix,260,260x180,https://d3k81ch9hvuctc.cloudfront.net/company/H627hn/images/f16d4ca3-f24a-41b9-b66a-c145fe92ca89.png
Seasonal Favorites,260,260x180,https://d3k81ch9hvuctc.cloudfront.net/company/H627hn/images/df0a707a-b258-4e64-b278-4eb098cac724.png
Nature's Seed,180,200x50,https://d3k81ch9hvuctc.cloudfront.net/company/H627hn/images/52272625-f380-43c4-a395-7a40eaef3ff5.png
Seasonal Planting Guide,600,600x250,https://d3k81ch9hvuctc.cloudfront.net/company/H627hn/images/925d4ab8-879a-4b95-870f-ae47a63b252b.png
Seasonal Best-Seller,260,260x180,https://d3k81ch9hvuctc.cloudfront.net/company/H627hn/images/addee6b1-93d4-409f-9ba8-4670b6eb716d.png
Quick-Establish Blend,260,260x180,https://d3k81ch9hvuctc.cloudfront.net/company/H627hn/images/c44d1ec9-acc8-4cca-a17b-28850a152807.png
Nature's Seed,180,200x50,https://d3k81ch9hvuctc.cloudfront.net/company/H627hn/images/52272625-f380-43c4-a395-7a40eaef3ff5.png
Premium Lawn Blend,170,170x130,https://d3k81ch9hvuctc.cloudfront.net/company/H627hn/images/16e5458d-a75f-4009-84e9-0ea9548edeb6.png
Shade Lawn Mix,170,170x130,https://d3k81ch9hvuctc.cloudfront.net/company/H627hn/images/ff470b12-f9df-441c-b49a-58c630e2763d.png
Drought Resistant Lawn,170,170x130,https://d3k81ch9hvuctc.cloudfront.net/company/H627hn/images/db70d0e6-1895-4ee0-bc04-8c301fa9883c.png
Premium Pasture Blend,170,170x130,https://d3k81ch9hvuctc.cloudfront.net/company/H627hn/images/7189a4ac-2c55-483c-92db-da254f2af33f.png | https://d3k81ch9hvuctc.cloudfront.net/company/H627hn/images/4c301a0b-0870-4c77-8518-22b4e312d77c.png
Horse Pasture Mix,170,170x130,https://d3k81ch9hvuctc.cloudfront.net/company/H627hn/images/4564a8d9-8c44-4c5a-833c-091cd4411fe9.png | https://d3k81ch9hvuctc.cloudfront.net/company/H627hn/images/59b10544-dd38-41ec-a8a7-0d0aa5878d2f.png | https://d3k81ch9hvuctc.cloudfront.net/company/H627hn/images/689edcf0-c7d6-4b77-9554-7d0229fde284.png
Cattle Grazing Mix,170,170x130,https://d3k81ch9hvuctc.cloudfront.net/company/H627hn/images/0bbb1d7a-90ce-49f0-9142-a552ee62bb5f.png
Pollinator Mix,170,170x130,https://d3k81ch9hvuctc.cloudfront.net/company/H627hn/images/740e94c7-5a06-4b8e-8f58-d6af013b2b04.png
Regional Blend,170,170x130,https://d3k81ch9hvuctc.cloudfront.net/company/H627hn/images/cb53ec45-bb56-4d74-9bad-f71ba9b33fa9.png
Shade Wildflower Mix,170,170x130,https://d3k81ch9hvuctc.cloudfront.net/company/H627hn/images/340ae37d-f254-41f8-822e-5f3b05d52290.png
Best-Selling Lawn Seed,170,170x130,https://d3k81ch9hvuctc.cloudfront.net/company/H627hn/images/5588e15d-5519-4198-ad0a-0ed3f2d945b4.png
Popular Wildflower Mix,170,170x130,https://d3k81ch9hvuctc.cloudfront.net/company/H627hn/images/77746f60-9963-42de-8c1e-43c42e2c73a2.png
Food Plot Starter,170,170x130,https://d3k81ch9hvuctc.cloudfront.net/company/H627hn/images/96ba059f-9ccc-4442-88c0-4202fc50bd2a.png
Nature's Seed,180,200x50,https://d3k81ch9hvuctc.cloudfront.net/company/H627hn/images/52272625-f380-43c4-a395-7a40eaef3ff5.png
Premium Lawn Seed,170,170x130,https://d3k81ch9hvuctc.cloudfront.net/company/H627hn/images/3853fabb-9d9b-4831-b3c5-ecca8e047dcf.png
Overseeding Mix,170,170x130,https://d3k81ch9hvuctc.cloudfront.net/company/H627hn/images/c1ff9ba3-98e0-4392-b81c-637b4dccfcdc.png
Sun &amp; Shade Blend,170,170x130,https://d3k81ch9hvuctc.cloudfront.net/company/H627hn/images/179829cc-35e7-47c5-ac98-4b1c4aaafce1.png
All-Purpose Pasture,170,170x130,https://d3k81ch9hvuctc.cloudfront.net/company/H627hn/images/3c96af9d-0ea6-440d-b794-718d0fbb11b9.png
Hay Field Mix,170,170x130,https://d3k81ch9hvuctc.cloudfront.net/company/H627hn/images/0345ac15-b935-4450-a574-8737c70e57e7.png
Drought Hardy Pasture,170,170x130,https://d3k81ch9hvuctc.cloudfront.net/company/H627hn/images/b84f5456-4b26-4d3d-b78e-26553cdc06c7.png
Native Wildflower Mix,170,170x130,https://d3k81ch9hvuctc.cloudfront.net/company/H627hn/images/0b75a068-ffba-4e7f-8189-2528f74647bc.png
Butterfly Garden Mix,170,170x130,https://d3k81ch9hvuctc.cloudfront.net/company/H627hn/images/7275841e-02e2-419a-bd58-7d0399341966.png
Perennial Blend,170,170x130,https://d3k81ch9hvuctc.cloudfront.net/company/H627hn/images/9cc680b3-f76a-41e7-be0d-05a57768f6e0.png
Top Rated Lawn Seed,170,170x130,https://d3k81ch9hvuctc.cloudfront.net/company/H627hn/images/a48632eb-596d-45f6-a745-de62e87df17a.png
Popular Pasture Blend,170,170x130,https://d3k81ch9hvuctc.cloudfront.net/company/H627hn/images/debf7aef-eb7d-48fb-be28-cfb235a93e51.png
Bestselling Wildflower,170,170x130,https://d3k81ch9hvuctc.cloudfront.net/company/H627hn/images/a4a9b923-d1da-489d-a413-dbb1c36be025.png
Nature's Seed,180,200x50,https://d3k81ch9hvuctc.cloudfront.net/company/H627hn/images/52272625-f380-43c4-a395-7a40eaef3ff5.png
Nature's Seed,180,200x50,https://d3k81ch9hvuctc.cloudfront.net/company/H627hn/images/52272625-f380-43c4-a395-7a40eaef3ff5.png
Nature's Seed,180,200x50,https://d3k81ch9hvuctc.cloudfront.net/company/H627hn/images/52272625-f380-43c4-a395-7a40eaef3ff5.png
Platinum VIP Status,600,600x300,https://d3k81ch9hvuctc.cloudfront.net/company/H627hn/images/f1b22701-c3e9-4f4e-a137-c514835e33f5.png
Gold VIP Status,600,600x300,https://d3k81ch9hvuctc.cloudfront.net/company/H627hn/images/15a05a5d-8fdd-4b4f-90cf-c02aee3d036f.png
Silver VIP Status,600,600x300,https://d3k81ch9hvuctc.cloudfront.net/company/H627hn/images/c18d792c-8f88-4ddc-a18d-6a332ce64cca.png
&#10003;,20,20x20,https://d3k81ch9hvuctc.cloudfront.net/company/H627hn/images/08786d07-6672-48b0-8e9b-c34f9c40a811.png | https://d3k81ch9hvuctc.cloudfront.net/company/H627hn/images/ac823353-1da9-4276-8587-74c58aa60152.png
&#10003;,20,20x20,https://d3k81ch9hvuctc.cloudfront.net/company/H627hn/images/08786d07-6672-48b0-8e9b-c34f9c40a811.png | https://d3k81ch9hvuctc.cloudfront.net/company/H627hn/images/ac823353-1da9-4276-8587-74c58aa60152.png
&#10003;,20,20x20,https://d3k81ch9hvuctc.cloudfront.net/company/H627hn/images/08786d07-6672-48b0-8e9b-c34f9c40a811.png | https://d3k81ch9hvuctc.cloudfront.net/company/H627hn/images/ac823353-1da9-4276-8587-74c58aa60152.png
&#10003;,20,20x20,https://d3k81ch9hvuctc.cloudfront.net/company/H627hn/images/08786d07-6672-48b0-8e9b-c34f9c40a811.png | https://d3k81ch9hvuctc.cloudfront.net/company/H627hn/images/ac823353-1da9-4276-8587-74c58aa60152.png
&#10003;,20,20x20,https://d3k81ch9hvuctc.cloudfront.net/company/H627hn/images/08786d07-6672-48b0-8e9b-c34f9c40a811.png | https://d3k81ch9hvuctc.cloudfront.net/company/H627hn/images/ac823353-1da9-4276-8587-74c58aa60152.png
&#10003;,20,20x20,https://d3k81ch9hvuctc.cloudfront.net/company/H627hn/images/08786d07-6672-48b0-8e9b-c34f9c40a811.png | https://d3k81ch9hvuctc.cloudfront.net/company/H627hn/images/ac823353-1da9-4276-8587-74c58aa60152.png
&#10003;,20,20x20,https://d3k81ch9hvuctc.cloudfront.net/company/H627hn/images/08786d07-6672-48b0-8e9b-c34f9c40a811.png | https://d3k81ch9hvuctc.cloudfront.net/company/H627hn/images/ac823353-1da9-4276-8587-74c58aa60152.png
&#10003;,20,20x20,https://d3k81ch9hvuctc.cloudfront.net/company/H627hn/images/08786d07-6672-48b0-8e9b-c34f9c40a811.png | https://d3k81ch9hvuctc.cloudfront.net/company/H627hn/images/ac823353-1da9-4276-8587-74c58aa60152.png
&#10003;,20,20x20,https://d3k81ch9hvuctc.cloudfront.net/company/H627hn/images/08786d07-6672-48b0-8e9b-c34f9c40a811.png | https://d3k81ch9hvuctc.cloudfront.net/company/H627hn/images/ac823353-1da9-4276-8587-74c58aa60152.png
&#10003;,20,20x20,https://d3k81ch9hvuctc.cloudfront.net/company/H627hn/images/08786d07-6672-48b0-8e9b-c34f9c40a811.png | https://d3k81ch9hvuctc.cloudfront.net/company/H627hn/images/ac823353-1da9-4276-8587-74c58aa60152.png
&#10003;,20,20x20,https://d3k81ch9hvuctc.cloudfront.net/company/H627hn/images/08786d07-6672-48b0-8e9b-c34f9c40a811.png | https://d3k81ch9hvuctc.cloudfront.net/company/H627hn/images/ac823353-1da9-4276-8587-74c58aa60152.png
&#10003;,20,20x20,https://d3k81ch9hvuctc.cloudfront.net/company/H627hn/images/08786d07-6672-48b0-8e9b-c34f9c40a811.png | https://d3k81ch9hvuctc.cloudfront.net/company/H627hn/images/ac823353-1da9-4276-8587-74c58aa60152.png
Nature's Seed,180,200x50,https://d3k81ch9hvuctc.cloudfront.net/company/H627hn/images/52272625-f380-43c4-a395-7a40eaef3ff5.png
Spring Planting Season,600,600x250,https://d3k81ch9hvuctc.cloudfront.net/company/H627hn/images/f4ec96be-20fb-46b0-8b77-39795481e9b8.png
Best-selling seed,260,260x200,https://d3k81ch9hvuctc.cloudfront.net/company/H627hn/images/954746c9-0923-4962-b34d-6f32c1a65ace.png
Popular seed,260,260x200,https://d3k81ch9hvuctc.cloudfront.net/company/H627hn/images/97481b13-5251-40f4-aeb2-ea8a1c7514b6.png
Nature's Seed,180,200x50,https://d3k81ch9hvuctc.cloudfront.net/company/H627hn/images/52272625-f380-43c4-a395-7a40eaef3ff5.png
Your category seed,260,260x200,https://d3k81ch9hvuctc.cloudfront.net/company/H627hn/images/e764d096-922c-46e1-b14e-65e481600c29.png
Best seller you haven't tried,260,260x200,https://d3k81ch9hvuctc.cloudfront.net/company/H627hn/images/faa857a3-2b40-4555-b746-f0785aea96c5.png
Planting Aid,60,60x60,https://d3k81ch9hvuctc.cloudfront.net/company/H627hn/images/71f992ee-3806-4b23-883b-997c08f911d1.png | https://d3k81ch9hvuctc.cloudfront.net/company/H627hn/images/757faace-0c86-421a-90b0-ed3f11f7eecd.png | https://d3k81ch9hvuctc.cloudfront.net/company/H627hn/images/a1f5414f-a17e-472d-9ee6-b868c731aeec.png
Nature's Seed,180,200x50,https://d3k81ch9hvuctc.cloudfront.net/company/H627hn/images/52272625-f380-43c4-a395-7a40eaef3ff5.png
Your seed,140,140x140,https://d3k81ch9hvuctc.cloudfront.net/company/H627hn/images/009eeebc-a3d1-424d-a73d-8a01f60da224.png
Nature's Seed,180,200x50,https://d3k81ch9hvuctc.cloudfront.net/company/H627hn/images/52272625-f380-43c4-a395-7a40eaef3ff5.png
Welcome to Nature's Seed,600,600x300,https://d3k81ch9hvuctc.cloudfront.net/company/H627hn/images/0446896b-3b77-4cce-941a-95b629e84656.png
Lawn Seed,160,160x120,https://d3k81ch9hvuctc.cloudfront.net/company/H627hn/images/35fbe7cf-40ff-4dde-abfe-19833651646a.png | https://d3k81ch9hvuctc.cloudfront.net/company/H627hn/images/fb351306-0aa4-4b17-84b0-edaddd93fdc0.png | https://d3k81ch9hvuctc.cloudfront.net/company/H627hn/images/149de087-c29a-4e19-86c2-a7f9741193cd.png
Pasture Seed,160,160x120,https://d3k81ch9hvuctc.cloudfront.net/company/H627hn/images/95d4cd56-78d7-4b4d-b509-cebe9b19ac74.png | https://d3k81ch9hvuctc.cloudfront.net/company/H627hn/images/37f5f62d-d919-47d2-badd-9b716d768a0d.png | https://d3k81ch9hvuctc.cloudfront.net/company/H627hn/images/3bf10932-9545-4633-bccd-4735939fc56a.png | https://d3k81ch9hvuctc.cloudfront.net/company/H627hn/images/2f5e6b96-4262-4739-8e16-88e566b3b7ba.png
Wildflower Seed,160,160x120,https://d3k81ch9hvuctc.cloudfront.net/company/H627hn/images/e5a27474-c258-49aa-a228-f66b27bc9e54.png | https://d3k81ch9hvuctc.cloudfront.net/company/H627hn/images/b3e4b9e9-7414-4e90-9709-c210a42b05f7.png
Food Plot Seed,160,160x120,https://d3k81ch9hvuctc.cloudfront.net/company/H627hn/images/530c4c34-b03a-4a3f-910f-4fca429997fa.png
Clover Seed,160,160x120,https://d3k81ch9hvuctc.cloudfront.net/company/H627hn/images/932af3b7-1420-49a2-90e1-e8319217ce6e.png
Cover Crop Seed,160,160x120,https://d3k81ch9hvuctc.cloudfront.net/company/H627hn/images/a2395601-11b9-4517-b243-699f4f696514.png
Nature's Seed,180,200x50,https://d3k81ch9hvuctc.cloudfront.net/company/H627hn/images/52272625-f380-43c4-a395-7a40eaef3ff5.png
Lawn,260,260x140,https://d3k81ch9hvuctc.cloudfront.net/company/H627hn/images/f9eb26e7-16ad-4c16-9f84-f5b05ed46aba.png
Pasture,260,260x140,https://d3k81ch9hvuctc.cloudfront.net/company/H627hn/images/c43e7254-74d9-442c-a051-00e905cb24d5.png
Wildflower,260,260x140,https://d3k81ch9hvuctc.cloudfront.net/company/H627hn/images/6f04f97f-4a17-4cb8-b471-073e7b3623e2.png
Food Plot,260,260x140,https://d3k81ch9hvuctc.cloudfront.net/company/H627hn/images/e91f5270-1fef-442c-8b9a-90b55c53b983.png
Nature's Seed,180,200x50,https://d3k81ch9hvuctc.cloudfront.net/company/H627hn/images/52272625-f380-43c4-a395-7a40eaef3ff5.png
Lawn Care Tips,600,600x250,https://d3k81ch9hvuctc.cloudfront.net/company/H627hn/images/22c78ad6-d44a-43cd-8ba2-5b32c70ff94d.png
Pasture Tips,600,600x250,https://d3k81ch9hvuctc.cloudfront.net/company/H627hn/images/845c1936-86e5-4305-9a25-805777d0a648.png
Wildflower Tips,600,600x250,https://d3k81ch9hvuctc.cloudfront.net/company/H627hn/images/de38d48a-ebc1-4fb5-ae92-daac513eb2c0.png
Food Plot Tips,600,600x250,https://d3k81ch9hvuctc.cloudfront.net/company/H627hn/images/80ea08b1-f115-4680-8de4-630bfaa21564.png
Clover Tips,600,600x250,https://d3k81ch9hvuctc.cloudfront.net/company/H627hn/images/72e2fe0e-ea7d-4d48-8ad8-c6be4be14216.png
Cover Crop Tips,600,600x250,https://d3k81ch9hvuctc.cloudfront.net/company/H627hn/images/db37b90a-2da5-412f-981d-1379bc6300be.png
Seed Tips,600,600x250,https://d3k81ch9hvuctc.cloudfront.net/company/H627hn/images/db37b90a-2da5-412f-981d-1379bc6300be.png
Planting Aid,70,70x70,https://d3k81ch9hvuctc.cloudfront.net/company/H627hn/images/71f992ee-3806-4b23-883b-997c08f911d1.png | https://d3k81ch9hvuctc.cloudfront.net/company/H627hn/images/757faace-0c86-421a-90b0-ed3f11f7eecd.png | https://d3k81ch9hvuctc.cloudfront.net/company/H627hn/images/a1f5414f-a17e-472d-9ee6-b868c731aeec.png
Nature's Seed,180,200x50,https://d3k81ch9hvuctc.cloudfront.net/company/H627hn/images/52272625-f380-43c4-a395-7a40eaef3ff5.png
Bestselling Seed Mix,160,160x160,https://d3k81ch9hvuctc.cloudfront.net/company/H627hn/images/35fbe7cf-40ff-4dde-abfe-19833651646a.png
Popular Seed Mix,160,160x160,https://d3k81ch9hvuctc.cloudfront.net/company/H627hn/images/1b986d38-5d81-40a2-8690-d4f79bb68c1b.png
Recommended Seed Mix,160,160x160,https://d3k81ch9hvuctc.cloudfront.net/company/H627hn/images/d9992cec-24e7-4fcf-a53e-8915765f7d8c.png
Planting Aid,120,120x120,https://d3k81ch9hvuctc.cloudfront.net/company/H627hn/images/71f992ee-3806-4b23-883b-997c08f911d1.png | https://d3k81ch9hvuctc.cloudfront.net/company/H627hn/images/757faace-0c86-421a-90b0-ed3f11f7eecd.png | https://d3k81ch9hvuctc.cloudfront.net/company/H627hn/images/a1f5414f-a17e-472d-9ee6-b868c731aeec.png
Nature's Seed,180,200x50,https://d3k81ch9hvuctc.cloudfront.net/company/H627hn/images/52272625-f380-43c4-a395-7a40eaef3ff5.png
Recommended Product,200,200x200,https://d3k81ch9hvuctc.cloudfront.net/company/H627hn/images/f7232331-8edc-4b6e-b103-2f4e6df24fea.png
Nature's Seed,180,200x50,https://d3k81ch9hvuctc.cloudfront.net/company/H627hn/images/52272625-f380-43c4-a395-7a40eaef3ff5.png
Welcome to the Community,600,600x250,https://d3k81ch9hvuctc.cloudfront.net/company/H627hn/images/a9f93cf6-e4ab-421d-aa42-845814e72297.png
Nature's Seed,180,200x50,https://d3k81ch9hvuctc.cloudfront.net/company/H627hn/images/52272625-f380-43c4-a395-7a40eaef3ff5.png
Micro Clover for Lawns,600,600x250,https://d3k81ch9hvuctc.cloudfront.net/company/H627hn/images/149de087-c29a-4e19-86c2-a7f9741193cd.png
Food Plots,600,600x250,https://d3k81ch9hvuctc.cloudfront.net/company/H627hn/images/3bf10932-9545-4633-bccd-4735939fc56a.png
Pollinator Mixes,600,600x250,https://d3k81ch9hvuctc.cloudfront.net/company/H627hn/images/9517fa08-647f-4ad2-b832-14d612aa23c1.png
Pasture Seed,600,600x250,https://d3k81ch9hvuctc.cloudfront.net/company/H627hn/images/95d4cd56-78d7-4b4d-b509-cebe9b19ac74.png | https://d3k81ch9hvuctc.cloudfront.net/company/H627hn/images/37f5f62d-d919-47d2-badd-9b716d768a0d.png | https://d3k81ch9hvuctc.cloudfront.net/company/H627hn/images/3bf10932-9545-4633-bccd-4735939fc56a.png | https://d3k81ch9hvuctc.cloudfront.net/company/H627hn/images/2f5e6b96-4262-4739-8e16-88e566b3b7ba.png
Lawn Seed,600,600x250,https://d3k81ch9hvuctc.cloudfront.net/company/H627hn/images/35fbe7cf-40ff-4dde-abfe-19833651646a.png | https://d3k81ch9hvuctc.cloudfront.net/company/H627hn/images/fb351306-0aa4-4b17-84b0-edaddd93fdc0.png | https://d3k81ch9hvuctc.cloudfront.net/company/H627hn/images/149de087-c29a-4e19-86c2-a7f9741193cd.png
Pasture Seed,600,600x250,https://d3k81ch9hvuctc.cloudfront.net/company/H627hn/images/95d4cd56-78d7-4b4d-b509-cebe9b19ac74.png | https://d3k81ch9hvuctc.cloudfront.net/company/H627hn/images/37f5f62d-d919-47d2-badd-9b716d768a0d.png | https://d3k81ch9hvuctc.cloudfront.net/company/H627hn/images/3bf10932-9545-4633-bccd-4735939fc56a.png | https://d3k81ch9hvuctc.cloudfront.net/company/H627hn/images/2f5e6b96-4262-4739-8e16-88e566b3b7ba.png
More from Nature's Seed,600,600x250,https://d3k81ch9hvuctc.cloudfront.net/company/H627hn/images/8f062a86-4a7b-4ac3-a57e-1980d64c0d89.png
Planting Aid,70,70x70,https://d3k81ch9hvuctc.cloudfront.net/company/H627hn/images/71f992ee-3806-4b23-883b-997c08f911d1.png | https://d3k81ch9hvuctc.cloudfront.net/company/H627hn/images/757faace-0c86-421a-90b0-ed3f11f7eecd.png | https://d3k81ch9hvuctc.cloudfront.net/company/H627hn/images/a1f5414f-a17e-472d-9ee6-b868c731aeec.png
Nature's Seed,180,200x50,https://d3k81ch9hvuctc.cloudfront.net/company/H627hn/images/52272625-f380-43c4-a395-7a40eaef3ff5.png
Your Seasonal Planting Calendar,600,600x250,https://d3k81ch9hvuctc.cloudfront.net/company/H627hn/images/60e2a54b-661f-459e-b663-c44ea1460c21.png