sku,name,status,revenue_q1q2,customer_count,units_sold
ID:0,Big Bluegrass - 10 lbs,PHASED_OUT,96624.55,591,1013
TURF-JBR-5-LB-OLD,Jimmy's Blue Ribbon Premium Grass Seed Mix,PHASED_OUT,46843.97,338,437
S-TRRE-OLD,White Dutch Clover Seeds - 5000 ft²,PHASED_OUT,36636.33,724,859
S-TRRE-0.25-A-OLD,White Dutch Clover Seeds - 1/4 Acre,PHASED_OUT,25302.83,119,160
TURF-FEAR2-2000-F,Triple-Play Turf Type Tall Fescue Seed Blend - 2000 ft²,PHASED_OUT,23480.92,106,156
PB-SATH-2.5-A,South-Atlantic Transitional Horse Forage Mix - 2.5 Acres,PHASED_OUT,22041.33,34,61
PB-SATBC-2.5-A,South-Atlantic Transitional Beef Cattle Forage Mix - 2.5 Acres,PHASED_OUT,16552.17,21,51
PB-GLH-50-LB,Great Lakes/New England Horse Forage Mix - 50 lbs,PHASED_OUT,16445.41,35,62
TURF-BR-500-F-OLD,Kentucky Bluegrass Seed: Blue Ribbon Mix - 500 ft²,PHASED_OUT,16043.81,197,409
S-MICRO-OLD,Micro Clover Seed - 1000 ft²,PHASED_OUT,15407.67,195,376
TURF-FF-5000-F,Fine Fescue Grass Seed Mix - 5000 ft²,PHASED_OUT,12012.01,28,35
TURF-BR-5000-F-OLD,Kentucky Bluegrass Seed: Blue Ribbon Mix - 5000 ft²,PHASED_OUT,11970.06,46,47
TURF-BR-0.25-A-OLD,Kentucky Bluegrass Seed: Blue Ribbon Mix - 1/4 Acre,PHASED_OUT,11840.25,7,25
PB-SATS,South-Atlantic Transitional Sheep Forage Mix - 2.5 Acres,PHASED_OUT,11220.74,28,43
WB-CN-2000-F,California Native Wildflower Mix - 2000 ft²,PHASED_OUT,9794.31,86,108
PB-PNWH,Pacific Northwest Horse Forage Mix - 2.5 Acres,PHASED_OUT,9701.85,22,30
TURF-LOPE-2000-F,Perennial Ryegrass Seed Blend - 2000 ft²,PHASED_OUT,9445.33,57,72
S-TACKI-OLD,M-Binder Tackifier-Soil Stabilizer - 50 lbs,PHASED_OUT,9261.81,32,76
TURF-CYDA-5000-F,Bermudagrass Seed Blend - 5000 ft²,PHASED_OUT,8428.84,17,24
PB-MWH-2.5-A,Mid-West/Mid-Atlantic Horse Forage Mix - 2.5 Acres,PHASED_OUT,8320.32,14,20
PG-DAGL-50-LB-OLD,Orchard Grass Seed - 50 lbs,PHASED_OUT,8077.47,24,31
TURF-SS-5000-F,Sun and Shade Grass Seed Mix - 5000 ft²,PHASED_OUT,7976.0,22,29
TURF-BUDA-1000-F,Buffalograss Seed Blend - 1000 ft²,PHASED_OUT,7934.05,35,42
TURF-NFF-1000-F-OLD,Native Fine Fescue Mix - 1000 ft²,PHASED_OUT,7680.48,32,46
S-FEOV-25-LB-OLD,Sheep Fescue Grass - 25 lbs,PHASED_OUT,7661.37,30,40
PG-FEAR2-50-LB-OLD,Tall Fescue - 50 lbs,PHASED_OUT,7433.76,13,32
TURF-NE,TWCA Water-Wise Northeast Grass Seed Mix - 5 lbs,PHASED_OUT,7394.55,39,44
PB-TORT-500-F-OLD,"Tortoise Forage Mix - 500 ft², Standard Mix",PHASED_OUT,7149.39,175,210
TURF-NW-5000-F-OLD,Northwest Seed Mix - 5000 ft²,PHASED_OUT,7079.76,25,28
TURF-FEAR2-5000-F,Triple-Play Turf Type Tall Fescue Seed Blend - 5000 ft²,PHASED_OUT,6842.07,10,24
TURF-FEAR2-500-F,Triple-Play Turf Type Tall Fescue Seed Blend - 500 ft²,PHASED_OUT,6783.19,106,130
PB-IWH,Intermountain West Horse Forage Mix - 1 Acre,PHASED_OUT,6721.81,15,27
TURF-CYDA-1000-F-OLD,Bermudagrass Seed Blend - 1000 ft²,PHASED_OUT,6519.83,53,64
PG-TRPR,Red Clover - 50 lbs,ACTIVE,6484.15,189,354
PG-MESA-50-LB-OLD,Alfalfa Seeds - 50 lbs,PHASED_OUT,6420.19,15,22
SUSTANE-4-6-4-OLD,Organic Seed Starter Fertilizer 4-6-4,PHASED_OUT,6415.77,38,58
TURF-LOPE-5000-F,Perennial Ryegrass Seed Blend - 5000 ft²,PHASED_OUT,6307.11,15,18
WB-DR-2000-F-OLD,Deer Resistant Wildflower Mix - 2000 ft²,PHASED_OUT,6236.68,96,143
PB-CHM-1-LB-OLD,California Habitat Mix - 1 lbs,PHASED_OUT,6193.05,54,79
TURF-BR-OLD,Kentucky Bluegrass Seed: Blue Ribbon Mix - 2000 ft²,PHASED_OUT,6103.94,56,78
PB-GPBC-2.5-A,Great Plains Beef Cattle Forage Mix - 2.5 Acres,PHASED_OUT,6035.36,11,23
PG-ANGE-10-LB,Big Bluestem Grass Seed - 10 lbs,PHASED_OUT,5656.8,17,36
TURF-FF-500-F,Fine Fescue Grass Seed Mix - 500 ft²,PHASED_OUT,5588.36,71,108
TURF-WS-5000-F,TWCA Water-Wise Shade Mix - 5000 ft²,PHASED_OUT,5503.4,21,30
SUSTANE-18-1-8+FE-OLD,Organic Maintenance Fertilizer 18-1-8+fe,PHASED_OUT,5466.93,22,39
PB-GLS-2.5-A,Great Lakes/New England Sheep Forage Mix - 2.5 Acres,PHASED_OUT,5392.16,11,12
WB-AN-500-F-OLD,Annual Wildflower Mix - 0.25 lb,PHASED_OUT,5385.81,215,298
PB-GLBC-2.5-A,Great Lakes/New England Beef Cattle Forage Mix - 2.5 Acres,PHASED_OUT,5371.87,9,14
S-FEOV-10-LB-OLD,Sheep Fescue Grass - 10 lbs,PHASED_OUT,5289.56,54,61
PB-PNWH-20-LB,Pacific Northwest Horse Forage Mix - 1 Acre,PHASED_OUT,5162.67,22,40
TURF-FEAR2-1000-F,Triple-Play Turf Type Tall Fescue Seed Blend - 1000 ft²,PHASED_OUT,5123.28,56,58
PG-TRRE-10-LB,White Clover Seeds - 10 lbs,PHASED_OUT,5099.6,55,62
WB-AN-2000-F-OLD,Annual Wildflower Mix - 2000 ft²,PHASED_OUT,5050.64,60,104
PB-MWPB,Mid-West/Mid-Atlantic Poultry Forage Mix - 1500 ft²,PHASED_OUT,5046.07,93,106
PG-BUDA-1-LB-OLD,Buffalograss - 1 lb,PHASED_OUT,4864.47,64,98
PB-IWD,Intermountain West Dryland Pasture Mix - 2.5 Acres,PHASED_OUT,4811.84,10,16
PB-SSS,Southern Subtropics Sheep Forage Mix - 1/2 Acre,PHASED_OUT,4802.4,8,12
PG-DAGL-10-LB-OLD,Orchard Grass Seed - 10 lbs,PHASED_OUT,4722.03,60,79
PB-PSWH-2.5-A,Pacific Southwest Horse Forage Mix - 2.5 Acres,PHASED_OUT,4712.03,13,19
S-FEOV-50-LB-OLD,Sheep Fescue Grass - 50 lbs,PHASED_OUT,4593.75,7,13
TURF-WBB-0.25-A,TWCA Water-Wise Bluegrass Blend - 1/4 Acre,PHASED_OUT,4316.25,13,14
PB-GOAT-T-50-LB-OLD,South-Atlantic Transitional Goat Forage Mix - 2.5 Acres,PHASED_OUT,4312.77,11,13
PG-TRRE-50-LB,White Clover Seeds - 50 lbs,PHASED_OUT,4305.0,7,13
W-ESCA-OLD-T,"California Poppy Seeds - 0.25lbs, Native Variety",PHASED_OUT,4196.79,58,158
TURF-NFF-500-F-OLD,Native Fine Fescue Mix - 1 lb,PHASED_OUT,4151.99,38,45
S-FEOV-1-LB-OLD,Sheep Fescue Grass - 1 lb,PHASED_OUT,4061.63,198,412
WB-CCN-2000-F-OLD,California Coastal Native Wildflower Mix - 2000 ft²,PHASED_OUT,3794.58,35,41
PB-GPD-2.5-A,Great Plains Dryland Pasture Mix - 2.5 Acres,PHASED_OUT,3627.91,9,11
PB-GLH-20-LB,Great Lakes/New England Horse Forage Mix - 20 lbs,PHASED_OUT,3557.32,20,25
PB-MWS-2.5-A,Mid-West/Mid-Atlantic Sheep Forage Mix - 2.5 Acres,PHASED_OUT,3549.46,6,8
WB-LG-2000-F,Low Growing Wildflower Mix - 2000 ft²,PHASED_OUT,3446.59,65,91
TURF-NW-2000-F,Northwest Seed Mix - 2000 ft²,PHASED_OUT,3322.31,22,24
PG-BRBI-50-LB,Meadow Brome - 50 lbs,PHASED_OUT,3257.25,5,9
PB-CNEC-10-LB-OLD,California Native Erosion Control Mix - 10 lbs,PHASED_OUT,3172.63,5,9
PB-TORT-5000-F-OLD,"Tortoise Forage Mix - 5000 ft², Standard Mix",PHASED_OUT,3164.57,14,15
TURF-SS,Sun and Shade Grass Seed Mix - 500 ft²,PHASED_OUT,3155.75,42,76
PB-GOAT-T-20-LB-OLD,South-Atlantic Transitional Goat Forage Mix - 1 Acre,PHASED_OUT,3125.69,17,17
PB-IWD-0.5-A,Intermountain West Dryland Pasture Mix - 1/2 Acre,PHASED_OUT,3035.53,18,29
PB-MWS-1-A,Mid-West/Mid-Atlantic Sheep Forage Mix - 1 Acre,PHASED_OUT,3001.6,14,16
PB-GLH-10-LB,Great Lakes/New England Horse Forage Mix - 10 lbs,PHASED_OUT,2991.07,20,29
TURF-BUDA-2000-F,Buffalograss Seed Blend - 2000 ft²,PHASED_OUT,2966.94,7,7
PB-SATD-2.5-A,South-Atlantic Transitional Dryland Pasture Mix - 2.5 Acres,PHASED_OUT,2934.84,7,10
TURF-LOPE-1000-F,Perennial Ryegrass Seed Blend - 1000 ft²,PHASED_OUT,2900.43,28,33
PB-GLHB-2.5-A,Great Lakes/New England Honey Bee Pasture Mix - 2.5 Acres,PHASED_OUT,2888.92,5,8
PB-SATH-1-A,South-Atlantic Transitional Horse Forage Mix - 1 Acre,PHASED_OUT,2877.02,13,15
PB-SSS-1-A,Southern Subtropics Sheep Forage Mix - 1 Acre,PHASED_OUT,2872.89,11,12
PB-MWPB-2.5-A,Mid-West/Mid-Atlantic Poultry Forage Mix - 2.5 Acres,PHASED_OUT,2855.48,12,12
PG-MESA-10-LB-OLD,Alfalfa Seeds - 10 lbs,PHASED_OUT,2852.98,39,40
S-AGPA8-OLD,San Diego Bentgrass - 1 lbs,PHASED_OUT,2820.27,11,21
PB-PNWP,Pacific Northwest Pollinator Mix - 5000 ft²,PHASED_OUT,2774.54,26,37
TURF-SS-2000-F,Sun and Shade Grass Seed Mix - 2000 ft²,PHASED_OUT,2710.55,24,24
PG-BOGR-OLD,Blue Grama - 1 lb,PHASED_OUT,2707.32,29,62
TURF-LOPE-500-F,Perennial Ryegrass Seed Blend - 500 ft²,PHASED_OUT,2707.1,42,52
TURF-NFF-5000-F-OLD,Native Fine Fescue Mix - 5000 ft²,PHASED_OUT,2698.16,4,4
PG-PHPR-50-LB-OLD,Timothy Grass Seed - 50 lbs,PHASED_OUT,2687.5,8,10
PG-MESA-25-LB-OLD,Alfalfa Seeds - 25 lbs,PHASED_OUT,2650.83,18,18
WB-DR-OLD,Deer Resistant Wildflower Mix - 500 ft²,PHASED_OUT,2620.7,125,133
PG-FEAR2-10-LB-OLD,Tall Fescue - 10 lbs,PHASED_OUT,2600.74,30,50
PG-PEAS-50-LB,Field Pea - 50 lbs,PHASED_OUT,2600.0,14,28
PB-MWS-0.5-A,Mid-West/Mid-Atlantic Sheep Forage Mix - 1/2 Acre,PHASED_OUT,2597.56,17,21
PB-GPG-0.5-A,Great Plains Goat Forage Mix - 1/2 Acre,PHASED_OUT,2581.89,23,23
TURF-FF,Fine Fescue Grass Seed Mix - 5 lbs,PHASED_OUT,2579.36,33,65
PB-CHM-10-LB-OLD,California Habitat Mix - 10 lbs,PHASED_OUT,2565.72,2,4
PB-SATPB,South-Atlantic Transitional Poultry Forage Mix - 500 ft²,PHASED_OUT,2564.94,33,34
PG-BUDA-10-LB-OLD,Buffalograss - 10 lbs,PHASED_OUT,2541.12,5,6
PG-MESA-1-LB-OLD,Alfalfa Seeds - 1 lb,PHASED_OUT,2531.99,170,343
PB-SATDC,South-Atlantic Transitional Dairy Cow Forage Mix - 2.5 Acres,PHASED_OUT,2512.98,13,14
TURF-TALL-6-LB,Triple-Play Turf Type Tall Fescue Seed Blend - 500 ft²,PHASED_OUT,2511.19,29,84
W-ACLA-1-LB-OLD,"Western Yarrow - 1lbs, Native Variety",PHASED_OUT,2499.63,6,28
PG-PAVI-OLD,Switchgrass Seed - 10 lbs,PHASED_OUT,2498.69,18,25
S-INNOC-50-LB-OLD,Am 120 Standard Mycorrhizal Inoculant - 50 lbs,PHASED_OUT,2486.24,4,5
PB-GPG,Great Plains Goat Forage Mix - 1 Acre,PHASED_OUT,2441.9,11,13
PG-LOCO-10-LB,Birdsfoot Trefoil - 10 lbs,PHASED_OUT,2439.36,19,20
CV-CNFW-5-LB-OLD,California Native Fire-Wise Mix,PHASED_OUT,2399.88,2,12
PG-PANO-50-LB-OLD,Bahia Grass - 50 lbs,PHASED_OUT,2319.63,2,4
WB-RM-2000-F-OLD,Rocky Mountain Wildflower Mix - 2000 ft²,PHASED_OUT,2308.01,29,50
S-FERUC-1-LB,Chewings Fescue Grass - 1 lbs,PHASED_OUT,2281.99,30,39
PB-GPH-2.5-A,Great Plains Horse Forage Mix - 2.5 Acres,PHASED_OUT,2274.06,5,6
PB-MWAL-2.5-A,Mid-West/Mid-Atlantic Alpaca/Llama Forage Mix - 2.5 Acres,PHASED_OUT,2217.13,4,5
PB-SHEP-N-10-LB-,Intermountain West Sheep Forage Mix - 1/2 Acre,PHASED_OUT,2216.22,15,20
PB-SSPB-1-A,Southern Subtropics Poultry Forage Mix - 1 Acre,PHASED_OUT,2204.74,11,13
PG-DAGL-OLD,Orchard Grass Seed - 25 lbs,PHASED_OUT,2163.72,14,29
PG-CYDA-10-LB-OLD,Common Bermudagrass - 10 lbs,PHASED_OUT,2150.59,4,15
PB-SATPB-1-A,South-Atlantic Transitional Poultry Forage Mix - 1 Acre,PHASED_OUT,2139.7,12,13
PB-IWH-10-LB,Intermountain West Horse Forage Mix - 1/2 Acre,PHASED_OUT,2127.22,6,19
TURF-WBB,TWCA Water-Wise Bluegrass Blend - 5 lbs,PHASED_OUT,2124.75,17,25
PB-PSWS-2.5-A,Pacific Southwest Sheep Forage Mix - 2.5 Acres,PHASED_OUT,2060.7,6,7
TURF-POPR-0.25-A,Velvet Blue Seed Blend - 1/4 Acre,PHASED_OUT,2059.23,9,9
PB-GLS,Great Lakes/New England Sheep Forage Mix - 1 Acre,PHASED_OUT,2040.79,8,10
TURF-NW-1000-F,Northwest Seed Mix - 1000 ft²,PHASED_OUT,2025.16,23,25
PG-LOPE-50-LB-OLD,Perennial Ryegrass - 50 lbs,PHASED_OUT,2025.0,5,9
PG-TRRE-1-LB,White Clover Seeds - 1 lb,PHASED_OUT,1988.08,124,221
PG-CYDA-50-LB-OLD,Common Bermudagrass - 50 lbs,PHASED_OUT,1959.38,2,4
W-SPAM-1-LB,Desert Globemallow - 1lbs,PHASED_OUT,1949.76,1,16
TURF-BUDA-5000-F,Buffalograss Seed Blend - 5000 ft²,PHASED_OUT,1941.19,2,2
PB-GPPB,Great Plains Poultry Forage Mix - 1 Acre,PHASED_OUT,1939.48,32,34
WB-OLGN-500-F,Ornamental Low Growing Native Mix - 500 ft²,PHASED_OUT,1937.58,37,56
PG-PAVI-1-LB-OLD,Switchgrass - 1 lb,PHASED_OUT,1937.33,54,114
TURF-SST-5000-F,Southern Sports Turf Mix - 5000 ft²,PHASED_OUT,1918.16,3,4
PB-IWWFR-2.5-A,Intermountain West Wildfire Resistant Mix - 2.5 Acres,PHASED_OUT,1907.66,2,2
WB-SE-2000-F,Southeast Wildflower Mix - 2000 ft²,PHASED_OUT,1856.99,23,42
PG-BOGR-10-LB-OLD,Blue Grama - 10 lbs,PHASED_OUT,1847.8,5,5
PB-SSPB-0.5-A,Southern Subtropics Poultry Forage Mix - 1/2 Acre,PHASED_OUT,1842.23,18,18
PB-PNWP-500-F,Pacific Northwest Pollinator Mix - 500 ft²,PHASED_OUT,1832.16,60,79
WB-MW-2000-F,Midwest Wildflower Mix - 2000 ft²,PHASED_OUT,1830.01,30,49
TURF-BUDA-500-F,Buffalograss Seed Blend - 500 ft²,PHASED_OUT,1813.49,16,17
S-INNOC-10-LB-OLD,Am 120 Standard Mycorrhizal Inoculant - 10 lbs,PHASED_OUT,1812.14,16,17
PB-GPBC-1-A,Great Plains Beef Cattle Forage Mix - 1 Acre,PHASED_OUT,1803.34,2,8
PG-LOCO-1-LB,Birdsfoot Trefoil - 1 lb,PHASED_OUT,1787.97,72,128
PB-SWTG,Southwest Transitional Goat Forage Mix - 1 Acre,PHASED_OUT,1785.67,12,12
PG-HEAN-1-LB,Annual Sunflower - 1 lb,PHASED_OUT,1769.8,40,49
PG-SCSC-10-LB,Little Bluestem - 10 lbs,PHASED_OUT,1768.5,11,13
PB-PNWS,Pacific Northwest Sheep Forage Mix - 1 Acre,PHASED_OUT,1764.37,9,12
PG-SCSC-1-LB,Little Bluestem - 1 lb,PHASED_OUT,1745.97,50,97
PB-SATPB-5000-F,South-Atlantic Transitional Poultry Forage Mix - 5000 ft²,PHASED_OUT,1728.16,29,33
PG-TRHY,Alsike Clover - 10 lbs,ACTIVE,1711.86,74,120
PB-SHEP-N-50-LB-,Intermountain West Sheep Forage Mix - 2.5 Acres,PHASED_OUT,1700.0,4,5
PB-GLS-0.5-A,Great Lakes/New England Sheep Forage Mix - 1/2 Acre,PHASED_OUT,1695.54,10,13
W-ASFA-N-0.25-LB-OLD,Narrowleaf Milkweed - 0.25lbs,PHASED_OUT,1673.1,8,8
PB-PSWPB-5000-F,Pacific Southwest Poultry Forage Mix - 5000 ft²,PHASED_OUT,1644.89,4,5
PB-SHEP-N-20-LB-,Intermountain West Sheep Forage Mix - 1 Acre,PHASED_OUT,1643.0,8,9
PB-WLWP-1-LB,Western Low-Water Use Pollinator Mix - 1 lbs,PHASED_OUT,1631.44,33,44
PB-PNWH-10-LB,Pacific Northwest Horse Forage Mix - 1/2 Acre,PHASED_OUT,1595.71,15,24
PG-CYDA-25-LB-OLD,Common Bermudagrass - 25 lbs,PHASED_OUT,1566.66,3,6
PB-HRSE-T-10-LB-OLD,Transitional Horse Pasture Mix,PHASED_OUT,1559.83,8,17
PB-SHEP-N-OLD,Northern Sheep Pasture Mix,PHASED_OUT,1529.83,10,17
PB-GOAT-N-OLD,Northern Goat Pasture Mix,PHASED_OUT,1529.83,11,17
PG-CHIN-10-LB,Forage Chicory - 10 lbs,PHASED_OUT,1528.0,19,21
S-FERU-1-LB,"Red Fescue Grass - 1 lb, Native Variety",PHASED_OUT,1523.8,36,112
PB-HRSE-N-OLD,Northern Horse Pasture Mix,PHASED_OUT,1511.83,7,17
PG-BRIN-10-LB,Smooth Brome - 10 lbs,PHASED_OUT,1507.15,5,19
S-MICRO-500-F-OLD,Micro Clover Seed - 500 ft²,PHASED_OUT,1500.98,60,69
S-RICE-OLD,Rice Hulls - 45 lbs,PHASED_OUT,1483.72,13,16
TURF-WNW,TWCA Water-Wise Northwest Mix - 1000 ft²,PHASED_OUT,1481.47,9,11
PB-GLBC-1-A,Great Lakes/New England Beef Cattle Forage Mix - 1/2 Acre,PHASED_OUT,1479.87,9,17
WB-IF-2000-F,Insecta-Flora Mix - 2000 ft²,PHASED_OUT,1471.68,32,36
PB-WLWP,Western Low-Water Use Pollinator Mix - 0.5 lbs,PHASED_OUT,1458.41,10,12
TURF-POPR,Velvet Blue Seed Blend - 2000 ft²,PHASED_OUT,1449.21,18,21
PB-PSWH-0.5-A,Pacific Southwest Horse Forage Mix - 1/2 Acre,PHASED_OUT,1437.65,12,16
PB-CNEC-1-LB-OLD,California Native Erosion Control Mix - 1 lbs,PHASED_OUT,1435.02,26,35
PG-AGSP-50-LB,Bluebunch Wheatgrass - 50 lbs,PHASED_OUT,1434.38,1,2
WB-BEP-2000-F,Western Native Pollinator Wildflower Mix - 2000 ft²,PHASED_OUT,1426.97,16,28
PB-PSWG-1-A,Pacific Southwest Goat Forage Mix - 1 Acre,PHASED_OUT,1421.0,6,7
WB-LG-500-F,Low Growing Wildflower Mix - 500 ft²,PHASED_OUT,1415.72,79,87
PG-FEAR2-25-LB-OLD,Tall Fescue - 25 lbs,PHASED_OUT,1397.45,14,31
PG-PHPR-OLD,Timothy Grass Seed - 25 lbs,PHASED_OUT,1388.15,20,27
PG-ANGE-1-LB,Big Bluestem Grass Seed - 1 lb,PHASED_OUT,1364.07,34,70
PB-GPHB-1-A,Great Plains Honey Bee Pasture Mix - 1 Acre,PHASED_OUT,1361.49,8,8
PB-SWDHB-0.5-A,Southwest Desert Honey Bee Pasture Mix - 1/2 Acre,PHASED_OUT,1355.4,12,17
TURF-FF-1500-F,Fine Fescue Grass Seed Mix - 1500 ft²,PHASED_OUT,1353.67,14,16
WB-XCVP-1-LB-OLD,Xerces Central Valley Pollinator Mix - 1 lbs,PHASED_OUT,1342.42,9,10
PG-BOCU-10-LB,Sideoats Grama - 10 lbs,PHASED_OUT,1326.13,7,8
PB-SHEP-TR-OLD,Transitional Sheep Pasture Mix,PHASED_OUT,1322.85,7,15
PG-ANGE,Big Bluestem Grass Seed - 25 lbs,PHASED_OUT,1322.2,5,16
PB-GPHB-2.5-A,Great Plains Honey Bee Pasture Mix - 2.5 Acres,PHASED_OUT,1319.98,3,4
TURF-WNS-1000-F,TWCA Water-Wise Northern Sports Mix - 1000 ft²,PHASED_OUT,1308.78,6,11
TURF-POPR-5000-F,Velvet Blue Seed Blend - 5000 ft²,PHASED_OUT,1292.48,8,8
PB-PNWHB-50-LB,Pacific Northwest Honey Bee Pasture Mix - 2.5 Acres,PHASED_OUT,1290.19,4,4
PB-GPH,Great Plains Horse Forage Mix - 1 Acre,PHASED_OUT,1287.57,7,7
PB-GPHB-0.5-A,Great Plains Honey Bee Pasture Mix - 1/2 Acre,PHASED_OUT,1284.56,12,13
PB-GLBC,Great Lakes/New England Beef Cattle Forage Mix - 1 Acre,PHASED_OUT,1257.2,6,6
WB-NE-0.5-LB,Northeast Wildflower Mix - 1000 ft²,PHASED_OUT,1254.74,20,26
PB-PIG-OLD,Pasture Pig Mix,PHASED_OUT,1246.36,7,14
PB-IWBC-10-LB,Intermountain West Beef Cattle Forage Mix - 1/2 Acre,PHASED_OUT,1239.04,10,11
PG-SCSC-50-LB,Little Bluestem - 50 lbs,PHASED_OUT,1237.5,2,2
PB-MWH,Mid-West/Mid-Atlantic Horse Forage Mix - 1/2 Acre,PHASED_OUT,1229.18,7,10
PB-SWDPB-10-LB,Southwest Desert Poultry Forage Mix - 1/2 Acre,PHASED_OUT,1217.26,11,16
PG-LOPE-10-LB-OLD,Perennial Ryegrass - 10 lbs,PHASED_OUT,1211.33,13,22
PG-ONVI-50-LB,Sainfoin - 50 lbs,PHASED_OUT,1209.69,4,6
TURF-LM-500-F,Low Maintenance Seed Mix - 500 ft²,PHASED_OUT,1206.26,18,28
W-ASFA-N-1-LB-OLD,Narrowleaf Milkweed - 1lbs,PHASED_OUT,1206.0,1,2
PB-SSBG-0.5-A,Southern Subtropics Big Game Food Plot Mix - 1/2 Acre,PHASED_OUT,1202.48,8,18
PB-PNWHB-5-LB,Pacific Northwest Honey Bee Pasture Mix - 5000 ft²,PHASED_OUT,1201.72,15,21
PB-PPT,Pretty Prairie Tallgrass Mix - 10 lbs,PHASED_OUT,1187.03,2,5
PB-PNWAL,Pacific Northwest Alpaca/Llama Forage Mix - 2.5 Acres,PHASED_OUT,1186.58,4,4
PB-SWDD-2.5-A,Southwest Desert Dryland Pasture Mix - 2.5 Acres,PHASED_OUT,1170.43,1,1
WB-SD-2000-F,Sonoran Desert Wildflower Mix - 2000 ft²,ACTIVE,1165.69,13,31
PB-TORT-1000-F-OLD,"Tortoise Forage Mix - 1000 ft², Standard Mix",PHASED_OUT,1163.48,17,19
S-TRRE-1000-F-OLD,White Dutch Clover Seeds - 1000 ft²,PHASED_OUT,1158.07,56,61
PB-SSPB,Southern Subtropics Poultry Forage Mix - 2.5 Acres,PHASED_OUT,1154.3,20,25
PB-CHIX-5-LB-OLD,Poultry Forage Mix,PHASED_OUT,1150.87,9,15
PG-DAGL-1-LB-OLD,Orchard Grass Seed - 1 lb,PHASED_OUT,1149.5,74,182
PB-SWDS-2.5-A,Southwest Desert Sheep Forage Mix - 1/2 Acre,PHASED_OUT,1148.59,7,9
PB-SSPB-5000-F,Southern Subtropics Poultry Forage Mix - 5000 ft²,PHASED_OUT,1146.71,20,20
PG-BRBI-10-LB,Meadow Brome - 10 lbs,PHASED_OUT,1137.21,12,15
PB-PNWAL-1-A,Pacific Northwest Alpaca/Llama Forage Mix - 1 Acre,PHASED_OUT,1131.36,6,6
PG-TRFR-10-LB,Strawberry Clover - 10 lbs,PHASED_OUT,1127.4,8,11
PG-PAVI-50-LB-OLD,Switchgrass Seed - 50 lbs,PHASED_OUT,1125.0,2,2
S-DUTCH-5-LB-OLD,White Dutch Clover Seeds,PHASED_OUT,1124.75,17,25
PG-PHPR-10-LB-OLD,Timothy Grass Seed - 10 lbs,PHASED_OUT,1108.25,17,18
PB-GLP-5000-F,Great Lakes/New England Pollinator Mix - 5000 ft²,PHASED_OUT,1107.9,6,6
TURF-NW-500-F,Northwest Seed Mix - 500 ft²,PHASED_OUT,1105.51,22,23
W-PEEA-1-LB,Firecracker Penstemon - 1lbs,PHASED_OUT,1100.0,1,5
PB-MWEC-10-LB,Mid-West/Mid-Atlantic Erosion Control Mix - 1/2 Acre,PHASED_OUT,1099.26,12,13
W-SPAM-0.25-LB,Desert Globemallow - 0.25lbs,PHASED_OUT,1083.99,22,27
WB-CN,California Native Wildflower Mix - 0.5 lb,PHASED_OUT,1074.79,12,22
PB-GPAL,Great Plains Alpaca/Llama Forage Mix - 2.5 Acres,PHASED_OUT,1072.55,2,3
PB-PSWBC-50-LB,Pacific Southwest Beef Cattle Forage Mix - 2.5 Acres,PHASED_OUT,1065.6,3,4
PG-FEID-10-LB,"Idaho Fescue - 10 lbs, Native Variety",PHASED_OUT,1062.78,4,6
WB-SD-500-F,Sonoran Desert Wildflower Mix - 500 ft²,ACTIVE,1059.73,39,63
S-FERUC-25-LB,Chewings Fescue Grass - 50 lbs,PHASED_OUT,1054.98,5,5
PB-SWTG-2.5-A,Southwest Transitional Goat Forage Mix - 2.5 Acres,PHASED_OUT,1053.06,3,3
PG-BUCK-25-LB-OLD,Common Buckwheat - 25 lbs,PHASED_OUT,1039.98,15,16
PB-GOAT-S-OLD,Southern Goat Pasture Mix,PHASED_OUT,1035.39,8,11
PB-MWEC-1-A,Mid-West/Mid-Atlantic Erosion Control Mix - 2.5 Acres,PHASED_OUT,1030.43,2,4
PB-SWTPB-0.5-A,Southwest Transitional Poultry Forage Mix - 1/2 Acre,PHASED_OUT,1025.18,8,10
PG-CHIN,Forage Chicory - 1 lb,PHASED_OUT,1022.62,42,104
PB-MWAL,Mid-West/Mid-Atlantic Alpaca/Llama Forage Mix - 1/2 Acre,PHASED_OUT,1022.07,6,7
WB-OLGN-2000-F,Ornamental Low Growing Native Mix - 2000 ft²,PHASED_OUT,1007.9,7,10
S-AGPA8-10-LB-OLD,San Diego Bentgrass - 10 lbs,PHASED_OUT,1006.83,1,1
PB-SATHB,South-Atlantic Transitional Honey Bee Pasture Mix - 500 ft²,PHASED_OUT,1001.38,15,15
PB-HRSE-SO-OLD,Southern Horse Pasture Mix,PHASED_OUT,989.89,8,11
PB-ALPACA-10-LB-OLD,Alpaca & Llama Forage Mix,PHASED_OUT,989.89,6,11
PB-GPEC-2.5-A,Great Plains Erosion Control Mix - 2.5 Acres,PHASED_OUT,984.88,3,3
PB-SWDG-1-A,Southwest Desert Goat Forage Mix - 1 Acre,PHASED_OUT,978.87,6,6
PB-SSEC,Southern Subtropics Erosion Control Mix - 1 Acre,PHASED_OUT,975.74,4,4
PG-BOCU-1-LB,Sideoats Grama - 1 lb,PHASED_OUT,975.08,25,48
PB-PSWG,Pacific Southwest Goat Forage Mix - 1/2 Acre,PHASED_OUT,960.3,6,8
PG-AGSP-10-LB,Bluebunch Wheatgrass - 10 lbs,PHASED_OUT,955.94,5,6
PB-SWTD-2.5-A,Southwest Transitional Dryland Pasture Mix - 2.5 Acres,PHASED_OUT,955.84,3,3
TURF-WS-500-F,TWCA Water-Wise Shade Mix - 500 ft²,PHASED_OUT,950.21,22,35
WB-FM-2000-F,Flowering Meadow Mix - 2000 ft²,PHASED_OUT,949.93,9,12
PG-PEAS-10-LB,Field Pea - 10 lbs,PHASED_OUT,946.12,36,38
PG-BRCA-N-10-LB,California Brome Grass - 10 lbs,PHASED_OUT,945.0,2,3
PB-GLBG-2.5-A,Great Lakes/New England Big Game Food Plot Mix - 2.5 Acres,PHASED_OUT,936.79,3,3
PB-GPP-5000-F,Great Plains Pollinator Mix - 5000 ft²,PHASED_OUT,929.75,4,5
PG-POPR-50-LB-OLD,Kentucky Bluegrass - 50 lbs,PHASED_OUT,924.0,2,4
TURF-WNS-5000-F,TWCA Water-Wise Northern Sports Mix - 5000 ft²,PHASED_OUT,915.07,3,4
PG-AGRI-10-LB,Streambank Wheatgrass - 10 lbs,PHASED_OUT,907.13,5,6
PG-SONU-10-LB,Indiangrass - 10 lbs,PHASED_OUT,890.33,5,5
PG-AGSM-10-LB,Western Wheatgrass - 10 lbs,PHASED_OUT,888.15,6,7
PB-PSWG-2.5-A,Pacific Southwest Goat Forage Mix - 2.5 Acres,PHASED_OUT,882.83,3,3
PB-PSWS,Pacific Southwest Sheep Forage Mix - 1/2 Acre,PHASED_OUT,880.17,6,7
S-INNOC-1-LB-OLD,Am 120 Standard Mycorrhizal Inoculant - 1 lb,PHASED_OUT,867.57,48,63
PG-BUCK-50-LB-OLD,Common Buckwheat - 50 lbs,PHASED_OUT,863.74,7,8
PB-PSWPB,Pacific Southwest Poultry Forage Mix - 5000 ft²,PHASED_OUT,852.59,19,20
PG-LOMU-50-LB,Annual Ryegrass - 50 lbs,PHASED_OUT,851.5,3,7
W-ASSP-0.25-LB,Showy Milkweed - 0.25lbs,PHASED_OUT,849.68,8,8
PB-SWTPB-1500-F,Southwest Transitional Poultry Forage Mix - 1500 ft²,PHASED_OUT,848.3,29,49
W-PECA-1-LB,White Prairie Clover - 1lbs,PHASED_OUT,843.75,2,15
PB-SWDS,Southwest Desert Sheep Forage Mix - 1 Acre,PHASED_OUT,836.17,3,3
TURF-CYDA-2000-F,Bermuda Grass Seed Mix - 2000 ft²,PHASED_OUT,835.7,5,5
PB-MWEC,Mid-West/Mid-Atlantic Erosion Control Mix - 1 Acre,PHASED_OUT,831.84,5,5
PB-SWDPB-2-LB,Southwest Desert Poultry Forage Mix - 2000 ft²,PHASED_OUT,829.16,35,41
W-PEPA2-1-LB,Parry Penstemon - 1lbs,PHASED_OUT,828.3,1,10
PB-FTPB,Florida Tropics Poultry Forage Mix - 5000 ft²,PHASED_OUT,825.34,10,15
PG-PHPR-1-LB-OLD,Timothy Grass Seed - 1 lb,PHASED_OUT,818.61,49,121
PB-SWDPB,Southwest Desert Poultry Forage Mix - 5000 ft²,PHASED_OUT,811.09,11,12
PG-ELCI-10-LB,Basin Wildrye - 10 lbs,PHASED_OUT,810.15,5,7
WB-MW-1000-F,Midwest Wildflower Mix - 1000 ft²,PHASED_OUT,806.24,29,32
TURF-NE-2000-F,Northeast Seed Mix - 2000 ft²,PHASED_OUT,804.48,9,12
PG-ONVI-10-LB,Sainfoin - 10 lbs,PHASED_OUT,803.36,16,21
PB-PNWHB-2-LB,Pacific Northwest Honey Bee Pasture Mix - 2000 ft²,PHASED_OUT,802.98,9,10
PB-SSD-0.5-A,Southern Subtropics Dryland Pasture Mix - 1/2 Acre,PHASED_OUT,800.92,4,7
PB-HONEY-OLD,Honey Bee Pasture Mix,PHASED_OUT,800.91,7,9
CV-CHM-5-LB-OLD,CALIFORNIA HABITAT MIX,PHASED_OUT,799.98,2,2
PG-POPR-5-LB-OLD,Kentucky Bluegrass,PHASED_OUT,799.8,12,20
PB-SWDBG-50-LB,Southwest Desert Big Game Food Plot Mix - 2.5 Acres,PHASED_OUT,798.21,2,4
WB-SW-2000-F,Southwest Wildflower Mix - 2000 ft²,PHASED_OUT,797.82,14,18
PG-AGEL-50-LB,Tall Wheatgrass - 50 lbs,PHASED_OUT,796.88,1,3
PB-SSAG-2.5-A,Southwest Semi-Arid Steppe Goat Forage Mix - 2.5 Acres,PHASED_OUT,794.04,2,2
PB-GPAL-1-A,Great Plains Alpaca/Llama Forage Mix - 1 Acre,PHASED_OUT,779.41,3,4
TURF-FEAR2,Triple-Play Turf Type Tall Fescue Seed Blend - 5 lbs,PHASED_OUT,769.78,6,22
PG-CYDA-1-LB-OLD,Common Bermudagrass - 1 lb,PHASED_OUT,769.71,23,48
PB-SATPB-2000-F,South-Atlantic Transitional Poultry Forage Mix - 2000 ft²,PHASED_OUT,766.1,27,29
PG-ORHY-1-LB,Indian Ricegrass - 1 lb,PHASED_OUT,760.24,22,33
PB-SWDEC-1-A,Southwest Desert Erosion Control Mix - 1 Acre,PHASED_OUT,757.27,5,5
W-LUAL-0.25-LB,Mountain Lupine - 0.25lbs,PHASED_OUT,754.26,16,20
WB-SMM-2000-F,Santa Monica Mountain Cover Mix - 2000 ft²,PHASED_OUT,742.42,5,8
PG-FEID-1-LB,"Idaho Fescue - 1 lb, Native Variety",PHASED_OUT,741.8,21,40
PG-AGSP-1-LB,Bluebunch Wheatgrass - 1 lb,PHASED_OUT,726.88,23,36
PB-SHEP-SO-OLD,Southern Sheep Pasture Mix,PHASED_OUT,720.42,6,8
PB-PNWEC-10-LB,Intermountain West Erosion Control Mix - 1/2 Acre,PHASED_OUT,720.23,7,7
PB-MWP-1000-F,Mid-West/Mid-Atlantic Pollinator Mix - 1000 ft²,PHASED_OUT,708.54,6,12
PG-ONVI-25-LB,Sainfoin - 25 lbs,PHASED_OUT,708.3,6,6
PG-FEAR2-1-LB-OLD,Tall Fescue - 1 lb,PHASED_OUT,706.38,50,118
PG-AVSA-50-LB,Oats - 50 lbs,PHASED_OUT,704.0,5,7
PB-MWHB,Mid-West/Mid-Atlantic Honey Bee Pasture Mix - 1/2 Acre,PHASED_OUT,703.86,9,10
PB-GPBG-2.5-A,Great Plains Big Game Food Plot Mix - 2.5 Acres,PHASED_OUT,701.83,4,4
WB-BFP-500-F,Butterfly Pollinator Mix - 500 ft²,PHASED_OUT,701.62,38,38
PG-ELGL-N-10-LB,"Blue Wildrye - 10 lbs, Northern California",PHASED_OUT,700.0,1,1
PG-LIUS-25-LB,Common Flax - 25 lbs,PHASED_OUT,698.6,7,8
TURF-CYDA-500-F,Bermuda Grass Seed Mix - 500 ft²,PHASED_OUT,697.97,12,14
PG-DECA-10-LB,Tufted Hairgrass - 10 lbs,PHASED_OUT,697.5,2,2
PB-GLBG-0.5-A,Great Lakes/New England Big Game Food Plot Mix - 1/2 Acre,PHASED_OUT,695.32,7,8
PB-FTPB-1-A,Florida Tropics Poultry Forage Mix - 1 Acre,PHASED_OUT,694.73,5,5
WB-IF-500-F,Insecta-Flora Mix - 500 ft²,PHASED_OUT,692.62,37,42
PG-ERFA-1-LB,California Buckwheat - 1 lb,PHASED_OUT,690.89,14,17
PG-AGTR-10-LB,Slender Wheatgrass - 10 lbs,PHASED_OUT,689.08,5,8
TURF-PANO-500-F,Bahia Grass Seed - 500 ft²,PHASED_OUT,686.93,10,14
PG-SAME3-1-LB,Black Sage - 1 lb,PHASED_OUT,685.25,5,5
PG-SECE-50-LB-OLD,Cereal Rye Seed - 50 lbs,PHASED_OUT,685.0,4,6
PB-GPG-2.5-A,Great Plains Goat Forage Mix - 2.5 Acres,PHASED_OUT,681.2,2,2
WB-CCN-500-F-OLD,California Coastal Native Wildflower Mix - 500 ft²,PHASED_OUT,678.9,17,24
PB-PSWH,Pacific Southwest Horse Forage Mix - 1 Acre,PHASED_OUT,678.67,3,4
PB-SSPB-2000-F,Southern Subtropics Poultry Forage Mix - 2000 ft²,PHASED_OUT,677.83,25,26
W-ENCA-1-LB-OLD,California Bush Sunflower - 1lbs,PHASED_OUT,676.2,5,6
W-NEME-1-LB,Baby Blue Eyes - 1lbs,PHASED_OUT,672.97,9,9
WB-BEP-500-F,Western Native Pollinator Wildflower Mix - 500 ft²,PHASED_OUT,668.66,24,43
PB-SATP-5000-F,South-Atlantic Transitional Pollinator Mix - 5000 ft²,PHASED_OUT,660.98,3,4
PB-SSABC-0.5-A,Southwest Semi-Arid Steppe Beef Cattle Forage Mix - 1/2 Acre,PHASED_OUT,659.14,2,4
S-FEOV-OLD,Sheep Fescue Grass - 5 lbs,PHASED_OUT,649.87,5,13
PB-TORT-2-LB-OLD,Tortoise Forage Mix,PHASED_OUT,649.81,13,19
W-LUNA-N-1-LB,"Sky Lupine - 1lbs, Northern California",PHASED_OUT,648.0,3,5
PB-GPEC-0.5-A,Great Plains Erosion Control Mix - 1/2 Acre,PHASED_OUT,646.61,7,7
TURF-LOPE-1500-F,Perennial Ryegrass Seed Blend - 1500 ft²,PHASED_OUT,646.15,5,5
PB-SATDC-0.5-A,South-Atlantic Transitional Dairy Cow Forage Mix - 1/2 Acre,PHASED_OUT,645.36,5,7
PG-SOSU-10-LB,Sudangrass - 10 lbs,PHASED_OUT,643.5,14,17
PG-TRFR-1-LB,Strawberry Clover - 1 lbs,PHASED_OUT,640.63,31,52
PB-SWTAL-0.5-A,Southwest Transitional Alpaca/Llama Forage Mix - 1/2 Acre,PHASED_OUT,633.69,7,7
PB-IWHB,Intermountain West Honey Bee Pasture Mix - 1000 ft²,PHASED_OUT,625.96,14,18
PG-LOCO-50-LB,Birdsfoot Trefoil - 50 lbs,PHASED_OUT,625.0,1,1
PB-IWHB-2.5-A,Intermountain West Honey Bee Pasture Mix - 2.5 Acres,PHASED_OUT,624.23,2,2
W-ACLA-0.25-LB-OLD,"Western Yarrow - 0.25lbs, Native Variety",PHASED_OUT,623.86,19,20
PB-GPP,Great Plains Pollinator Mix - 500 ft²,PHASED_OUT,618.65,11,11
PB-SWDD-0.5-A,Southwest Desert Dryland Pasture Mix - 1/2 Acre,PHASED_OUT,616.5,2,2
PB-SWTPB-2000-F,Southwest Transitional Poultry Forage Mix - 2000 ft²,PHASED_OUT,614.71,19,22
PB-IWS,Intermountain West Sheep Forage Mix - 1 Acre,PHASED_OUT,614.68,1,4
PG-SOBI-10-LB,Grain Sorghum - 10 lbs,PHASED_OUT,606.5,13,16
PB-GPH-0.5-A,Great Plains Horse Forage Mix - 1/2 Acre,PHASED_OUT,605.96,4,6
PB-SWTBC-50-LB,Southwest Transitional Beef Cattle Forage Mix - 2.5 Acres,PHASED_OUT,601.15,2,2
PG-TRWI-N-1-LB,"Tomcat Clover - 1 lb, Northern California",PHASED_OUT,600.1,4,4
PG-ANGE-50-LB,Big Bluestem - 50 lbs,PHASED_OUT,600.0,1,1
CV-BGEC-10-LB-OLD,Big Four Native Erosion Control Mix,PHASED_OUT,599.97,3,3
LLWB-SW,Sun &amp; Shade Wildflower Mix - 2000 ft²,PHASED_OUT,599.88,11,12
WB-RM-1-LB-OLD,Rocky Mountain Wildflower Mix - 1 lb,PHASED_OUT,594.87,8,13
PG-POSA-10-LB,Sandberg Bluegrass - 10 lbs,PHASED_OUT,592.11,3,3
PG-SONU-1-LB,Indiangrass - 1 lb,PHASED_OUT,589.93,18,25
PB-MWD-2.5-A,Mid-West/Mid-Atlantic Dryland Pasture Mix - 2.5 Acres,PHASED_OUT,589.0,1,2
WB-MW-500-F,Midwest Wildflower Mix - 500 ft²,PHASED_OUT,588.4,34,35
PG-LOMU-25-LB,Annual Ryegrass - 25 lbs,PHASED_OUT,588.33,9,9
PG-RASA-25-LB,Forage Radish - 25 lbs,PHASED_OUT,586.62,7,8
W-LUDE-N-0.25-LB,Golden Lupine - 0.25lbs,PHASED_OUT,579.55,13,17
PB-SSAG-1-A,Southwest Semi-Arid Steppe Goat Forage Mix - 1 Acre,PHASED_OUT,577.92,3,3
PG-RASA-10-LB,Forage Radish - 10 lbs,PHASED_OUT,576.64,15,15
PG-MEAL-10-LB,White Sweet Clover - 10 lbs,PHASED_OUT,573.52,8,8
PB-PNWEC-50-LB,Intermountain West Erosion Control Mix - 2.5 Acres,PHASED_OUT,569.9,2,2
PG-TRIN,Crimson Clover Seed - 1 lb,ACTIVE,567.57,12,33
PG-ELJU,Russian Wildrye - 50 lbs,PHASED_OUT,566.05,1,1
PG-VIUN,Cowpeas - 10 lbs,PHASED_OUT,564.58,11,13
PG-FEAR-50-LB,Arizona Fescue - 50 lbs,PHASED_OUT,562.5,1,1
PG-AGSM-1-LB,Western Wheatgrass - 1 lb,PHASED_OUT,562.3,15,39
PG-AVSA-10-LB,Oats - 10 lbs,PHASED_OUT,561.13,18,27
TURF-FINE-5-LB-OLD,Fine Fescue Turf Blend,PHASED_OUT,559.86,7,14
W-ASTU-0.25-LB,Butterfly Milkweed - 0.25lbs,PHASED_OUT,558.61,3,3
PB-IWWFR,Intermountain West Wildfire Resistant Mix - 1 Acre,PHASED_OUT,554.14,1,1
PB-SWDHB,Southwest Desert Honey Bee Pasture Mix - 2.5 Acres,PHASED_OUT,552.62,7,9
PG-LATR-1-LB,Creosote Bush - 1 lb,PHASED_OUT,552.49,6,10
PB-IWEC,Intermountain West Erosion Control Mix - 1 Acre,PHASED_OUT,551.94,3,3
PG-MEAL-1-LB,White Sweet Clover - 1 lb,PHASED_OUT,551.72,30,64
WB-CALN-0.5-LB-OLD,California Native Wildflower Mix,PHASED_OUT,549.89,2,11
PB-IWUG-2.5-A,Intermountain West Upland Game Food Plot Mix - 2.5 Acres,PHASED_OUT,546.87,2,2
W-ASFA-OLD,Narrowleaf Milkweed - 1 Pack,PHASED_OUT,546.43,32,102
PB-GAME-OLD,Big Game Forage Mix,PHASED_OUT,539.94,3,6
PB-SWTAL-2.5-A,Southwest Transitional Alpaca/Llama Forage Mix - 2.5 Acres,PHASED_OUT,539.54,2,2
PG-FEAR-1-LB,Arizona Fescue - 1 lb,PHASED_OUT,539.44,16,26
TURF-SST-500-F,Southern Sports Turf Mix - 500 ft²,PHASED_OUT,537.02,4,5
W-LUAL-1-LB,Mountain Lupine - 1lbs,PHASED_OUT,531.92,3,4
TURF-LM,Low Maintenance Seed Mix - 1000 ft²,PHASED_OUT,527.97,4,6
W-LUAR-0.25-LB,Arizona Lupine - 0.25lbs,PHASED_OUT,523.71,10,14
W-NEME-0.25-LB,Baby Blue Eyes - 0.25lbs,PHASED_OUT,521.12,20,22
2750AL-A,Shoulder Strap Broadcast Seed Spreader,ACTIVE,519.38,6,6
PB-GPB-0.5-A,Great Plains Bison Forage Mix - 1/2 Acre,PHASED_OUT,510.48,1,7
PG-FEAR-10-LB,Arizona Fescue - 10 lbs,PHASED_OUT,508.76,2,3
PB-SATD-0.5-A,South-Atlantic Transitional Dryland Pasture Mix - 1/2 Acre,PHASED_OUT,508.53,4,6
PB-PPT-1-LB,Pretty Prairie Tallgrass Mix - 1 lb,PHASED_OUT,506.59,10,18
PG-LEST-10-LB,Common Lespedeza - 10 lbs,PHASED_OUT,498.31,6,7
PB-FTHB-1-A,Florida Tropics Honey Bee Pasture Mix - 1 Acre,PHASED_OUT,492.17,3,3
PG-POPR-1-LB-OLD,Kentucky Bluegrass - 1 lb,PHASED_OUT,489.18,25,73
PB-SSAG-0.5-A,Southwest Semi-Arid Steppe Goat Forage Mix - 1/2 Acre,PHASED_OUT,486.46,4,4
S-FELO-10-LB,Hard Fescue Grass - 10 lbs,PHASED_OUT,486.17,7,7
WB-NW-500-F,Northwest Wildflower Mix - 500 ft²,PHASED_OUT,484.72,25,32
PB-PSWBG-0.5-A,Pacific Southwest Big Game Food Plot Mix - 1/2 Acre,PHASED_OUT,483.95,4,7
PG-BRMA-10-LB,Mountain Brome - 10 lbs,PHASED_OUT,482.35,5,6
PG-AVSA-1-LB,Oats - 1 lb,PHASED_OUT,481.68,67,125
PG-PEGL2-1-LB,Hybrid Pearl Millet - 1 lb,PHASED_OUT,481.37,35,114
PB-IWUG-1-A,Intermountain West Upland Game Food Plot Mix - 1 Acre,PHASED_OUT,480.26,4,4
PG-SCSC-25-LB,Little Bluestem - 25 lbs,PHASED_OUT,480.0,2,2
PG-VIVI-50-LB,Hairy Vetch - 50 lbs,PHASED_OUT,478.69,2,2
WB-FM-500-F,Flowering Meadow Mix - 500 ft²,PHASED_OUT,474.63,14,14
W-PARH-1-LB,Shirley Poppy - 1lbs,PHASED_OUT,474.36,11,14
W-NEME-0.5-LB,Baby Blue Eyes - 0.5lbs,PHASED_OUT,470.21,9,9
PG-VIVI-10-LB,Hairy Vetch - 10 lbs,PHASED_OUT,467.88,10,10
PB-GLD-0.5-A,Great Lakes/New England Dryland Pasture Mix - 1/2 Acre,PHASED_OUT,459.54,3,4
PB-SSEC-2.5-A,Southern Subtropics Erosion Control Mix - 1/2 Acre,PHASED_OUT,458.05,4,5
PG-LIUS,Common Flax - 1 lbs,PHASED_OUT,452.51,54,99
PB-SSPB-1000-F,Southern Subtropics Poultry Forage Mix - 1000 ft²,PHASED_OUT,451.53,23,24
PB-MWP-500-F,Mid-West/Mid-Atlantic Pollinator Mix - 500 ft²,PHASED_OUT,448.96,12,12
PG-LIUS-10-LB,Common Flax - 10 lbs,PHASED_OUT,447.13,12,12
PG-BRBI-1-LB,Meadow Brome - 1 lb,PHASED_OUT,446.96,21,51
PG-SIHY-10-LB,Bottlebrush Squirreltail - 10 lbs,PHASED_OUT,444.06,2,2
W-MOFI-0.25-LB,Wild Bergamot - 0.25lbs,PHASED_OUT,442.22,14,14
PB-MWD-1-A,Mid-West/Mid-Atlantic Dryland Pasture Mix - 1 Acre,PHASED_OUT,441.9,3,3
PB-GLUG,Great Lakes/New England Upland Game Food Plot Mix - 1 Acre,PHASED_OUT,439.76,3,3
PG-LOPE-1-LB-OLD,Perennial Ryegrass - 1 lb,PHASED_OUT,439.59,35,74
PG-DECA-1-LB,Tufted Hairgrass - 1 lb,PHASED_OUT,438.8,10,12
PG-TRAR-10-LB,Wheat - 10 lbs,PHASED_OUT,432.76,15,20
PB-FTH-0.5-A,Florida Tropics Horse Forage Mix - 1/2 Acre,PHASED_OUT,432.5,2,2
PG-POPR-25-LB-OLD,Kentucky Bluegrass - 25 lbs,PHASED_OUT,432.45,3,3
W-ECPU-0.25-LB,Purple Coneflower - 0.25lbs,PHASED_OUT,431.48,25,27
W-ESMA-1-LB-OLD,Coastal California Poppy - 1lbs,PHASED_OUT,431.3,2,2
WB-NE-500-F,Northeast Wildflower Mix - 500 ft²,PHASED_OUT,431.02,21,24
PB-SATBC,South-Atlantic Transitional Beef Cattle Forage Mix - 1/2 Acre,PHASED_OUT,429.25,3,3
PB-GPPB-500-F,Great Plains Poultry Forage Mix - 500 ft²,PHASED_OUT,427.08,21,30
PB-SATH-0.5-A,South-Atlantic Transitional Horse Forage Mix - 1/2 Acre,PHASED_OUT,424.46,3,4
TURF-WS-2000-F,TWCA Water-Wise Shade Mix - 2000 ft²,PHASED_OUT,422.8,5,5
W-LIMA-0.25-LB,Baby Snapdragon - 0.25lbs,PHASED_OUT,422.77,29,30
PB-SWDBG,Southwest Desert Big Game Food Plot Mix - 1 Acre,PHASED_OUT,420.0,3,3
PB-SWTBC,Southwest Transitional Beef Cattle Forage Mix - 1 Acre,PHASED_OUT,415.56,3,4
PG-VIVI-1-LB,Hairy Vetch - 1 lb,PHASED_OUT,413.96,40,78
W-COBI,Garden Cosmos - 1 Pack,PHASED_OUT,412.68,27,55
PG-CHIN-50-LB,Forage Chicory - 50 lbs,PHASED_OUT,412.5,1,1
PG-ELJU-10-LB,Russian Wildrye - 10 lbs,PHASED_OUT,412.49,3,3
PB-GLBG-1-A,Great Lakes/New England Big Game Food Plot Mix - 1 Acre,PHASED_OUT,412.35,3,3
PB-GLP,Great Lakes/New England Pollinator Mix - 1000 ft²,PHASED_OUT,412.24,5,5
PG-BUCK-10-LB-OLD,Common Buckwheat - 10 lbs,PHASED_OUT,411.0,13,16
PB-COSS-1-LB-OLD,Coastal Sage Scrub Mix - 1 lbs,PHASED_OUT,410.96,2,4
-OLD,Sheep Fescue Grass,PHASED_OUT,409.92,5,9
PG-VIUN-50-LB,Cowpeas - 50 lbs,PHASED_OUT,408.74,2,2
PG-SAMI-10-LB,Small Burnet - 10 lbs,PHASED_OUT,408.53,8,9
W-ASOB,Aromatic Aster - 0.25lbs,PHASED_OUT,408.5,4,4
PB-SWDHB-5000-F,Southwest Desert Honey Bee Pasture Mix - 5000 ft²,PHASED_OUT,405.87,9,9
PG-RASA-1-LB,Forage Radish - 1 lb,PHASED_OUT,405.69,60,94
PG-PANO-10-LB-OLD,Bahia Grass - 10 lbs,PHASED_OUT,400.76,3,3
TURF-LOPE,Perennial Ryegrass Seed Blend - 5 lbs,PHASED_OUT,399.92,5,8
ID:184549,White Clover Seeds - 5 lbs,PHASED_OUT,399.92,8,8
S-FERU-50-LB,"Red Fescue Grass - 50 lbs, Native Variety",PHASED_OUT,397.13,1,1
PG-AGRI-1-LB,Streambank Wheatgrass - 1 lb,PHASED_OUT,393.78,10,24
W-ORPU-0.25-LB,Owl’s Clover - 0.25lbs,PHASED_OUT,390.64,3,4
W-PEPU-1-LB,Purple Prairie Clover - 1lbs,PHASED_OUT,390.27,11,13
WB-AN-OLD,Annual Wildflower Mix - 0.5 lb,PHASED_OUT,389.87,6,13
WB-RM-OLD,Rocky Mountain Wildflower Mix - 0.5 lb,PHASED_OUT,389.87,7,13
TURF-WT-1000-F,TWCA Water-Wise Tall Fescue Blend - 1000 ft²,PHASED_OUT,388.6,2,3
W-LUSU-N-1-LB-OLD,Arroyo Lupine - 1lbs,PHASED_OUT,388.21,8,9
PB-SSABG-0.5-A,Southwest Semi-Arid Steppe Big Game Food Plot Mix - 1/2 Acre,PHASED_OUT,387.8,3,5
WB-BFP-2000-F,Butterfly Pollinator Mix - 2000 ft²,PHASED_OUT,387.43,7,8
PG-FEAR2-5-LB-OLD,Tall Fescue,PHASED_OUT,384.89,4,11
PB-PSWHB-10-LB,Pacific Southwest Honey Bee Pasture Mix - 10 lbs,PHASED_OUT,384.47,4,5
PG-ELCA-10-LB,Canada Wildrye - 10 lbs,PHASED_OUT,384.25,3,3
PB-MWHB-1000-F,Mid-West/Mid-Atlantic Honey Bee Pasture Mix - 1000 ft²,PHASED_OUT,383.5,11,20
PB-SWDDC-1-A,Southwest Desert Dairy Cow Forage Mix - 1 Acre,PHASED_OUT,380.14,2,2
CV-NEC-10-LB-OLD,Native Dryland & Erosion Control Mix,PHASED_OUT,379.96,4,4
PB-SATHB-2.5-A,South-Atlantic Transitional Honey Bee Pasture Mix - 2.5 Acres,PHASED_OUT,374.7,1,1
PB-GLD-1-A,Great Lakes/New England Dryland Pasture Mix - 1 Acre,PHASED_OUT,374.39,2,2
W-GAAR-1-LB,Blanket Flower - 1lbs,PHASED_OUT,368.17,6,8
PG-PEGL2-50-LB,Hybrid Pearl Millet - 50 lbs,PHASED_OUT,368.0,2,2
PB-SSAHB-1-A,Southwest Semi-Arid Steppe Honey Bee Pasture Mix - 1 Acre,PHASED_OUT,367.19,2,2
W-MOCI-1-LB,Lemon Mint - 1lbs,PHASED_OUT,366.55,2,2
PG-MEOF-25-LB,Yellow Sweet Clover - 25 lbs,PHASED_OUT,361.99,3,6
PB-SATG,South-Atlantic Transitional Goat Forage Mix - 1/2 Acre,PHASED_OUT,361.86,3,3
PG-HOVU-10-LB,Barley - 10 lbs,PHASED_OUT,360.94,15,15
PB-GOAT-T-OLD,Transitional Goat Pasture Mix,PHASED_OUT,359.96,4,4
W-PHCA-0.25-LB,California Bluebell - 0.25lbs,PHASED_OUT,359.57,16,16
PG-MURI2-1-LB,Deergrass - 1 lbs,PHASED_OUT,358.91,1,1
PG-MEOF-10-LB,Yellow Sweet Clover - 10 lbs,PHASED_OUT,358.12,7,7
PG-AGTR,Slender Wheatgrass - 25 lbs,PHASED_OUT,355.54,2,5
PG-BRHI-50-LB,White Mustard - 50 lbs,PHASED_OUT,355.0,2,3
W-VEFA-0.25-LB,Ironweed - 0.25lbs,PHASED_OUT,353.43,2,3
PG-BRMO-10-LB,Blando Brome Grass - 10 lbs,PHASED_OUT,352.2,2,4
PG-HOBR-1-LB,"Meadow Barley - 1 lb, Native Variety",PHASED_OUT,351.18,2,6
PG-AGTR2-10-LB,Pubescent Wheatgrass - 10 lbs,PHASED_OUT,350.63,3,4
PG-BUCK-1-LB-OLD,Common Buckwheat - 1 lb,PHASED_OUT,350.55,34,52
PG-TRFR-25-LB,Strawberry Clover - 25 lbs,PHASED_OUT,350.0,2,2
W-COTI-1-LB,Plains Coreopsis - 1lbs,PHASED_OUT,343.18,8,11
W-VEHA-0.25-LB,Blue Vervain - 0.25lbs,PHASED_OUT,342.5,7,8
PG-CYDA-OLD,Common Bermudagrass - 5 lbs,PHASED_OUT,339.96,2,4
TURF-POPR-1000-F,Velvet Blue Seed Blend - 1000 ft²,PHASED_OUT,336.44,9,9
PG-TRIT-50-LB,Triticale - 50 lbs,PHASED_OUT,335.0,2,3
PB-SSAUG,Southwest Semi-Arid Steppe Upland Game Food Plot Mix - 2.5 Acres,PHASED_OUT,333.3,1,1
PB-PSWDC-0.5-A,Pacific Southwest Dairy Cow Forage Mix - 1/2 Acre,PHASED_OUT,330.6,3,4
WB-RM-0.5-LB-OLD,Rocky Mountain Wildflower Mix,PHASED_OUT,329.89,6,11
W-RUHI-0.5-LB,Black-Eyed Susan - 0.5lbs,PHASED_OUT,327.75,9,10
W-LOCA-0.25-LB,Cardinal Flower - 0.25lbs,PHASED_OUT,327.5,1,1
PB-GPBG-0.5-A,Great Plains Big Game Food Plot Mix - 1/2 Acre,PHASED_OUT,326.7,5,5
PG-TRCI-N-1-LB,"Tree Clover - 1 lb, Northern California",PHASED_OUT,326.6,2,2
TURF-PANO-2000-F,Bahia Grass Seed - 2000 ft²,PHASED_OUT,326.33,3,3
PG-SAMI,Small Burnet - 25 lbs,PHASED_OUT,324.99,3,6
TURF-WT-2000-F,TWCA Water-Wise Tall Fescue Blend - 2000 ft²,PHASED_OUT,324.14,2,2
WB-SMM-500-F,Santa Monica Mountain Cover Mix - 500 ft²,PHASED_OUT,323.66,8,9
PG-ELVI-10-LB,Virginia Wildrye - 10 lbs,PHASED_OUT,321.87,3,3
PB-PSWDC,Pacific Southwest Dairy Cow Forage Mix - 1 Acre,PHASED_OUT,321.26,2,2
TURF-W-SS-5-LB-OLD,TWCA Water-Wise Sun and Shade Mix,PHASED_OUT,319.92,3,8
W-ERSP-0.25-LB,Aspen Daisy - 0.25lbs,PHASED_OUT,319.8,4,4
W-GITR-1-LB,Bird’s Eye Gilia - 1lbs,PHASED_OUT,319.33,6,6
PG-ERFA-10-LB,California Buckwheat - 10 lbs,PHASED_OUT,317.75,1,1
S-MICRO-1-LB-OLD,Micro Clover Seed,PHASED_OUT,314.93,5,7
PG-VUMI-N-1-LB,"Small Fescue - 1 lb, Northern California",PHASED_OUT,314.26,5,8
W-LUPE-0.25-LB,Wild Lupine - 0.25lbs,PHASED_OUT,312.0,18,18
PB-GPAL-0.5-A,Great Plains Alpaca/Llama Forage Mix - 1/2 Acre,PHASED_OUT,311.24,3,3
PG-ATLE-1-LB,Quailbush - 1 lb,PHASED_OUT,310.97,12,14
TURF-W-TALL-5-LB-OLD,TWCA Water-Wise Triple-Play Tall Fescue Blend,PHASED_OUT,309.92,3,8
PG-TRAR-50-LB,Wheat - 50 lbs,PHASED_OUT,307.0,2,4
W-LIMA-1-LB,Baby Snapdragon - 1lbs,PHASED_OUT,305.36,6,9
PG-FEID-N-1-LB,"Idaho Fescue - 1 lb, Northern California",PHASED_OUT,303.76,1,2
PG-MEAL-50-LB,White Sweet Clover - 50 lbs,PHASED_OUT,302.81,1,1
PG-SPCR-10-LB,Sand Dropseed - 10 lbs,PHASED_OUT,302.5,3,3
PG-CALO-10-LB,Prairie Sand Reed - 10 lbs,PHASED_OUT,302.06,2,2
PB-SATUG,South-Atlantic Transitional Upland Game Food Plot Mix - 1 Acre,PHASED_OUT,301.5,2,2
W-ENFA-0.25-LB-OLD,Brittlebush - 0.25lbs,PHASED_OUT,300.49,14,22
PB-SWTPB-2.5-A,Southwest Transitional Poultry Forage Mix - 2.5 Acres,PHASED_OUT,298.09,1,1
PB-PNWB-1-A,Pacific Northwest Bison Forage Mix - 1 Acre,PHASED_OUT,298.07,2,2
PB-GPEC,Great Plains Erosion Control Mix - 1 Acre,PHASED_OUT,298.04,2,2
PB-SWTBG-0.5-A,Southwest Transitional Big Game Food Plot Mix - 1/2 Acre,PHASED_OUT,295.92,2,5
W-RUHI-0.25-LB,Black-Eyed Susan - 0.25lbs,PHASED_OUT,294.0,17,19
PG-ARCA2-1-LB,California Sagebrush - 1 lb,PHASED_OUT,293.79,4,4
PG-AGDE-1-LB,Crested Wheatgrass - 1 lb,PHASED_OUT,292.8,15,45
W-HEMO-0.25-LB,Ashy Sunflower - 0.25lbs,PHASED_OUT,291.92,3,3
W-PEEA-0.25-LB,Firecracker Penstemon - 0.25lbs,PHASED_OUT,289.7,4,4
PB-GPD,Great Plains Dryland Pasture Mix - 1/2 Acre,PHASED_OUT,286.47,2,2
W-ECPU-1-LB,Purple Coneflower - 1lbs,PHASED_OUT,286.44,6,8
W-ASTU-0.5-LB,Butterfly Milkweed - 0.5lbs,PHASED_OUT,283.86,1,1
PB-GPHB,Great Plains Honey Bee Pasture Mix - 2000 ft²,PHASED_OUT,283.21,13,19
W-GAAR-0.25-LB,Blanket Flower - 0.25lbs,PHASED_OUT,281.29,15,16
PG-ELCI-1-LB,Basin Wildrye - 1 lb,PHASED_OUT,281.29,10,15
PG-AGIN-10-LB,Intermediate Wheatgrass - 10 lbs,PHASED_OUT,281.2,3,6
PG-BUCK-OLD,Common Buckwheat - 5 lbs,PHASED_OUT,279.93,4,7
PB-SWDEC-0.5-A,Southwest Desert Erosion Control Mix - 1/2 Acre,PHASED_OUT,279.07,3,4
TURF-PANO-5000-F,Bahia Grass Seed - 5000 ft²,PHASED_OUT,278.64,1,1
PG-TEFF,Teff Grass (Coated) - 10 lbs,PHASED_OUT,277.52,2,4
PG-HOVU-50-LB,Barley - 50 lbs,PHASED_OUT,276.25,2,3
PG-ELGL,"Blue Wildrye - 1 lb, Native Variety",PHASED_OUT,275.7,4,7
PG-ONVI-1-LB,Sainfoin - 1 lb,PHASED_OUT,274.73,23,60
PB-PNWHB,Pacific Northwest Honey Bee Pasture Mix - 500 ft²,PHASED_OUT,273.2,12,12
S-FELO-50-LB,Hard Fescue Grass - 50 lbs,PHASED_OUT,270.94,1,1
W-PARH-0.25-LB,Shirley Poppy - 0.25lbs,PHASED_OUT,269.64,20,22
PG-SECE-10-LB-OLD,Cereal Rye Seed - 10 lbs,PHASED_OUT,268.5,9,10
W-DISI-0.25-LB,African Daisy - 0.25lbs,PHASED_OUT,268.46,10,11
PB-SWDHB-1000-F,Southwest Desert Honey Bee Pasture Mix - 1000 ft²,PHASED_OUT,267.83,14,17
W-LUSU-N-0.25-LB-OLD,Arroyo Lupine - 0.25lbs,PHASED_OUT,267.69,10,11
PG-HODE2-S-1-LB,"Alkali Barley - 1 lb, Southern California",PHASED_OUT,267.5,2,3
WB-SF-2000-F,Spring Fever Wildflower Mix - 2000 ft²,PHASED_OUT,265.95,5,6
PB-SWTD,Southwest Transitional Dryland Pasture Mix - 1/2 Acre,PHASED_OUT,263.76,2,2
PG-MEOF-1-LB,Yellow Sweet Clover - 1 lb,PHASED_OUT,262.51,29,41
TURF-BR-2000-F-OLD,Kentucky Bluegrass Seed: Blue Ribbon Mix - 2000 ft²,PHASED_OUT,261.51,3,3
PG-BRRA,Purple Top Turnips - 1 lb,PHASED_OUT,260.66,9,12
PG-SECE-25-LB-OLD,Cereal Rye Seed - 25 lbs,PHASED_OUT,260.0,4,4
W-CECY-1-LB,Bachelor Button - 1lbs,PHASED_OUT,259.89,13,18
PG-SPCR-1-LB,Sand Dropseed - 1 lb,PHASED_OUT,258.83,11,20
PG-AGRI-25-LB,Streambank Wheatgrass - 25 lbs,PHASED_OUT,258.33,1,1
W-BAAU-0.25-LB,Blue False Indigo - 0.25lbs,PHASED_OUT,255.72,3,3
PG-AGDA-10-LBS,Thickspike Wheatgrass - 10 lbs,PHASED_OUT,253.68,11,14
W-GITR-0.25-LB,Bird’s Eye Gilia - 0.25lbs,PHASED_OUT,251.87,12,12
PB-PSWHB-50-LB,Pacific Southwest Honey Bee Pasture Mix - 50 lbs,PHASED_OUT,251.35,1,1
W-GRST3-N-1-LB,Coastal Gumweed - 1lbs,PHASED_OUT,250.0,1,1
TURF-W-NEAST-5-LB-OLD,TWCA Water-Wise Northeast Mix,PHASED_OUT,249.95,3,5
WB-XCCP-1-LB,Xerces Central Coast Pollinator Mix - 1 lbs,PHASED_OUT,247.49,2,2
PG-POSA-1-LB,Sandberg Bluegrass - 1 lb,PHASED_OUT,247.17,10,13
TURF-WBB-6-LB,TWCA Water-Wise Bluegrass Blend - 6 LBS,PHASED_OUT,245.5,2,3
W-HILA6,Woolly Rose Mallow - 50 Pack,PHASED_OUT,244.68,8,10
PG-HOVU-25-LB,Barley - 25 lbs,PHASED_OUT,244.42,6,7
PB-SWTDC-0.5-A,Southwest Transitional Dairy Cow Forage Mix - 1/2 Acre,PHASED_OUT,243.45,3,3
PB-IWHB-500-F,Intermountain West Honey Bee Pasture Mix - 500 ft²,PHASED_OUT,243.13,15,21
PG-ELGL-N-1-LB,"Blue Wildrye - 1 lb, Northern California",PHASED_OUT,242.76,5,7
W-LUSU-OLD,Arroyo Lupine - 1 Pack,PHASED_OUT,241.37,39,67
WB-BEP-1000-F,Western Native Pollinator Wildflower Mix - 1000 ft²,PHASED_OUT,240.54,8,8
S-TACKI-50-LB-OLD,M-Binder Tackifier - Soil Stabilizer 50lbs,PHASED_OUT,239.98,1,2
TURF-CYDA,Bermuda Grass Seed Mix - 5 lbs,PHASED_OUT,239.98,2,2
PG-SIJU-N-1-LB,Big Squirreltail - 1 lb,PHASED_OUT,238.68,2,2
PG-LOMU-10-LB,Annual Ryegrass - 10 lbs,PHASED_OUT,237.76,8,8
PB-SSAUG-0.5-A,Southwest Semi-Arid Steppe Upland Game Food Plot Mix - 1/2 Acre,PHASED_OUT,235.92,3,3
W-PHCR-1-LB,Desert Bluebells - 1lbs,PHASED_OUT,234.85,4,7
PB-SWTPB,Southwest Transitional Poultry Forage Mix - 5000 ft²,PHASED_OUT,234.78,2,2
TURF-WBB-2-LB,TWCA Water-Wise Bluegrass Blend - 2 LBS,PHASED_OUT,234.7,4,8
W-SIBE-OLD,Blue-Eyed Grass - 1 Pack,PHASED_OUT,232.12,14,44
PB-SATP,South-Atlantic Transitional Pollinator Mix - 1000 ft²,PHASED_OUT,231.14,5,5
PG-VISA-10-LB,Common Vetch - 10 lbs,PHASED_OUT,231.1,2,2
TURF-NFF-2000-F-OLD,Native Fine Fescue Mix - 2000 ft²,PHASED_OUT,230.72,1,1
PB-GPBC-0.5-A,Great Plains Beef Cattle Forage Mix - 1/2 Acre,PHASED_OUT,230.26,2,2
W-HEBO-1-LB,Utah Sweetvetch - 1lbs,PHASED_OUT,230.1,3,3
PG-TRIT-10-LB,Triticale - 10 lbs,PHASED_OUT,229.98,4,8
WB-FM-1000-F,Flowering Meadow Mix - 1000 ft²,PHASED_OUT,229.97,4,4
PB-GLHB,Great Lakes/New England Honey Bee Pasture Mix - 1 Acre,PHASED_OUT,229.74,2,2
PB-SWTAL,Southwest Transitional Alpaca/Llama Forage Mix - 1 Acre,PHASED_OUT,229.59,1,1
PG-LASA-10-LB,Chickling Vetch - 10 lbs,PHASED_OUT,229.35,5,5
PG-BRCA-N-1-LB,California Brome Grass - 1 lb,PHASED_OUT,226.75,3,8
PG-LEST-50-LB,Common Lespedeza - 50 lbs,PHASED_OUT,222.56,1,1
W-LUSP-1-LB,Desert Lupine - 1lbs,PHASED_OUT,222.25,2,2
S-MICRO-5000-F-OLD,Micro Clover Seed - 5000 ft²,PHASED_OUT,218.75,1,1
TURF-PANO-1000-F,Bahia Grass Seed - 1000 ft²,PHASED_OUT,217.53,2,3
PG-BRMA-1-LB,Mountain Brome - 1 lb,PHASED_OUT,214.71,8,20
PB-GPBG-1-A,Great Plains Big Game Food Plot Mix - 1 Acre,PHASED_OUT,214.17,2,2
W-LACA-0.25-LB,California Goldfields - 0.25lbs,PHASED_OUT,213.69,5,5
PG-NACE-1-LB,Nodding Needlegrass - 1 lb,PHASED_OUT,212.46,2,3
TURF-SST-1000-F,Southern Sports Turf Mix - 1000 ft²,PHASED_OUT,211.88,1,1
W-ASOB-1-LB,Aromatic Aster - 1lbs,PHASED_OUT,211.32,1,1
TURF-SST-1500-F,Southern Sports Turf Mix - 1500 ft²,PHASED_OUT,211.19,1,1
PB-MWPB-5000-F,Mid-West/Mid-Atlantic Poultry Forage Mix - 5000 ft²,PHASED_OUT,209.93,6,7
PB-SWDEC-2.5-A,Southwest Desert Erosion Control Mix - 2.5 Acres,PHASED_OUT,209.35,1,1
PG-AGDE-50-LB,Crested Wheatgrass - 50 lbs,PHASED_OUT,208.5,1,1
W-COHE-1-LB,Chinese Houses - 1lbs,PHASED_OUT,207.57,5,5
W-ROAR-1-LB,Arkansas Rose - 1lbs,PHASED_OUT,204.06,1,1
PG-ASCI,Cicer Milkvetch - 10 lbs,PHASED_OUT,202.5,1,2
W-DISI-1-LB,African Daisy - 1lbs,PHASED_OUT,202.04,4,4
W-MOCI-0.25-LB,Lemon Mint - 0.25lbs,PHASED_OUT,201.63,4,4
TURF-WSHD,TWCA Water-Wise Shade Mix,ACTIVE,199.95,4,5
W-LOSC2-0.25-LB,Deerweed - 0.25lbs,PHASED_OUT,199.22,7,8
W-DIBA-1-LB,Sweet William - 1lbs,PHASED_OUT,198.33,4,4
W-ROAR-0.25-LB,Arkansas Rose - 0.25lbs,PHASED_OUT,197.45,2,3
W-NEMA-0.5-LB,Five Spot - 0.5lbs,PHASED_OUT,195.81,4,4
PG-ATLE-10-LB,Quailbush - 10 lbs,PHASED_OUT,193.17,1,1
W-GYEL-1-LB,Baby’s Breath - 1lbs,PHASED_OUT,191.0,13,16
PB-SWDG-2.5-A,Southwest Desert Goat Forage Mix - 2.5 Acres,PHASED_OUT,189.99,1,1
W-ZIAU-0.25-LB,Golden Alexander - 0.25lbs,PHASED_OUT,189.94,5,6
W-DIBA-0.25-LB,Sweet William - 0.25lbs,PHASED_OUT,189.28,8,8
W-HILA6-N-0.25-LB,Woolly Rose Mallow - 0.25lbs,PHASED_OUT,189.27,3,3
W-PHCA-0.5-LB,California Bluebell - 0.5lbs,PHASED_OUT,188.24,6,6
PG-AGSM-25-LB,Western Wheatgrass - 25 lbs,PHASED_OUT,187.5,1,1
PG-TRAR-1-LB,Wheat - 1 lb,PHASED_OUT,186.94,23,59
WB-SW-500-F,Southwest Wildflower Mix - 500 ft²,PHASED_OUT,185.52,10,11
PG-MEIM-1-LB,Coast Range Melic - 1 lb,PHASED_OUT,182.84,2,2
W-LAOD-1-LB,Sweet Pea - 1lbs,PHASED_OUT,182.53,6,6
W-LODI,Fernleaf Biscuitroot - 0.5lbs,PHASED_OUT,181.86,6,21
PG-TRHI-50-LB,Hykon Rose Clover - 50 lbs,PHASED_OUT,181.13,1,1
PB-MWUG-2.5-A,Mid-West/Mid-Atlantic Upland Game Food Plot Mix - 2.5 Acres,PHASED_OUT,180.02,1,1
PB-COW-SO-10-LB-OLD,Southern Dairy Cow & Cattle Forage Mix,PHASED_OUT,179.98,1,2
PB-COW-NTR-OLD,Northern/Transitional Dairy Cow & Cattle Pasture Mix,PHASED_OUT,179.98,1,2
TURF-SS-1000-F,Sun and Shade Grass Seed Mix - 1000 ft²,PHASED_OUT,179.01,3,3
PB-GPB,Great Plains Bison Forage Mix - 1 Acre,PHASED_OUT,178.91,1,1
WB-BFP-1000-F,Butterfly Pollinator Mix - 1000 ft²,PHASED_OUT,178.06,6,6
W-TROH-0.25-LB,Ohio Spiderwort - 0.25lbs,PHASED_OUT,177.81,1,1
W-RUHI-1-LB,Black-Eyed Susan - 1lbs,PHASED_OUT,176.98,4,4
W-LILE-0.25-LB,Lewis Blue Flax - 0.25lbs,PHASED_OUT,175.0,4,5
W-LOSC2-1-LB,Deerweed - 1lbs,PHASED_OUT,172.59,2,2
PG-LEST,Common Lespedeza - 1 lb,PHASED_OUT,172.31,11,17
W-ASTU,Butterfly Milkweed - 1 Pack,PHASED_OUT,172.05,26,61
W-IRMI-1-LB,Rocky Mountain Iris - 1lbs,PHASED_OUT,171.14,5,5
W-LUPE-1-LB,Wild Lupine - 1lbs,PHASED_OUT,170.28,4,4
TURF-W-BLUE-5-LB-OLD,TWCA Water-Wise Bluegrass Blend,PHASED_OUT,169.98,2,2
W-ESMA-0.25-LB-OLD,Coastal California Poppy - 0.25lbs,PHASED_OUT,169.96,2,2
PB-MWP-5000-F,Mid-West/Mid-Atlantic Pollinator Mix - 5000 ft²,PHASED_OUT,169.82,1,1
W-ASLA-0.25-LB,Smooth Aster - 0.25lbs,PHASED_OUT,168.63,2,2
PB-SWDBG-10-LB,Southwest Desert Big Game Food Plot Mix - 1/2 Acre,PHASED_OUT,167.92,2,3
PG-SECE-1-LB-OLD,Cereal Rye Seed - 1 lb,PHASED_OUT,167.51,16,43
PG-KOPR-1-LB,Forage Kochia - 1 lb,PHASED_OUT,166.96,4,8
PG-BRBI-25-LB,Meadow Brome - 25 lbs,PHASED_OUT,165.55,1,1
PG-PAMI-10-LB,White Proso Millet - 10 lbs,PHASED_OUT,165.52,5,7
W-CLSE-0.25-LB,Rocky Mountain Beeplant - 0.25lbs,PHASED_OUT,163.66,10,10
S-FERUC,Chewings Fescue Grass - 25 lbs,PHASED_OUT,163.19,4,9
W-RAPI-0.25-LB,Grayhead Prairie Coneflower - 0.25lbs,PHASED_OUT,162.98,8,8
PG-PEAS-1-LB,Field Pea - 1 lb,PHASED_OUT,161.17,29,35
W-LOMA,Sweet Alyssum - 1lbs,PHASED_OUT,161.12,3,5
PG-RASA-50-LB,Forage Radish - 50 lbs,PHASED_OUT,160.0,1,1
W-LUBI-0.25-LB-OLD,"Miniature Lupine - 0.25lbs, Southern California",PHASED_OUT,158.8,4,4
PG-AGTR-1-LB,Slender Wheatgrass - 1 lb,PHASED_OUT,158.75,13,20
PG-KOPR-10-LB,Forage Kochia - 10 lbs,PHASED_OUT,157.5,1,1
PG-ATPO-1-LB,Cattle Spinach - 1 lb,PHASED_OUT,156.5,5,5
PB-PNWHB-20-LB,Pacific Northwest Honey Bee Pasture Mix - 1 Acre,PHASED_OUT,156.0,1,1
W-SPMU,Munro Globemallow - 50 Pack,PHASED_OUT,155.5,7,10
PG-PHAR,Reed Canarygrass - 10 lbs,PHASED_OUT,155.0,1,1
W-SPAM-0.5-LB,Desert Globemallow - 0.5lbs,PHASED_OUT,152.73,1,2
W-CLPU2-N-1-LB,Purple Clarkia - 1lbs,PHASED_OUT,152.5,1,1
WB-SF-500-F,Spring Fever Wildflower Mix - 500 ft²,PHASED_OUT,150.85,8,9
W-CHMA-0.5-LB,Shasta Daisy - 0.5lbs,PHASED_OUT,150.13,4,5
TURF-W-RYE-5-LB-OLD,Perennial Ryegrass Seed Blend,PHASED_OUT,149.97,2,3
TURF-BR-5-LB-OLD,TWCA Water-Wise Blue Ribbon Mix,PHASED_OUT,149.97,3,3
WB-CCN-OLD,California Coastal Native Wildflower Mix - 0.5 lb,PHASED_OUT,149.97,3,3
PB-MWHB-500-F,Mid-West/Mid-Atlantic Honey Bee Pasture Mix - 500 ft²,PHASED_OUT,149.47,8,12
W-DIAUA-1-LB-OLD,Monkeyflower - 1lbs,PHASED_OUT,149.26,2,2
W-PHCA-1-LB,California Bluebell - 1lbs,PHASED_OUT,146.48,3,4
W-LUNA-N-0.25-LB,Sky Lupine - 0.25lbs,PHASED_OUT,145.05,5,5
W-MOFI-1-LB,Wild Bergamot - 1lbs,PHASED_OUT,144.35,2,2
TURF-SS-500-F,Sun and Shade Grass Seed Mix - 500 ft²,PHASED_OUT,143.75,3,5
W-CHMA-0.25-LB,Shasta Daisy - 0.25lbs,PHASED_OUT,143.14,6,6
S-FELO-1-LB,Hard Fescue Grass - 1 lbs,PHASED_OUT,140.0,7,18
W-COTI-0.25-LB,Plains Coreopsis - 0.25lbs,PHASED_OUT,139.35,10,10
PG-BRIN-1-LB,Smooth Brome - 1 lb,PHASED_OUT,139.21,8,19
W-ACMI-0.25-LB,"Western Yarrow - 0.25lbs, Northern California",PHASED_OUT,138.98,2,2
W-LACA,California Goldfields - 1 Pack,PHASED_OUT,138.01,23,37
PG-SOBI-1-LB,Grain Sorghum - 1 lbs,PHASED_OUT,137.42,14,32
WB-SE-500-F,Southeast Wildflower Mix - 500 ft²,PHASED_OUT,137.16,6,9
W-PEPA-0.25-LB,Palmer's Penstemon - 0.25lbs,PHASED_OUT,136.81,4,4
PG-ASCA-1-LB,Canada Milkvetch - 1 lb,PHASED_OUT,134.61,4,4
W-NEMA-0.25-LB,Five Spot - 0.25lbs,PHASED_OUT,132.73,4,5
PG-PHAR-1-LB,Reed Canarygrass - 1 lb,PHASED_OUT,132.37,3,7
PG-LOMU-1-LB,Annual Ryegrass - 1 lb,PHASED_OUT,132.14,22,41
W-ENCA-0.5-LB-OLD,California Bush Sunflower - 0.5lbs,PHASED_OUT,132.07,2,2
W-LILE-1-LB,Lewis Blue Flax - 1lbs,PHASED_OUT,131.25,1,1
W-MOPU-0.25-LB,Dotted Mint - 0.25lbs,PHASED_OUT,129.99,1,1
W-ENCA-0.25-LB-OLD,California Bush Sunflower - 0.25lbs,PHASED_OUT,127.65,3,3
W-DIPU-0.5-LB,Purple Foxglove - 0.5lbs,PHASED_OUT,127.41,2,2
W-PECA-0.25-LB,White Prairie Clover - 0.25lbs,PHASED_OUT,127.31,4,5
W-ACLA-0.5-LB-OLD,"Western Yarrow - 0.5lbs, Native Variety",PHASED_OUT,125.8,2,2
W-ESCA-0.5-LB-OLD,California Poppy,PHASED_OUT,125.75,2,3
W-COBI-1-LB,Garden Cosmos - 1lbs,PHASED_OUT,125.6,5,5
PG-PLER-N-1-LB,"Dotseed Plantain - 1 lb, Northern California",PHASED_OUT,124.56,1,1
PB-MWP,Mid-West/Mid-Atlantic Pollinator Mix - 2000 ft²,PHASED_OUT,124.15,1,1
W-PEPA-1-LB,Palmer's Penstemon - 1lbs,PHASED_OUT,123.11,1,1
PG-AGDA-10-LB,Thickspike Wheatgrass - 10 lbs,PHASED_OUT,122.5,1,1
W-LUBI-1-LB-OLD,"Miniature Lupine - 1lbs, Southern California",PHASED_OUT,120.37,2,2
TURF-BERM-5-LB-OLD,Bermuda Grass Seed Blend,PHASED_OUT,119.99,1,1
WB-AN-0.5-LB-OLD,Annual Wildflower Mix,PHASED_OUT,119.96,3,4
PB-SWTPB-500-F,Southwest Transitional Poultry Forage Mix - 500 ft²,PHASED_OUT,117.81,9,9
W-VEHA-1-LB,Blue Vervain - 1lbs,PHASED_OUT,117.14,1,1
PG-BROL-1-LB,Collards - 1 lb,PHASED_OUT,116.98,13,16
PG-SAMI-1-LB,Small Burnet - 1 lb,PHASED_OUT,115.17,9,20
W-COSU-0.25-LB,Sulphur Cosmos - 0.25lbs,PHASED_OUT,114.84,10,10
PB-COSS-0.5-LB-OLD,Coastal Sage Scrub Mix - 0.5 lbs,PHASED_OUT,113.89,2,2
W-LUBI-N-1-LB-OLD,"Miniature Lupine - 1lbs, Northern California",PHASED_OUT,112.5,1,1
PB-GPUG-1-A,Great Plains Upland Game Food Plot Mix - 1 Acre,PHASED_OUT,112.0,1,1
PG-PAMI-50-LB,White Proso Millet - 50 lbs,PHASED_OUT,110.5,1,1
PG-BRHI-1-LB,White Mustard - 1 lb,PHASED_OUT,110.39,14,17
W-VIMU-0.25-LB,Showy Goldeneye - 0.25lbs,PHASED_OUT,107.6,2,2
PG-BRHI-10-LB,White Mustard - 10 lbs,PHASED_OUT,107.5,3,3
PG-BRCA4-1-LB,African Cabbage - 1 lb,PHASED_OUT,106.5,7,8
W-SORI-0.25-LB,Stiff Goldenrod - 0.25lbs,PHASED_OUT,106.5,2,2
W-AMMEI2-N-1-LB,Small-Flowered Fiddleneck - 1lbs,PHASED_OUT,105.08,2,2
PG-BRMO-1-LB,Blando Brome Grass - 1 lb,PHASED_OUT,105.05,5,12
W-HEMA2-1-LB,Maximilian Sunflower - 1lbs,PHASED_OUT,103.22,2,3
PB-PSWHB-1-LB,Pacific Southwest Honey Bee Pasture Mix - 1 lb,PHASED_OUT,102.51,4,6
W-DIAUA-0.25-LB-OLD,Monkeyflower - 0.25lbs,PHASED_OUT,101.4,4,4
W-COSU-1-LB,Sulphur Cosmos - 1lbs,PHASED_OUT,101.16,3,3
W-LUBI-OLD,"Miniature Lupine - 1 Pack, Northern California",PHASED_OUT,100.85,11,33
PB-PSWS-0.5-A,Pacific Southwest Sheep Forage Mix - 1/2 Acre,PHASED_OUT,99.99,1,1
PB-GPH-1-A,Great Plains Horse Forage Mix - 1 Acre,PHASED_OUT,99.99,1,1
W-ASFA-N-0.5-LBS-OLD,Narrowleaf Milkweed - 0.5lbs,PHASED_OUT,99.99,1,1
W-TRMA2-0.25-LB,Nasturtium Seeds - 0.25lbs,PHASED_OUT,99.95,11,12
W-NEMA-1-LB,Five Spot - 1lbs,PHASED_OUT,99.44,2,2
PB-SWTPB-1000-F,Southwest Transitional Poultry Forage Mix - 1000 ft²,PHASED_OUT,99.34,5,5
PB-SSAHB-5000-F,Southwest Semi-Arid Steppe Honey Bee Pasture Mix - 5000 ft²,PHASED_OUT,99.3,2,2
W-COHE-0.25-LB,Chinese Houses - 0.25lbs,PHASED_OUT,98.4,6,6
PG-TRHI-1-LB,Hykon Rose Clover - 1 lb,PHASED_OUT,98.23,10,16
PB-PSWBC-10-LB,Pacific Southwest Beef Cattle Forage Mix - 1/2 Acre,PHASED_OUT,98.23,1,1
W-PEPA2,Parry Penstemon - 1 Pack,PHASED_OUT,97.56,14,32
PG-AGEL-10-LB,Tall Wheatgrass - 10 lbs,PHASED_OUT,97.5,2,2
W-CECY-0.25-LB,Bachelor Button - 0.25lbs,PHASED_OUT,97.42,15,15
W-ORPU,Owl’s Clover - 1 Pack,PHASED_OUT,97.33,8,36
PG-TRRE-5-LB-OLD,White Clover Seeds,PHASED_OUT,94.98,2,2
W-GAAR,Blanket Flower - 1 Pack,PHASED_OUT,94.46,17,31
W-TRMA2-1-LB,Nasturtium Seeds - 1lbs,PHASED_OUT,93.96,5,6
WB-SD-1000-F,Sonoran Desert Wildflower Mix - 1000 ft²,ACTIVE,93.72,3,3
PG-TEFF-1-LB,Teff Grass (Coated) - 1 lb,PHASED_OUT,93.16,8,13
W-IRMI-0.25-LB,Rocky Mountain Iris - 0.25lbs,PHASED_OUT,92.0,2,5
W-GICA-1-LB,Globe Gilia - 1lbs,PHASED_OUT,91.24,2,2
PG-SPCL,Rough Dropseed - 1 lb,PHASED_OUT,91.08,3,5
PB-SSAHB,Southwest Semi-Arid Steppe Honey Bee Pasture Mix - 1/2 Acre,PHASED_OUT,90.72,1,1
W-LUDE-N-1-LB,Golden Lupine - 1lbs,PHASED_OUT,90.5,1,1
PG-ECES-10-LB,Japanese Millet - 10 lbs,PHASED_OUT,89.04,2,2
W-AMMEI2-N-0.25-LB,Small-Flowered Fiddleneck - 0.25lbs,PHASED_OUT,88.32,3,4
W-GITR,Bird’s Eye Gilia - 1 Pack,PHASED_OUT,87.41,19,30
W-HEMA2-0.25-LB,Maximilian Sunflower - 0.25lbs,PHASED_OUT,87.25,5,5
W-AMMEI2-N,Small-Flowered Fiddleneck - 1 Pack,PHASED_OUT,87.2,13,29
PG-SIHY-1-LB,Bottlebrush Squirreltail - 1 lb,PHASED_OUT,87.11,3,3
W-SPCO2-1-LB,Coulter's Globemallow - 1lbs,PHASED_OUT,87.0,2,3
W-BASA,Arrowleaf Balsamroot - 1 Pack,PHASED_OUT,86.98,12,29
PG-ARFR-1-LB,Fringed Sagewort - 1 lb,PHASED_OUT,85.75,1,1
W-NATR-0.5-LB,Nasturtium Seeds - 0.5lbs,PHASED_OUT,84.15,8,8
WB-SF-1000-F,Spring Fever Wildflower Mix - 1000 ft²,PHASED_OUT,82.78,3,3
W-LUSP,Desert Lupine - 1 Pack,PHASED_OUT,82.73,12,24
W-GICA-0.5-LB,Globe Gilia - 0.5lbs,PHASED_OUT,82.02,2,3
TURF-WT-500-F,TWCA Water-Wise Tall Fescue Blend - 500 ft²,PHASED_OUT,81.76,1,1
W-CLPU2-N,Purple Clarkia - 1 Pack,PHASED_OUT,80.85,13,29
W-PEPU-0.25-LB,Purple Prairie Clover - 0.25lbs,PHASED_OUT,80.53,6,6
W-CLCO-N-0.25-LB,Red Ribbons - 0.25lbs,PHASED_OUT,80.31,1,1
PG-PANO-1-LB-OLD,Bahia Grass - 1 lb,PHASED_OUT,79.08,2,4
W-PHCR-0.25-LB,Desert Bluebells - 0.25lbs,PHASED_OUT,79.01,4,4
PB-SWTHB-0.5-A,Southwest Transitional Honey Bee Pasture Mix - 1/2 Acre,PHASED_OUT,78.11,1,1
W-COBI-0.25-LB,Garden Cosmos - 0.25lbs,PHASED_OUT,77.94,8,8
W-GICA,Globe Gilia - 1 Pack,PHASED_OUT,77.56,15,26
PG-ELVI-1-LB,Virginia Wildrye - 1 lb,PHASED_OUT,76.49,3,5
W-COHE,Chinese Houses - 1 Pack,PHASED_OUT,76.48,14,27
PB-IWUG,Intermountain West Upland Game Food Plot Mix - 1/2 Acre,PHASED_OUT,76.09,1,1
W-LAPL,Tidy Tips - 1 Pack,PHASED_OUT,75.76,14,19
PG-BRCA4-10-LB,African Cabbage - 10 lbs,PHASED_OUT,75.0,1,1
S-INNOC-5-LB-OLDS,Inoculant,PHASED_OUT,74.99,1,1
W-SPMU-1-LB,Munro Globemallow - 1lbs,PHASED_OUT,74.99,1,1
WB-SE-1000-F,Southeast Wildflower Mix - 1000 ft²,PHASED_OUT,74.97,3,3
W-HEWH-1-LB,Chaparral Yucca - 1lbs,PHASED_OUT,74.63,1,1
W-LUNA-N-0.5-LB,Sky Lupine - 0.5lbs,PHASED_OUT,74.09,1,1
W-RUAM-1-LB,Clasping Coneflower - 1lbs,PHASED_OUT,73.28,4,4
PG-ELDA-10-LB,Dahurian Wildrye - 10 lbs,PHASED_OUT,72.87,2,2
W-PEST-0.25-LB,Rocky Mountain Penstemon - 0.25lbs,PHASED_OUT,72.2,2,2
PB-GLUG-0.5-A,Great Lakes/New England Upland Game Food Plot Mix - 1/2 Acre,PHASED_OUT,69.08,1,1
W-CLAM-1-LB,Farewell-To-Spring - 1lbs,PHASED_OUT,68.04,1,1
W-HEHE-0.25-LB,False Sunflower - 0.25lbs,PHASED_OUT,68.0,4,4
PG-HODE2-N-1-LB,"Alkali Barley - 1 lb, Northern California",PHASED_OUT,68.0,1,1
W-LUBI-N-0.25-LB-OLD,"Miniature Lupine - 0.25lbs, Northern California",PHASED_OUT,67.78,2,2
W-LAOD-0.25-LB,Sweet Pea - 0.25lbs,PHASED_OUT,67.2,4,4
W-LUSP-0.25-LB,Desert Lupine - 0.25lbs,PHASED_OUT,67.07,1,1
W-ERLA-N,Woolly Sunflower - 1 Pack,PHASED_OUT,66.45,11,22
W-MOFI-0.5-LB,Wild Bergamot - 0.5lbs,PHASED_OUT,65.75,1,1
W-CLAM,Farewell-To-Spring - 1 Pack,PHASED_OUT,65.51,11,23
PG-AGTR2-1-LB,Pubescent Wheatgrass - 1 lbs,PHASED_OUT,64.59,6,6
W-LOMA-0.25-LB,Sweet Alyssum - 0.25lbs,PHASED_OUT,64.59,5,5
PG-ELCA,Canada Wildrye - 1 lb,PHASED_OUT,64.38,2,4
PG-PAMI,White Proso Millet - 25 lbs,PHASED_OUT,63.88,1,1
PG-SOSU-25-LB,Sudangrass - 25 lbs,PHASED_OUT,63.88,1,1
W-PEPA-0.5-LB,Palmer's Penstemon - 0.5lbs,PHASED_OUT,63.53,1,1
PG-BRCNA-1-LB,Hybrid Forage Brassica - 1 lb,PHASED_OUT,63.0,4,6
PG-ABES-10-LB,Okra - 10 lbs,PHASED_OUT,61.88,1,1
W-SPCO2,Coulter's Globemallow - 1 Pack,PHASED_OUT,61.8,15,20
W-ZIAU-1-LB,Golden Alexander - 1lbs,PHASED_OUT,60.19,1,1
W-HEBO-0.25-LB,Utah Sweetvetch - 0.25lbs,PHASED_OUT,60.16,1,1
W-ENPI-0.25-LB,Englemann Daisy - 0.25lbs,PHASED_OUT,59.5,1,1
W-IRMI,Rocky Mountain Iris - 1 Pack,PHASED_OUT,59.39,14,18
W-PEST-0.5-LB,Rocky Mountain Penstemon - 0.5lbs,PHASED_OUT,58.99,1,1
W-ECPA-0.25-LB,Pale Purple Coneflower - 0.25lbs,PHASED_OUT,58.76,2,2
W-LISP-0.25-LB,Spiked Gayfeather - 0.25lbs,PHASED_OUT,58.5,2,2
W-CHAL-0.25-LB,Wallflower - 0.25lbs,PHASED_OUT,58.41,4,5
PG-VIRA4-1-LB,Mung Beans - 1 lb,PHASED_OUT,58.14,5,9
W-LIRU-0.25-LB,Scarlet Flax - 0.25lbs,PHASED_OUT,57.93,4,4
W-SPMU-0.5-LB,Munro Globemallow - 0.5lbs,PHASED_OUT,57.47,1,1
PG-AGEL-1-LB,Tall Wheatgrass - 1 lb,PHASED_OUT,56.86,9,9
PG-BRNA,Rapeseed - 1 lb,PHASED_OUT,56.25,10,10
W-LUDE-N-0.5-LB,Golden Lupine - 0.5lbs,PHASED_OUT,55.48,1,1
PG-PEGL2-10-LB,Hybrid Pearl Millet - 10 lbs,PHASED_OUT,54.38,1,1
W-LAOD,Sweet Pea - 5 Pack,PHASED_OUT,53.86,5,10
W-LIGR-1-LB,Mountain Phlox - 1lbs,PHASED_OUT,53.72,1,1
PB-SWDHB-500-F,Southwest Desert Honey Bee Pasture Mix - 500 ft²,PHASED_OUT,53.69,4,4
W-RUAM-0.25-LB,Clasping Coneflower - 0.25lbs,PHASED_OUT,53.67,5,5
PG-ECES-1-LB,Japanese Millet - 1 lb,PHASED_OUT,53.55,6,11
PG-CALO-1-LB,Prairie Sand Reed - 1 lb,PHASED_OUT,53.35,2,3
W-GAAR-0.5-LB,Blanket Flower - 0.5lbs,PHASED_OUT,53.17,2,2
W-DIPU-0.25-LB,Purple Foxglove - 0.25lbs,PHASED_OUT,53.13,1,1
PG-LASA,Chickling Vetch - 1 lb,PHASED_OUT,53.02,6,9
W-LIRU-1-LB,Scarlet Flax - 1lbs,PHASED_OUT,52.43,1,1
W-AMCA-0.25-LB,Lead Plant - 0.25lbs,PHASED_OUT,52.19,1,1
W-GICA-0.25-LB,Globe Gilia - 0.25lbs,PHASED_OUT,51.99,3,3
W-HEWH-0.5-LB,Chaparral Yucca - 0.5lbs,PHASED_OUT,51.71,1,1
W-RACOY-0.5-LB,Yellow Prairie Coneflower - 0.5lbs,PHASED_OUT,51.17,2,2
W-PHCA,California Bluebell - 1 Pack,PHASED_OUT,51.13,11,18
W-RAPI,Grayhead Prairie Coneflower - 1lbs,PHASED_OUT,50.75,1,1
PB-COSS-0.25-LB-OLD,Coastal Sage Scrub Mix - 0.25 lbs,PHASED_OUT,50.0,1,1
WB-CCN-0.5-LB-OLD,California Coastal Native Wildflower Mix,PHASED_OUT,49.99,1,1
PB-MWUG-0.5-A,Mid-West/Mid-Atlantic Upland Game Food Plot Mix - 1/2 Acre,PHASED_OUT,49.99,1,1
PG-SECE-OLD,Cereal Rye Seed - 5 lbs,PHASED_OUT,49.98,1,2
W-HEWH-0.25-LB,Chaparral Yucca - 0.25lbs,PHASED_OUT,49.74,2,2
PG-ELDA-1-LB,Dahurian Wildrye - 1 lb,PHASED_OUT,49.06,6,9
PG-POPR-10-LB-OLD,Kentucky Bluegrass - 10 lbs,PHASED_OUT,48.88,1,1
W-SPCO2-0.25-LB,Coulter's Globemallow - 0.25lbs,PHASED_OUT,47.91,4,4
W-NEMA,Five Spot - 1 Pack,PHASED_OUT,47.53,9,16
W-VETE-0.25-LB,Moss Verbena - 0.25lbs,PHASED_OUT,47.42,1,1
W-VEST-0.25-LB,Hoary Vervain - 0.25lbs,PHASED_OUT,47.19,1,1
PB-SSAHB-2000-F,Southwest Semi-Arid Steppe Honey Bee Pasture Mix - 2000 ft²,PHASED_OUT,47.01,2,2
W-LIRU-0.5-LB,Scarlet Flax - 0.5lbs,PHASED_OUT,46.71,2,2
W-VIMU,Showy Goldeneye - 1 Pack,PHASED_OUT,46.23,6,15
W-CLWI-N,Fort Miller Clarkia - 1 Pack,PHASED_OUT,46.05,6,17
W-PEPA,Palmer's Penstemon - 1 Pack,PHASED_OUT,46.03,6,17
WB-RM-500-F-OLD,Rocky Mountain Wildflower Mix - 500 ft²,PHASED_OUT,44.97,2,3
PB-MWPB-1000-F,Mid-West/Mid-Atlantic Poultry Forage Mix - 1000 ft²,PHASED_OUT,44.97,3,3
W-PARH,Shirley Poppy - 1 Pack,PHASED_OUT,44.25,4,17
W-ECPU-0.5-LB,Purple Coneflower - 0.5lbs,PHASED_OUT,44.09,2,2
PG-VISA,Common Vetch - 1 lb,PHASED_OUT,43.5,3,3
W-LILE,Lewis Blue Flax - 1 Pack,PHASED_OUT,43.35,7,16
PG-BROL-10-LB,Collards - 10 lbs,PHASED_OUT,43.13,1,1
W-SPCO2-0.5-LB,Coulter's Globemallow - 0.5lbs,PHASED_OUT,43.06,1,2
W-PHTA,"Lacy Phacelia - 1 Pack, Native Variety",PHASED_OUT,42.68,6,14
W-SACO-0.25-LB,Scarlet Sage - 0.25lbs,PHASED_OUT,42.5,1,2
W-ASSY,Common Milkweed - 1 Pack,PHASED_OUT,41.95,10,14
PG-AGIN-1-LB,Intermediate Wheatgrass - 1 lb,PHASED_OUT,41.94,4,6
W-HEAU-0.25-LB,Sneezeweed - 0.25lbs,PHASED_OUT,41.5,1,1
PG-BEVU-1-LB,Sugar Beets - 1 lb,PHASED_OUT,41.25,3,3
W-RACOY-1-LB,Yellow Prairie Coneflower - 1lbs,PHASED_OUT,41.17,1,1
W-ARPL-0.25-LB,Prickly Poppy - 0.25lbs,PHASED_OUT,40.58,2,2
W-LIMA,Baby Snapdragon - 1 Pack,PHASED_OUT,40.5,8,13
WB-NW-2000-F,Northwest Wildflower Mix - 2000 ft²,PHASED_OUT,39.99,1,1
T213,TWCA Water-Wise Northwest Turf Mix - 5 lbs,PHASED_OUT,39.99,1,1
PG-PAMI-1-LB,White Proso Millet - 1 lbs,PHASED_OUT,39.75,8,12
W-LIGR-0.25-LB,Mountain Phlox - 0.25lbs,PHASED_OUT,39.72,2,2
PB-SSAHB-500-F,Southwest Semi-Arid Steppe Honey Bee Pasture Mix - 500 ft²,PHASED_OUT,39.64,3,3
W-PHCR,Desert Bluebells - 1 Pack,PHASED_OUT,36.75,7,13
W-LOSC2,Deerweed - 1 Pack,PHASED_OUT,35.85,9,13
W-ENFA-OLD,Brittlebush - 1 Pack,PHASED_OUT,35.0,6,10
PG-PHPR-5-LB-OLD,Timothy,PHASED_OUT,34.99,1,1
PG-LOPE-5-LB-OLD,Perennial Ryegrass,PHASED_OUT,34.99,1,1
PG-DAGL-5-LB-OLD,Orchardgrass,PHASED_OUT,34.99,1,1
PG-ABES-1-LB,Okra - 1 lb,PHASED_OUT,34.87,5,5
W-LODI-0.25-LB,Fernleaf Biscuitroot - 0.25lbs,PHASED_OUT,34.71,1,1
PG-SOSU-1-LB,Sudangrass - 1 lb,PHASED_OUT,34.0,6,10
W-NATR,Nasturtium Seeds - 1 Pack,PHASED_OUT,33.38,7,11
W-PEST,Rocky Mountain Penstemon - 1 Pack,PHASED_OUT,33.28,6,11
W-CACI2-N,Red Maids - 1 Pack,PHASED_OUT,32.05,8,11
WB-NW,Northwest Wildflower Mix - 500 ft²,PHASED_OUT,31.98,2,2
W-CHAL-1-LB,Wallflower - 1lbs,PHASED_OUT,30.0,1,1
W-VETE-1-LB,Moss Verbena - 1lbs,PHASED_OUT,29.99,1,1
PG-FEME-1-LB,Zorro Fescue - 1 lb,PHASED_OUT,29.44,2,2
PG-ASCI-1-LB,Cicer Milkvetch - 1 lb,PHASED_OUT,28.56,3,3
W-SEMA2-0.25-LB,Maryland Senna - 0.25lbs,PHASED_OUT,27.5,1,1
W-LAFR4-N,Fremont's Goldfields - 1 Pack,PHASED_OUT,27.0,2,6
W-NEME,Baby Blue Eyes - 1 Pack,PHASED_OUT,26.98,8,9
W-VETE-0.5-LB,Moss Verbena - 0.5lbs,PHASED_OUT,25.98,2,2
PG-HOVU-1-LB,Barley - 1 lb,PHASED_OUT,25.4,5,14
W-HEHE-1-LB,False Sunflower - 1lbs,PHASED_OUT,24.99,1,1
W-AQCO,Colorado Columbine - 1 Pack,PHASED_OUT,24.15,6,8
W-GRCA-N-0.25-LB,Gum Plant - 0.25lbs,PHASED_OUT,24.08,1,1
W-SIAR-1-LB,Sweet William Catchfly - 1lbs,PHASED_OUT,23.45,1,1
PG-STVI-1-LB,Green Needlegrass - 1 lb,PHASED_OUT,23.12,1,2
W-ENFA-0.5-LB-OLD,Brittlebush - 0.5lbs,PHASED_OUT,22.38,1,1
W-PEPU,Purple Prairie Clover - 1 Pack,PHASED_OUT,21.48,5,7
W-DIPU,Purple Foxglove - 1 Pack,PHASED_OUT,20.95,5,7
LLWB-SW-500-F,Sun &amp; Shade Wildflower Mix - 500 ft²,PHASED_OUT,19.99,1,1
W-HEBO,Utah Sweetvetch - 1 Pack,PHASED_OUT,19.0,5,6
W-HEWH,Chaparral Yucca - 1 Pack,PHASED_OUT,18.75,3,7
W-MOCI,Lemon Mint - 1 Pack,PHASED_OUT,18.0,2,6
PG-CRJU-1-LB,Sunn Hemp - 1 lb,PHASED_OUT,17.19,3,3
W-CHAL,Wallflower - 0.5lbs,PHASED_OUT,16.28,1,1
W-COTI,Plains Coreopsis - 1 Pack,PHASED_OUT,16.0,4,5
PG-ELJU-1-LB,Russian Wildrye - 1 lb,PHASED_OUT,15.94,1,1
W-LUAR,Arizona Lupine - 1 Pack,PHASED_OUT,15.75,2,6
W-GYEL,Baby’s Breath - 1 Pack,PHASED_OUT,14.9,2,5
PB-SSAHB-1000-F,Southwest Semi-Arid Steppe Honey Bee Pasture Mix - 1000 ft²,PHASED_OUT,14.8,1,1
W-OEBI,Yellow Evening Primrose - 1 Pack,PHASED_OUT,14.24,2,6
W-LIGR,Mountain Phlox - 1 Pack,PHASED_OUT,13.65,3,5
W-HEMA2,Maximilian Sunflower - 1 Pack,PHASED_OUT,12.05,3,4
W-SPAM,Desert Globemallow - 1 Pack,PHASED_OUT,12.0,3,4
W-ECPU,Purple Coneflower - 1 Pack,PHASED_OUT,10.65,2,4
W-CLSE,Rocky Mountain Beeplant - 1 Pack,PHASED_OUT,9.0,3,3
PG-KALE-1-LB,Kale - 1 lb,PHASED_OUT,7.5,1,1
W-ESME,Mexican Gold Poppy - 1 Pack,PHASED_OUT,7.2,1,3
W-DEIL-0.25-LB,Illinois Bundle Flower - 0.25lbs,PHASED_OUT,7.0,1,1
W-VETE,Moss Verbena - 1 Pack,PHASED_OUT,6.0,1,2
W-RACOY,Yellow Prairie Coneflower - 1 Pack,PHASED_OUT,5.55,2,2
W-LUNA,"Sky Lupine - 1 Pack, Northern California",PHASED_OUT,5.4,2,2
W-ARPL,Prickly Poppy - 1 Pack,PHASED_OUT,3.5,1,1
W-ASLA,Smooth Aster - 1 Pack,PHASED_OUT,3.5,1,1
W-LISP,Spiked Gayfeather - 1 Pack,PHASED_OUT,3.0,1,1
W-SIAR,Sweet William Catchfly - 1 Pack,PHASED_OUT,3.0,1,1
W-PHIM-N,Imbricate Phacelia - 1 Pack,PHASED_OUT,3.0,1,1
W-GRST3-N,Coastal Gumweed - 1 Pack,PHASED_OUT,3.0,1,1
W-ASSP,Showy Milkweed - 1 Pack,PHASED_OUT,2.98,1,1
W-OEHO,Hooker's Evening Primrose - 1 Pack,PHASED_OUT,2.55,1,1
PG-PEGL2,Hybrid Pearl Millet - 25 lbs,PHASED_OUT,0.0,1,1
PG-BRMO-25-LB,Blando Brome Grass - 25 lbs,PHASED_OUT,0.0,1,2
